Application_ID,Application_Date,Month,Product_Type,Branch_Tier,State,Status,Loan_Amount,Customer_Segment,TAT_Application_Submission_hrs,SLA_Breach_Application_Submission,TAT_Document_Verification_hrs,SLA_Breach_Document_Verification,TAT_Credit_Assessment_hrs,SLA_Breach_Credit_Assessment,TAT_Approval_Rejection_hrs,SLA_Breach_Approval_Rejection,TAT_Loan_Disbursal_hrs,SLA_Breach_Loan_Disbursal,Total_TAT_hrs,Total_TAT_days,SLA_Breached
AU2024000,2024-01-13,2024-01,Business Loan,Rural,Gujarat,Rejected,79000.0,Salaried,8.6,1,55.2,1,82.3,1,24.7,1,0.0,0,170.8,7.1,1
AU2024001,2024-05-05,2024-05,MSME Loan,Rural,Uttar Pradesh,Disbursed,381000.0,Salaried,9.8,1,35.0,1,76.0,1,19.8,1,26.7,1,167.3,7.0,1
AU2024002,2024-03-12,2024-03,Vehicle Finance,Urban,Madhya Pradesh,Disbursed,124000.0,MSME Owner,2.8,0,16.2,0,26.2,0,4.4,0,13.3,0,62.9,2.6,0
AU2024003,2024-12-12,2024-12,Personal Loan,Urban,Gujarat,Pending Documents,50000.0,Farmer,5.2,0,12.9,0,14.3,0,9.5,0,11.3,0,53.2,2.2,0
AU2024004,2024-02-14,2024-02,Personal Loan,Semi-Urban,Karnataka,Disbursed,208000.0,MSME Owner,5.9,0,24.5,1,34.4,0,10.2,0,27.5,1,102.5,4.3,1
AU2024005,2024-08-04,2024-08,Home Loan,Rural,Odisha,Under Review,412000.0,Self-Employed,17.2,1,36.2,1,33.4,0,0.0,0,0.0,0,86.8,3.6,1
AU2024006,2024-01-16,2024-01,Business Loan,Urban,Rajasthan,Under Review,61000.0,Self-Employed,2.6,0,20.8,0,19.1,0,0.0,0,0.0,0,42.5,1.8,0
AU2024007,2024-04-21,2024-04,Personal Loan,Urban,Gujarat,Under Review,102000.0,MSME Owner,4.9,0,20.3,0,13.8,0,0.0,0,0.0,0,39.0,1.6,0
AU2024008,2024-09-15,2024-09,MSME Loan,Semi-Urban,Madhya Pradesh,Disbursed,221000.0,Salaried,8.4,1,27.3,1,70.2,1,13.7,0,12.2,0,131.8,5.5,1
AU2024009,2024-01-14,2024-01,Home Loan,Rural,Odisha,Disbursed,171000.0,MSME Owner,12.9,1,61.8,1,44.5,0,12.5,0,21.2,0,152.9,6.4,1
AU2024010,2024-04-11,2024-04,Personal Loan,Semi-Urban,Karnataka,Disbursed,725000.0,Salaried,6.5,0,30.1,1,24.9,0,8.9,0,15.2,0,85.6,3.6,1
AU2024011,2024-08-02,2024-08,Personal Loan,Rural,Karnataka,Under Review,274000.0,Self-Employed,16.7,1,52.9,1,33.0,0,0.0,0,0.0,0,102.6,4.3,1
AU2024012,2024-08-17,2024-08,MSME Loan,Rural,Madhya Pradesh,Disbursed,202000.0,Self-Employed,16.2,1,55.0,1,33.6,0,21.2,1,30.5,1,156.5,6.5,1
AU2024013,2024-05-22,2024-05,Personal Loan,Urban,Odisha,Disbursed,179000.0,Farmer,3.3,0,16.3,0,28.9,0,6.9,0,17.7,0,73.1,3.0,0
AU2024014,2025-01-23,2025-01,MSME Loan,Urban,Rajasthan,Disbursed,82000.0,Salaried,4.4,0,16.0,0,18.1,0,6.2,0,16.9,0,61.6,2.6,0
AU2024015,2024-12-23,2024-12,Personal Loan,Urban,Maharashtra,Disbursed,90000.0,Farmer,3.0,0,18.8,0,30.3,0,5.9,0,14.7,0,72.7,3.0,0
AU2024016,2024-06-23,2024-06,Business Loan,Semi-Urban,Haryana,Disbursed,102000.0,MSME Owner,5.9,0,16.5,0,27.1,0,15.1,0,22.2,0,86.8,3.6,0
AU2024017,2024-03-20,2024-03,Personal Loan,Semi-Urban,Uttar Pradesh,Disbursed,292000.0,Self-Employed,5.0,0,28.6,1,29.6,0,19.2,1,12.5,0,94.9,4.0,1
AU2024018,2025-05-05,2025-05,Business Loan,Urban,Madhya Pradesh,Pending Documents,181000.0,MSME Owner,5.3,0,16.9,0,37.7,0,5.9,0,7.1,0,72.9,3.0,0
AU2024019,2024-02-22,2024-02,MSME Loan,Rural,Punjab,Disbursed,495000.0,Salaried,11.5,1,50.1,1,106.6,1,28.0,1,41.4,1,237.6,9.9,1
AU2024020,2024-07-13,2024-07,Vehicle Finance,Urban,Gujarat,Disbursed,344000.0,Salaried,2.4,0,18.6,0,12.1,0,5.3,0,12.6,0,51.0,2.1,0
AU2024021,2024-07-02,2024-07,Home Loan,Semi-Urban,Gujarat,Disbursed,682000.0,MSME Owner,5.4,0,27.7,1,40.4,0,15.8,0,25.3,1,114.6,4.8,1
AU2024022,2024-11-05,2024-11,Home Loan,Semi-Urban,Punjab,Disbursed,59000.0,Salaried,9.8,1,30.3,1,44.8,0,15.6,0,24.3,1,124.8,5.2,1
AU2024023,2025-02-17,2025-02,Vehicle Finance,Semi-Urban,Uttar Pradesh,Disbursed,115000.0,Salaried,8.3,1,18.7,0,18.7,0,15.7,0,13.2,0,74.6,3.1,1
AU2024024,2025-01-08,2025-01,MSME Loan,Rural,Rajasthan,Under Review,234000.0,Farmer,17.6,1,54.7,1,57.1,1,0.0,0,0.0,0,129.4,5.4,1
AU2024025,2024-10-01,2024-10,Business Loan,Urban,Tamil Nadu,Disbursed,606000.0,Farmer,4.8,0,17.1,0,20.0,0,8.9,0,17.9,0,68.7,2.9,0
AU2024026,2025-05-13,2025-05,Personal Loan,Semi-Urban,Gujarat,Under Review,701000.0,MSME Owner,6.2,0,19.0,0,42.3,0,0.0,0,0.0,0,67.5,2.8,0
AU2024027,2024-02-10,2024-02,MSME Loan,Semi-Urban,Haryana,Disbursed,867000.0,MSME Owner,7.9,0,28.8,1,65.6,1,18.7,1,16.1,0,137.1,5.7,1
AU2024028,2024-05-30,2024-05,Business Loan,Urban,Karnataka,Disbursed,257000.0,Self-Employed,3.1,0,17.5,0,17.3,0,4.3,0,15.9,0,58.1,2.4,0
AU2024029,2025-03-29,2025-03,Business Loan,Urban,Odisha,Disbursed,149000.0,MSME Owner,2.9,0,18.0,0,19.5,0,4.4,0,12.4,0,57.2,2.4,0
AU2024030,2024-10-22,2024-10,Vehicle Finance,Semi-Urban,Punjab,Rejected,273000.0,Salaried,8.8,1,18.5,0,31.2,0,8.9,0,0.0,0,67.4,2.8,1
AU2024031,2024-12-26,2024-12,MSME Loan,Rural,Madhya Pradesh,Rejected,436000.0,Self-Employed,9.7,1,29.6,1,53.5,1,21.9,1,0.0,0,114.7,4.8,1
AU2024032,2024-01-24,2024-01,Home Loan,Urban,Gujarat,Pending Documents,406000.0,Self-Employed,3.7,0,16.4,0,20.5,0,10.1,0,6.2,0,56.9,2.4,0
AU2024033,2025-01-30,2025-01,Personal Loan,Urban,Madhya Pradesh,Disbursed,1650000.0,Farmer,4.8,0,15.6,0,14.3,0,7.9,0,11.7,0,54.3,2.3,0
AU2024034,2024-02-10,2024-02,Personal Loan,Semi-Urban,Uttar Pradesh,Disbursed,1465000.0,Salaried,6.2,0,27.0,1,33.1,0,18.3,1,21.9,0,106.5,4.4,1
AU2024035,2025-03-19,2025-03,Personal Loan,Urban,Madhya Pradesh,Disbursed,1150000.0,Salaried,4.3,0,23.0,0,25.8,0,7.1,0,13.7,0,73.9,3.1,0
AU2024036,2024-07-13,2024-07,Vehicle Finance,Semi-Urban,Gujarat,Pending Documents,435000.0,Farmer,5.2,0,13.7,0,21.0,0,8.2,0,11.7,0,59.8,2.5,0
AU2024037,2024-08-20,2024-08,Home Loan,Urban,Uttar Pradesh,Disbursed,238000.0,MSME Owner,2.1,0,31.2,1,18.8,0,4.9,0,14.4,0,71.4,3.0,1
AU2024038,2024-03-24,2024-03,Vehicle Finance,Rural,Punjab,Rejected,134000.0,Salaried,15.5,1,53.0,1,71.5,1,19.4,1,0.0,0,159.4,6.6,1
AU2024039,2024-06-30,2024-06,Home Loan,Urban,Punjab,Pending Documents,704000.0,Farmer,3.7,0,29.5,1,30.1,0,4.8,0,16.8,0,84.9,3.5,1
AU2024040,2024-12-09,2024-12,Vehicle Finance,Rural,Madhya Pradesh,Disbursed,206000.0,Salaried,17.1,1,27.3,1,39.3,0,29.1,1,46.5,1,159.3,6.6,1
AU2024041,2024-12-25,2024-12,Vehicle Finance,Semi-Urban,Uttar Pradesh,Disbursed,687000.0,Salaried,6.0,0,28.1,1,40.6,0,17.5,1,24.2,1,116.4,4.9,1
AU2024042,2024-11-07,2024-11,Personal Loan,Semi-Urban,Gujarat,Disbursed,50000.0,Farmer,6.1,0,14.8,0,22.3,0,17.1,1,21.1,0,81.4,3.4,1
AU2024043,2024-09-30,2024-09,Personal Loan,Urban,Maharashtra,Rejected,1881000.0,Salaried,5.3,0,19.3,0,14.0,0,4.7,0,0.0,0,43.3,1.8,0
AU2024044,2024-03-24,2024-03,Business Loan,Urban,Madhya Pradesh,Under Review,129000.0,Salaried,5.1,0,16.9,0,33.4,0,0.0,0,0.0,0,55.4,2.3,0
AU2024045,2024-07-13,2024-07,Vehicle Finance,Urban,Tamil Nadu,Disbursed,1198000.0,Salaried,2.5,0,9.9,0,27.6,0,10.0,0,13.0,0,63.0,2.6,0
AU2024046,2025-04-18,2025-04,MSME Loan,Urban,Uttar Pradesh,Disbursed,184000.0,Farmer,2.0,0,23.5,0,17.8,0,11.1,0,12.3,0,66.7,2.8,0
AU2024047,2024-04-22,2024-04,MSME Loan,Urban,Karnataka,Disbursed,444000.0,Farmer,4.1,0,18.1,0,44.5,0,7.6,0,13.5,0,87.8,3.7,0
AU2024048,2025-03-07,2025-03,Vehicle Finance,Rural,Punjab,Disbursed,238000.0,Self-Employed,10.8,1,30.8,1,46.3,0,18.4,1,35.5,1,141.8,5.9,1
AU2024049,2024-04-27,2024-04,Personal Loan,Rural,Rajasthan,Pending Documents,785000.0,MSME Owner,13.4,1,35.1,1,63.1,1,24.3,1,22.9,0,158.8,6.6,1
AU2024050,2025-02-16,2025-02,MSME Loan,Rural,Rajasthan,Pending Documents,607000.0,Self-Employed,17.3,1,55.2,1,36.7,0,12.5,0,29.3,1,151.0,6.3,1
AU2024051,2024-07-24,2024-07,MSME Loan,Rural,Punjab,Disbursed,1362000.0,Self-Employed,11.8,1,58.9,1,102.1,1,27.1,1,32.1,1,232.0,9.7,1
AU2024052,2024-02-03,2024-02,Business Loan,Urban,Uttar Pradesh,Disbursed,357000.0,Farmer,6.0,0,16.9,0,47.5,0,11.6,0,16.2,0,98.2,4.1,0
AU2024053,2025-04-12,2025-04,Personal Loan,Semi-Urban,Madhya Pradesh,Disbursed,374000.0,Farmer,7.6,0,17.5,0,38.2,0,15.4,0,16.4,0,95.1,4.0,0
AU2024054,2025-03-24,2025-03,Personal Loan,Semi-Urban,Odisha,Disbursed,304000.0,Farmer,7.3,0,25.5,1,44.3,0,12.8,0,12.4,0,102.3,4.3,1
AU2024055,2024-04-18,2024-04,Personal Loan,Rural,Punjab,Disbursed,1478000.0,MSME Owner,10.1,1,28.9,1,24.7,0,18.3,1,35.7,1,117.7,4.9,1
AU2024056,2024-07-21,2024-07,Business Loan,Semi-Urban,Tamil Nadu,Under Review,334000.0,MSME Owner,6.4,0,26.9,1,69.0,1,0.0,0,0.0,0,102.3,4.3,1
AU2024057,2024-03-14,2024-03,MSME Loan,Semi-Urban,Tamil Nadu,Disbursed,50000.0,Self-Employed,9.9,1,23.8,0,41.8,0,15.6,0,14.3,0,105.4,4.4,1
AU2024058,2024-03-12,2024-03,Personal Loan,Urban,Uttar Pradesh,Disbursed,80000.0,Salaried,5.6,0,15.6,0,28.0,0,5.4,0,8.3,0,62.9,2.6,0
AU2024059,2025-01-16,2025-01,Personal Loan,Urban,Madhya Pradesh,Disbursed,459000.0,Salaried,2.4,0,9.9,0,23.1,0,5.7,0,10.4,0,51.5,2.1,0
AU2024060,2024-10-02,2024-10,Vehicle Finance,Semi-Urban,Karnataka,Disbursed,473000.0,Salaried,9.2,1,34.1,1,19.8,0,11.3,0,24.5,1,98.9,4.1,1
AU2024061,2025-01-17,2025-01,Home Loan,Urban,Uttar Pradesh,Disbursed,1010000.0,Self-Employed,3.9,0,26.1,1,20.9,0,7.7,0,15.0,0,73.6,3.1,1
AU2024062,2024-08-07,2024-08,Personal Loan,Urban,Odisha,Rejected,277000.0,Self-Employed,2.4,0,15.2,0,24.8,0,5.9,0,0.0,0,48.3,2.0,0
AU2024063,2024-07-23,2024-07,Business Loan,Urban,Odisha,Disbursed,779000.0,Salaried,3.3,0,9.9,0,52.5,1,8.7,0,14.1,0,88.5,3.7,1
AU2024064,2024-04-22,2024-04,Home Loan,Semi-Urban,Punjab,Disbursed,3656000.0,MSME Owner,6.6,0,20.0,0,26.5,0,12.4,0,21.6,0,87.1,3.6,0
AU2024065,2024-09-17,2024-09,Vehicle Finance,Urban,Maharashtra,Pending Documents,819000.0,Self-Employed,2.9,0,9.6,0,15.7,0,6.0,0,7.9,0,42.1,1.8,0
AU2024066,2024-02-16,2024-02,Personal Loan,Urban,Tamil Nadu,Disbursed,50000.0,Farmer,2.4,0,14.4,0,35.3,0,10.9,0,15.8,0,78.8,3.3,0
AU2024067,2025-03-16,2025-03,Business Loan,Urban,Rajasthan,Rejected,570000.0,Farmer,4.2,0,17.1,0,27.5,0,10.2,0,0.0,0,59.0,2.5,0
AU2024068,2024-03-19,2024-03,Business Loan,Semi-Urban,Gujarat,Disbursed,162000.0,Self-Employed,5.7,0,25.9,1,32.9,0,13.8,0,19.6,0,97.9,4.1,1
AU2024069,2025-02-09,2025-02,Personal Loan,Urban,Maharashtra,Disbursed,191000.0,Salaried,6.0,0,13.2,0,31.4,0,6.0,0,14.2,0,70.8,2.9,0
AU2024070,2024-11-01,2024-11,Home Loan,Semi-Urban,Haryana,Disbursed,50000.0,Farmer,9.0,1,52.6,1,21.7,0,16.8,1,26.9,1,127.0,5.3,1
AU2024071,2024-07-16,2024-07,Personal Loan,Urban,Gujarat,Rejected,86000.0,Self-Employed,5.4,0,10.2,0,31.1,0,5.6,0,0.0,0,52.3,2.2,0
AU2024072,2024-11-01,2024-11,Personal Loan,Rural,Haryana,Rejected,50000.0,Farmer,11.9,1,53.4,1,45.1,0,18.8,1,0.0,0,129.2,5.4,1
AU2024073,2024-09-27,2024-09,Business Loan,Semi-Urban,Tamil Nadu,Disbursed,399000.0,Salaried,9.4,1,21.2,0,52.7,1,18.9,1,21.2,0,123.4,5.1,1
AU2024074,2025-05-12,2025-05,Personal Loan,Rural,Uttar Pradesh,Disbursed,103000.0,MSME Owner,14.2,1,43.2,1,66.9,1,26.2,1,22.6,0,173.1,7.2,1
AU2024075,2025-03-16,2025-03,Business Loan,Urban,Karnataka,Rejected,173000.0,Salaried,4.3,0,20.2,0,51.9,1,6.7,0,0.0,0,83.1,3.5,1
AU2024076,2024-12-14,2024-12,Personal Loan,Rural,Rajasthan,Disbursed,1105000.0,Salaried,10.3,1,50.0,1,58.6,1,23.5,1,38.8,1,181.2,7.5,1
AU2024077,2024-12-15,2024-12,Vehicle Finance,Urban,Gujarat,Disbursed,165000.0,Salaried,5.6,0,17.3,0,21.6,0,7.7,0,17.4,0,69.6,2.9,0
AU2024078,2025-01-19,2025-01,Personal Loan,Semi-Urban,Karnataka,Disbursed,215000.0,Farmer,9.6,1,25.6,1,38.9,0,19.1,1,22.7,0,115.9,4.8,1
AU2024079,2025-01-28,2025-01,Personal Loan,Semi-Urban,Uttar Pradesh,Disbursed,283000.0,Self-Employed,8.4,1,34.4,1,45.8,0,13.4,0,12.0,0,114.0,4.8,1
AU2024080,2024-02-27,2024-02,MSME Loan,Rural,Punjab,Disbursed,4380000.0,Self-Employed,8.5,1,36.1,1,98.8,1,12.1,0,28.0,1,183.5,7.6,1
AU2024081,2024-08-10,2024-08,Business Loan,Semi-Urban,Uttar Pradesh,Under Review,478000.0,Salaried,6.1,0,29.7,1,48.1,1,0.0,0,0.0,0,83.9,3.5,1
AU2024082,2024-08-20,2024-08,Personal Loan,Urban,Maharashtra,Disbursed,650000.0,Self-Employed,4.3,0,18.1,0,12.3,0,9.3,0,8.1,0,52.1,2.2,0
AU2024083,2025-05-03,2025-05,MSME Loan,Urban,Rajasthan,Disbursed,226000.0,Salaried,6.0,0,16.0,0,40.4,0,4.5,0,15.0,0,81.9,3.4,0
AU2024084,2025-05-12,2025-05,Personal Loan,Rural,Uttar Pradesh,Disbursed,4533000.0,Salaried,15.8,1,40.3,1,49.2,1,19.9,1,30.0,1,155.2,6.5,1
AU2024085,2025-01-25,2025-01,Vehicle Finance,Urban,Karnataka,Disbursed,79000.0,Farmer,5.8,0,14.0,0,18.5,0,9.2,0,10.9,0,58.4,2.4,0
AU2024086,2024-09-16,2024-09,Personal Loan,Urban,Maharashtra,Rejected,243000.0,Salaried,2.9,0,18.8,0,12.5,0,4.8,0,0.0,0,39.0,1.6,0
AU2024087,2025-03-21,2025-03,Personal Loan,Semi-Urban,Gujarat,Disbursed,277000.0,Salaried,5.5,0,29.3,1,43.7,0,18.0,1,17.1,0,113.6,4.7,1
AU2024088,2025-03-06,2025-03,Home Loan,Urban,Uttar Pradesh,Disbursed,50000.0,Farmer,5.3,0,18.9,0,18.2,0,7.0,0,13.1,0,62.5,2.6,0
AU2024089,2024-11-07,2024-11,Business Loan,Semi-Urban,Karnataka,Disbursed,1869000.0,Self-Employed,6.6,0,19.1,0,73.4,1,17.2,1,12.5,0,128.8,5.4,1
AU2024090,2024-03-19,2024-03,MSME Loan,Semi-Urban,Madhya Pradesh,Under Review,185000.0,Salaried,5.6,0,25.0,1,57.3,1,0.0,0,0.0,0,87.9,3.7,1
AU2024091,2025-01-25,2025-01,MSME Loan,Rural,Punjab,Disbursed,1180000.0,Salaried,10.7,1,24.7,1,108.0,1,14.1,0,35.3,1,192.8,8.0,1
AU2024092,2024-10-03,2024-10,Business Loan,Semi-Urban,Maharashtra,Rejected,160000.0,Salaried,4.8,0,33.6,1,69.6,1,15.2,0,0.0,0,123.2,5.1,1
AU2024093,2025-04-15,2025-04,Home Loan,Urban,Karnataka,Under Review,479000.0,Self-Employed,3.5,0,23.5,0,13.1,0,0.0,0,0.0,0,40.1,1.7,0
AU2024094,2024-11-02,2024-11,Personal Loan,Semi-Urban,Rajasthan,Disbursed,50000.0,Self-Employed,8.3,1,19.1,0,35.0,0,13.7,0,21.9,0,98.0,4.1,1
AU2024095,2024-09-07,2024-09,MSME Loan,Semi-Urban,Punjab,Disbursed,111000.0,Salaried,5.6,0,26.3,1,27.6,0,14.0,0,20.7,0,94.2,3.9,1
AU2024096,2024-02-27,2024-02,Business Loan,Rural,Rajasthan,Disbursed,327000.0,Self-Employed,14.9,1,39.7,1,53.2,1,26.7,1,42.0,1,176.5,7.4,1
AU2024097,2025-03-25,2025-03,Home Loan,Urban,Punjab,Disbursed,186000.0,Self-Employed,2.4,0,33.9,1,15.3,0,11.6,0,11.4,0,74.6,3.1,1
AU2024098,2024-05-02,2024-05,Personal Loan,Semi-Urban,Uttar Pradesh,Under Review,659000.0,MSME Owner,8.2,1,32.4,1,25.5,0,0.0,0,0.0,0,66.1,2.8,1
AU2024099,2024-05-03,2024-05,MSME Loan,Rural,Rajasthan,Disbursed,530000.0,MSME Owner,17.3,1,30.5,1,79.6,1,28.5,1,19.0,0,174.9,7.3,1
AU2024100,2025-04-29,2025-04,Home Loan,Urban,Odisha,Pending Documents,929000.0,MSME Owner,3.3,0,31.6,1,12.9,0,8.8,0,8.8,0,65.4,2.7,1
AU2024101,2024-02-13,2024-02,Personal Loan,Urban,Gujarat,Rejected,246000.0,Salaried,4.9,0,9.0,0,19.6,0,8.3,0,0.0,0,41.8,1.7,0
AU2024102,2025-02-21,2025-02,Business Loan,Semi-Urban,Tamil Nadu,Under Review,61000.0,Salaried,9.2,1,12.5,0,69.6,1,0.0,0,0.0,0,91.3,3.8,1
AU2024103,2025-05-15,2025-05,Home Loan,Rural,Gujarat,Disbursed,511000.0,MSME Owner,12.0,1,59.3,1,54.1,1,27.7,1,47.5,1,200.6,8.4,1
AU2024104,2025-01-27,2025-01,Home Loan,Semi-Urban,Karnataka,Disbursed,103000.0,Salaried,6.1,0,26.2,1,26.9,0,10.8,0,10.8,0,80.8,3.4,1
AU2024105,2024-03-06,2024-03,Personal Loan,Rural,Maharashtra,Disbursed,642000.0,Self-Employed,14.8,1,31.9,1,69.6,1,26.2,1,20.7,0,163.2,6.8,1
AU2024106,2025-04-29,2025-04,Business Loan,Rural,Tamil Nadu,Pending Documents,3405000.0,Salaried,17.9,1,32.3,1,110.3,1,23.7,1,36.2,1,220.4,9.2,1
AU2024107,2024-03-25,2024-03,Vehicle Finance,Urban,Karnataka,Disbursed,129000.0,Salaried,2.7,0,20.5,0,20.4,0,4.5,0,17.6,0,65.7,2.7,0
AU2024108,2024-09-27,2024-09,MSME Loan,Rural,Uttar Pradesh,Pending Documents,178000.0,MSME Owner,15.0,1,29.5,1,99.9,1,16.0,0,24.7,1,185.1,7.7,1
AU2024109,2024-08-04,2024-08,Vehicle Finance,Semi-Urban,Odisha,Disbursed,74000.0,Salaried,9.3,1,18.4,0,21.9,0,18.7,1,27.2,1,95.5,4.0,1
AU2024110,2025-04-20,2025-04,MSME Loan,Rural,Madhya Pradesh,Rejected,105000.0,Self-Employed,11.7,1,33.4,1,92.3,1,20.9,1,0.0,0,158.3,6.6,1
AU2024111,2025-01-21,2025-01,Personal Loan,Semi-Urban,Karnataka,Disbursed,301000.0,Farmer,7.0,0,23.5,0,35.8,0,17.9,1,16.3,0,100.5,4.2,1
AU2024112,2024-12-31,2024-12,Home Loan,Semi-Urban,Madhya Pradesh,Disbursed,349000.0,MSME Owner,9.1,1,48.8,1,39.3,0,18.0,1,22.6,0,137.8,5.7,1
AU2024113,2024-07-23,2024-07,Home Loan,Semi-Urban,Uttar Pradesh,Rejected,376000.0,Salaried,9.3,1,49.0,1,18.9,0,17.9,1,0.0,0,95.1,4.0,1
AU2024114,2024-08-12,2024-08,Business Loan,Semi-Urban,Punjab,Disbursed,425000.0,Self-Employed,4.0,0,18.9,0,56.5,1,19.8,1,21.4,0,120.6,5.0,1
AU2024115,2024-08-19,2024-08,Business Loan,Semi-Urban,Karnataka,Disbursed,417000.0,MSME Owner,4.6,0,30.3,1,52.6,1,19.6,1,16.2,0,123.3,5.1,1
AU2024116,2024-05-06,2024-05,Vehicle Finance,Rural,Gujarat,Disbursed,325000.0,Salaried,11.0,1,49.5,1,27.2,0,22.5,1,28.4,1,138.6,5.8,1
AU2024117,2024-02-02,2024-02,Vehicle Finance,Urban,Madhya Pradesh,Under Review,421000.0,Farmer,5.9,0,20.0,0,15.1,0,0.0,0,0.0,0,41.0,1.7,0
AU2024118,2024-01-11,2024-01,Personal Loan,Urban,Punjab,Disbursed,600000.0,Self-Employed,3.1,0,24.0,0,22.2,0,7.6,0,8.0,0,64.9,2.7,0
AU2024119,2024-10-10,2024-10,Home Loan,Semi-Urban,Odisha,Disbursed,880000.0,Salaried,8.1,1,40.5,1,26.2,0,19.4,1,12.7,0,106.9,4.5,1
AU2024120,2024-10-28,2024-10,Business Loan,Rural,Madhya Pradesh,Disbursed,70000.0,Salaried,17.8,1,38.7,1,106.3,1,16.1,1,24.4,1,203.3,8.5,1
AU2024121,2024-01-04,2024-01,Personal Loan,Semi-Urban,Madhya Pradesh,Disbursed,1666000.0,Farmer,6.8,0,35.2,1,23.6,0,18.4,1,24.0,0,108.0,4.5,1
AU2024122,2024-12-28,2024-12,Home Loan,Rural,Gujarat,Rejected,95000.0,Salaried,17.2,1,67.4,1,62.2,1,20.7,1,0.0,0,167.5,7.0,1
AU2024123,2024-04-27,2024-04,Personal Loan,Semi-Urban,Rajasthan,Disbursed,383000.0,Salaried,6.9,0,13.5,0,35.5,0,11.2,0,24.4,1,91.5,3.8,1
AU2024124,2025-04-08,2025-04,Business Loan,Semi-Urban,Gujarat,Disbursed,222000.0,Self-Employed,7.6,0,19.0,0,60.4,1,18.3,1,24.0,0,129.3,5.4,1
AU2024125,2025-03-16,2025-03,Personal Loan,Semi-Urban,Rajasthan,Disbursed,126000.0,Salaried,9.9,1,15.4,0,33.0,0,15.4,0,22.6,0,96.3,4.0,1
AU2024126,2024-02-06,2024-02,Vehicle Finance,Urban,Punjab,Disbursed,102000.0,Self-Employed,2.1,0,9.3,0,21.5,0,5.1,0,12.8,0,50.8,2.1,0
AU2024127,2024-05-01,2024-05,Home Loan,Rural,Karnataka,Disbursed,280000.0,Salaried,9.0,1,68.5,1,57.9,1,12.6,0,46.1,1,194.1,8.1,1
AU2024128,2024-12-08,2024-12,Personal Loan,Semi-Urban,Uttar Pradesh,Rejected,414000.0,MSME Owner,6.0,0,31.6,1,20.4,0,18.7,1,0.0,0,76.7,3.2,1
AU2024129,2024-04-19,2024-04,MSME Loan,Semi-Urban,Tamil Nadu,Disbursed,568000.0,Self-Employed,8.4,1,14.0,0,28.1,0,11.0,0,12.9,0,74.4,3.1,1
AU2024130,2024-03-08,2024-03,MSME Loan,Urban,Karnataka,Pending Documents,86000.0,MSME Owner,4.6,0,16.0,0,38.8,0,9.8,0,8.7,0,77.9,3.2,0
AU2024131,2024-10-22,2024-10,MSME Loan,Rural,Odisha,Rejected,150000.0,Salaried,14.8,1,26.6,1,35.5,0,16.6,1,0.0,0,93.5,3.9,1
AU2024132,2024-05-04,2024-05,MSME Loan,Semi-Urban,Tamil Nadu,Rejected,50000.0,Self-Employed,9.9,1,13.0,0,69.2,1,14.9,0,0.0,0,107.0,4.5,1
AU2024133,2025-02-17,2025-02,Home Loan,Semi-Urban,Tamil Nadu,Under Review,100000.0,Farmer,6.5,0,25.8,1,35.8,0,0.0,0,0.0,0,68.1,2.8,1
AU2024134,2024-04-07,2024-04,Vehicle Finance,Semi-Urban,Haryana,Rejected,417000.0,Farmer,5.1,0,17.7,0,47.1,0,10.2,0,0.0,0,80.1,3.3,0
AU2024135,2024-02-19,2024-02,Vehicle Finance,Urban,Gujarat,Under Review,126000.0,Self-Employed,4.1,0,13.7,0,26.2,0,0.0,0,0.0,0,44.0,1.8,0
AU2024136,2024-06-30,2024-06,MSME Loan,Urban,Haryana,Rejected,908000.0,Salaried,5.9,0,15.3,0,25.7,0,4.6,0,0.0,0,51.5,2.1,0
AU2024137,2024-07-29,2024-07,Vehicle Finance,Urban,Haryana,Under Review,123000.0,Self-Employed,3.0,0,17.9,0,29.0,0,0.0,0,0.0,0,49.9,2.1,0
AU2024138,2025-03-18,2025-03,Personal Loan,Semi-Urban,Tamil Nadu,Rejected,1021000.0,MSME Owner,7.5,0,32.8,1,24.2,0,9.3,0,0.0,0,73.8,3.1,1
AU2024139,2024-12-10,2024-12,Personal Loan,Semi-Urban,Rajasthan,Pending Documents,243000.0,Salaried,4.7,0,22.9,0,46.0,0,11.8,0,19.1,0,104.5,4.4,0
AU2024140,2024-02-01,2024-02,Personal Loan,Urban,Gujarat,Pending Documents,313000.0,Farmer,3.8,0,16.2,0,23.7,0,9.3,0,7.7,0,60.7,2.5,0
AU2024141,2025-01-07,2025-01,Personal Loan,Urban,Haryana,Rejected,441000.0,Salaried,4.7,0,23.5,0,14.3,0,9.4,0,0.0,0,51.9,2.2,0
AU2024142,2025-02-13,2025-02,MSME Loan,Urban,Punjab,Rejected,259000.0,Self-Employed,5.5,0,17.1,0,17.2,0,11.4,0,0.0,0,51.2,2.1,0
AU2024143,2024-05-07,2024-05,Home Loan,Urban,Gujarat,Rejected,2431000.0,Self-Employed,4.6,0,12.8,0,27.8,0,12.0,0,0.0,0,57.2,2.4,0
AU2024144,2024-04-07,2024-04,MSME Loan,Semi-Urban,Madhya Pradesh,Under Review,390000.0,MSME Owner,9.3,1,21.7,0,41.7,0,0.0,0,0.0,0,72.7,3.0,1
AU2024145,2024-08-17,2024-08,Home Loan,Rural,Karnataka,Disbursed,1301000.0,MSME Owner,9.2,1,63.1,1,24.3,0,17.8,1,29.0,1,143.4,6.0,1
AU2024146,2024-08-04,2024-08,Business Loan,Semi-Urban,Maharashtra,Disbursed,50000.0,Self-Employed,5.4,0,13.8,0,55.8,1,16.0,0,21.2,0,112.2,4.7,1
AU2024147,2024-05-22,2024-05,Vehicle Finance,Urban,Maharashtra,Under Review,192000.0,Self-Employed,3.9,0,8.4,0,20.2,0,0.0,0,0.0,0,32.5,1.4,0
AU2024148,2024-05-07,2024-05,Vehicle Finance,Semi-Urban,Tamil Nadu,Disbursed,567000.0,MSME Owner,9.7,1,12.4,0,23.9,0,8.1,0,21.7,0,75.8,3.2,1
AU2024149,2024-08-14,2024-08,MSME Loan,Urban,Gujarat,Pending Documents,505000.0,Salaried,5.7,0,13.6,0,20.2,0,7.9,0,9.1,0,56.5,2.4,0
AU2024150,2024-02-20,2024-02,Business Loan,Urban,Karnataka,Under Review,50000.0,Self-Employed,4.9,0,12.4,0,33.0,0,0.0,0,0.0,0,50.3,2.1,0
AU2024151,2024-11-29,2024-11,Home Loan,Urban,Rajasthan,Disbursed,415000.0,MSME Owner,2.4,0,24.8,1,18.2,0,11.7,0,11.8,0,68.9,2.9,1
AU2024152,2025-03-04,2025-03,MSME Loan,Semi-Urban,Karnataka,Disbursed,451000.0,Self-Employed,8.9,1,33.2,1,36.6,0,10.5,0,21.0,0,110.2,4.6,1
AU2024153,2025-05-11,2025-05,Business Loan,Rural,Rajasthan,Under Review,313000.0,Self-Employed,10.4,1,52.1,1,55.5,1,0.0,0,0.0,0,118.0,4.9,1
AU2024154,2025-04-19,2025-04,Home Loan,Urban,Gujarat,Disbursed,3094000.0,Salaried,4.9,0,32.4,1,17.2,0,4.8,0,6.3,0,65.6,2.7,1
AU2024155,2024-03-26,2024-03,Vehicle Finance,Semi-Urban,Madhya Pradesh,Disbursed,69000.0,Salaried,6.3,0,26.3,1,32.9,0,19.9,1,12.5,0,97.9,4.1,1
AU2024156,2024-09-05,2024-09,Home Loan,Semi-Urban,Haryana,Disbursed,785000.0,Farmer,4.8,0,19.1,0,39.7,0,14.9,0,14.9,0,93.4,3.9,0
AU2024157,2024-04-19,2024-04,Personal Loan,Urban,Tamil Nadu,Under Review,904000.0,Salaried,3.3,0,11.6,0,20.5,0,0.0,0,0.0,0,35.4,1.5,0
AU2024158,2025-04-07,2025-04,Personal Loan,Rural,Haryana,Disbursed,834000.0,MSME Owner,13.3,1,35.7,1,40.0,0,24.1,1,47.8,1,160.9,6.7,1
AU2024159,2024-03-25,2024-03,Home Loan,Semi-Urban,Rajasthan,Rejected,302000.0,Self-Employed,4.4,0,36.9,1,46.7,0,10.1,0,0.0,0,98.1,4.1,1
AU2024160,2024-01-02,2024-01,Personal Loan,Semi-Urban,Haryana,Disbursed,1532000.0,Salaried,8.0,0,31.1,1,45.8,0,10.8,0,17.2,0,112.9,4.7,1
AU2024161,2024-05-15,2024-05,Personal Loan,Rural,Haryana,Pending Documents,191000.0,Self-Employed,16.4,1,42.8,1,53.9,1,13.6,0,40.7,1,167.4,7.0,1
AU2024162,2024-05-26,2024-05,Personal Loan,Rural,Tamil Nadu,Rejected,83000.0,Self-Employed,8.9,1,57.7,1,50.6,1,17.5,1,0.0,0,134.7,5.6,1
AU2024163,2024-12-22,2024-12,Business Loan,Semi-Urban,Haryana,Disbursed,101000.0,Farmer,7.0,0,35.8,1,68.4,1,10.5,0,26.8,1,148.5,6.2,1
AU2024164,2024-12-04,2024-12,Personal Loan,Rural,Karnataka,Disbursed,501000.0,Salaried,8.8,1,38.5,1,32.3,0,24.5,1,28.4,1,132.5,5.5,1
AU2024165,2024-03-20,2024-03,MSME Loan,Semi-Urban,Tamil Nadu,Under Review,519000.0,Salaried,9.2,1,34.1,1,49.8,1,0.0,0,0.0,0,93.1,3.9,1
AU2024166,2024-05-31,2024-05,Personal Loan,Semi-Urban,Madhya Pradesh,Disbursed,178000.0,Salaried,4.2,0,15.2,0,46.9,0,14.6,0,27.4,1,108.3,4.5,1
AU2024167,2025-05-10,2025-05,Business Loan,Urban,Madhya Pradesh,Disbursed,90000.0,Self-Employed,2.4,0,18.3,0,24.9,0,9.0,0,13.8,0,68.4,2.8,0
AU2024168,2024-10-23,2024-10,Personal Loan,Urban,Rajasthan,Rejected,126000.0,Farmer,2.2,0,19.1,0,35.6,0,5.9,0,0.0,0,62.8,2.6,0
AU2024169,2024-02-01,2024-02,Personal Loan,Urban,Karnataka,Disbursed,250000.0,MSME Owner,2.2,0,16.2,0,35.9,0,10.5,0,13.4,0,78.2,3.3,0
AU2024170,2024-01-30,2024-01,Business Loan,Semi-Urban,Punjab,Disbursed,85000.0,Farmer,6.7,0,16.7,0,43.8,0,13.0,0,24.9,1,105.1,4.4,1
AU2024171,2024-10-26,2024-10,Home Loan,Rural,Rajasthan,Disbursed,213000.0,Self-Employed,12.8,1,32.1,1,36.5,0,25.7,1,22.1,0,129.2,5.4,1
AU2024172,2024-09-14,2024-09,Vehicle Finance,Urban,Tamil Nadu,Disbursed,90000.0,Self-Employed,3.8,0,21.5,0,14.4,0,7.9,0,7.8,0,55.4,2.3,0
AU2024173,2024-03-21,2024-03,Business Loan,Semi-Urban,Karnataka,Disbursed,259000.0,Self-Employed,6.4,0,23.0,0,65.0,1,18.7,1,27.2,1,140.3,5.8,1
AU2024174,2025-05-06,2025-05,Home Loan,Urban,Rajasthan,Rejected,50000.0,MSME Owner,2.2,0,33.4,1,23.1,0,9.1,0,0.0,0,67.8,2.8,1
AU2024175,2024-02-11,2024-02,MSME Loan,Semi-Urban,Karnataka,Disbursed,172000.0,Salaried,7.1,0,15.6,0,62.6,1,14.1,0,22.2,0,121.6,5.1,1
AU2024176,2024-02-05,2024-02,Personal Loan,Urban,Maharashtra,Rejected,111000.0,Salaried,3.4,0,20.4,0,27.9,0,5.5,0,0.0,0,57.2,2.4,0
AU2024177,2024-02-04,2024-02,Personal Loan,Semi-Urban,Odisha,Rejected,1120000.0,Salaried,4.1,0,14.0,0,47.0,0,11.5,0,0.0,0,76.6,3.2,0
AU2024178,2024-07-25,2024-07,Vehicle Finance,Urban,Madhya Pradesh,Disbursed,366000.0,MSME Owner,4.6,0,16.5,0,13.0,0,11.7,0,15.6,0,61.4,2.6,0
AU2024179,2025-04-27,2025-04,Business Loan,Rural,Gujarat,Disbursed,97000.0,Self-Employed,15.5,1,53.2,1,86.8,1,14.3,0,28.1,1,197.9,8.2,1
AU2024180,2024-05-06,2024-05,MSME Loan,Urban,Odisha,Disbursed,50000.0,Self-Employed,5.8,0,11.9,0,21.0,0,5.6,0,16.6,0,60.9,2.5,0
AU2024181,2024-10-31,2024-10,Vehicle Finance,Urban,Odisha,Under Review,50000.0,Farmer,5.4,0,22.7,0,18.1,0,0.0,0,0.0,0,46.2,1.9,0
AU2024182,2024-11-13,2024-11,MSME Loan,Semi-Urban,Rajasthan,Rejected,86000.0,Self-Employed,9.9,1,34.5,1,27.2,0,10.0,0,0.0,0,81.6,3.4,1
AU2024183,2024-08-02,2024-08,Home Loan,Rural,Gujarat,Disbursed,467000.0,Self-Employed,16.4,1,74.2,1,50.0,1,22.6,1,33.3,1,196.5,8.2,1
AU2024184,2024-10-16,2024-10,Business Loan,Semi-Urban,Odisha,Rejected,385000.0,MSME Owner,5.0,0,23.1,0,25.5,0,11.0,0,0.0,0,64.6,2.7,0
AU2024185,2024-06-10,2024-06,MSME Loan,Urban,Karnataka,Disbursed,722000.0,MSME Owner,2.8,0,16.9,0,46.1,0,8.9,0,8.3,0,83.0,3.5,0
AU2024186,2024-04-14,2024-04,Business Loan,Rural,Uttar Pradesh,Disbursed,54000.0,Salaried,11.1,1,55.6,1,114.7,1,18.6,1,31.5,1,231.5,9.6,1
AU2024187,2024-05-02,2024-05,Home Loan,Rural,Punjab,Disbursed,79000.0,Self-Employed,12.1,1,72.0,1,24.2,0,23.2,1,28.7,1,160.2,6.7,1
AU2024188,2024-07-21,2024-07,Home Loan,Urban,Uttar Pradesh,Disbursed,3065000.0,Salaried,4.3,0,24.6,1,25.5,0,8.8,0,14.1,0,77.3,3.2,1
AU2024189,2024-12-09,2024-12,MSME Loan,Urban,Maharashtra,Under Review,194000.0,Self-Employed,2.3,0,8.9,0,29.7,0,0.0,0,0.0,0,40.9,1.7,0
AU2024190,2024-08-22,2024-08,Home Loan,Semi-Urban,Uttar Pradesh,Disbursed,167000.0,Self-Employed,4.5,0,23.6,0,35.9,0,16.8,1,28.0,1,108.8,4.5,1
AU2024191,2025-04-20,2025-04,MSME Loan,Semi-Urban,Punjab,Disbursed,101000.0,Self-Employed,8.7,1,14.8,0,45.9,0,18.1,1,16.9,0,104.4,4.4,1
AU2024192,2024-01-05,2024-01,Vehicle Finance,Semi-Urban,Gujarat,Disbursed,57000.0,Salaried,4.1,0,32.0,1,26.2,0,14.2,0,15.4,0,91.9,3.8,1
AU2024193,2024-11-14,2024-11,MSME Loan,Urban,Tamil Nadu,Disbursed,74000.0,Farmer,5.4,0,11.0,0,48.9,1,7.7,0,11.8,0,84.8,3.5,1
AU2024194,2024-02-21,2024-02,Personal Loan,Urban,Odisha,Rejected,50000.0,MSME Owner,5.1,0,10.5,0,26.6,0,5.1,0,0.0,0,47.3,2.0,0
AU2024195,2024-10-02,2024-10,Home Loan,Rural,Gujarat,Disbursed,225000.0,Salaried,10.8,1,46.4,1,35.9,0,28.3,1,25.5,1,146.9,6.1,1
AU2024196,2024-09-16,2024-09,Business Loan,Rural,Madhya Pradesh,Disbursed,150000.0,Salaried,17.1,1,29.0,1,76.7,1,19.4,1,28.4,1,170.6,7.1,1
AU2024197,2024-03-08,2024-03,MSME Loan,Urban,Uttar Pradesh,Rejected,264000.0,Farmer,4.2,0,23.0,0,18.1,0,7.4,0,0.0,0,52.7,2.2,0
AU2024198,2025-03-27,2025-03,Home Loan,Rural,Punjab,Disbursed,79000.0,Self-Employed,12.6,1,88.3,1,53.2,1,18.3,1,21.4,0,193.8,8.1,1
AU2024199,2025-03-26,2025-03,Personal Loan,Urban,Gujarat,Disbursed,501000.0,Farmer,4.2,0,16.4,0,14.8,0,10.9,0,14.7,0,61.0,2.5,0
AU2024200,2024-07-08,2024-07,Personal Loan,Semi-Urban,Madhya Pradesh,Disbursed,245000.0,Self-Employed,5.0,0,34.7,1,43.5,0,16.0,0,18.3,0,117.5,4.9,1
AU2024201,2024-03-21,2024-03,Business Loan,Semi-Urban,Uttar Pradesh,Disbursed,108000.0,Salaried,7.1,0,31.4,1,48.4,1,8.6,0,24.2,1,119.7,5.0,1
AU2024202,2025-03-02,2025-03,Personal Loan,Urban,Tamil Nadu,Disbursed,963000.0,Self-Employed,2.8,0,22.0,0,33.1,0,11.0,0,8.9,0,77.8,3.2,0
AU2024203,2024-12-26,2024-12,Vehicle Finance,Rural,Karnataka,Rejected,115000.0,Salaried,8.7,1,40.7,1,67.6,1,21.7,1,0.0,0,138.7,5.8,1
AU2024204,2024-11-09,2024-11,Personal Loan,Semi-Urban,Uttar Pradesh,Under Review,1133000.0,Farmer,5.2,0,24.6,1,26.6,0,0.0,0,0.0,0,56.4,2.4,1
AU2024205,2024-01-05,2024-01,Vehicle Finance,Rural,Karnataka,Disbursed,144000.0,Farmer,13.3,1,29.7,1,57.4,1,26.3,1,27.5,1,154.2,6.4,1
AU2024206,2024-06-02,2024-06,MSME Loan,Rural,Karnataka,Disbursed,147000.0,Farmer,14.5,1,29.5,1,69.1,1,23.1,1,20.5,0,156.7,6.5,1
AU2024207,2025-04-25,2025-04,MSME Loan,Rural,Gujarat,Disbursed,152000.0,Farmer,12.2,1,59.4,1,87.8,1,23.4,1,23.0,0,205.8,8.6,1
AU2024208,2024-05-15,2024-05,MSME Loan,Semi-Urban,Maharashtra,Disbursed,278000.0,Self-Employed,8.3,1,33.4,1,29.0,0,16.8,1,13.4,0,100.9,4.2,1
AU2024209,2025-03-31,2025-03,MSME Loan,Rural,Gujarat,Disbursed,200000.0,MSME Owner,11.1,1,41.0,1,100.4,1,20.3,1,28.7,1,201.5,8.4,1
AU2024210,2025-01-15,2025-01,Vehicle Finance,Rural,Gujarat,Disbursed,489000.0,MSME Owner,9.0,1,32.6,1,30.8,0,18.3,1,31.5,1,122.2,5.1,1
AU2024211,2024-03-20,2024-03,Home Loan,Semi-Urban,Karnataka,Disbursed,107000.0,Self-Employed,9.0,1,33.4,1,47.4,0,15.6,0,12.3,0,117.7,4.9,1
AU2024212,2024-05-24,2024-05,Home Loan,Urban,Uttar Pradesh,Rejected,172000.0,MSME Owner,3.1,0,26.7,1,28.7,0,8.1,0,0.0,0,66.6,2.8,1
AU2024213,2024-04-17,2024-04,Personal Loan,Urban,Odisha,Disbursed,478000.0,MSME Owner,5.8,0,21.9,0,30.4,0,10.3,0,14.0,0,82.4,3.4,0
AU2024214,2024-04-14,2024-04,Business Loan,Rural,Punjab,Rejected,93000.0,Self-Employed,12.6,1,55.1,1,77.8,1,18.8,1,0.0,0,164.3,6.8,1
AU2024215,2024-09-15,2024-09,Personal Loan,Semi-Urban,Uttar Pradesh,Disbursed,317000.0,MSME Owner,9.5,1,18.7,0,43.8,0,11.5,0,26.4,1,109.9,4.6,1
AU2024216,2024-05-08,2024-05,Home Loan,Rural,Tamil Nadu,Disbursed,713000.0,Salaried,16.7,1,37.6,1,57.8,1,21.7,1,20.9,0,154.7,6.4,1
AU2024217,2024-02-17,2024-02,Personal Loan,Urban,Rajasthan,Disbursed,150000.0,Salaried,4.4,0,12.8,0,19.2,0,9.9,0,6.6,0,52.9,2.2,0
AU2024218,2025-02-28,2025-02,MSME Loan,Rural,Haryana,Rejected,724000.0,Salaried,8.8,1,32.6,1,98.2,1,12.6,0,0.0,0,152.2,6.3,1
AU2024219,2024-01-23,2024-01,MSME Loan,Rural,Uttar Pradesh,Disbursed,340000.0,Salaried,16.3,1,45.6,1,42.4,0,13.7,0,45.3,1,163.3,6.8,1
AU2024220,2024-06-19,2024-06,Home Loan,Rural,Rajasthan,Under Review,551000.0,Self-Employed,11.2,1,56.6,1,61.1,1,0.0,0,0.0,0,128.9,5.4,1
AU2024221,2024-11-22,2024-11,Business Loan,Semi-Urban,Maharashtra,Disbursed,5000000.0,Self-Employed,8.2,1,17.7,0,51.1,1,9.3,0,16.9,0,103.2,4.3,1
AU2024222,2024-03-23,2024-03,Vehicle Finance,Semi-Urban,Uttar Pradesh,Pending Documents,1365000.0,Self-Employed,7.8,0,13.7,0,25.6,0,12.3,0,18.5,0,77.9,3.2,0
AU2024223,2024-10-09,2024-10,Personal Loan,Urban,Tamil Nadu,Disbursed,526000.0,Farmer,3.3,0,15.7,0,16.7,0,8.9,0,9.4,0,54.0,2.2,0
AU2024224,2024-10-14,2024-10,Personal Loan,Semi-Urban,Haryana,Disbursed,885000.0,Self-Employed,7.1,0,19.0,0,46.0,0,12.8,0,11.6,0,96.5,4.0,0
AU2024225,2024-02-27,2024-02,Vehicle Finance,Urban,Rajasthan,Disbursed,142000.0,Self-Employed,5.5,0,15.9,0,28.9,0,11.9,0,7.6,0,69.8,2.9,0
AU2024226,2025-04-28,2025-04,Business Loan,Urban,Gujarat,Disbursed,670000.0,MSME Owner,4.4,0,12.9,0,49.8,1,11.6,0,15.9,0,94.6,3.9,1
AU2024227,2024-10-06,2024-10,Personal Loan,Semi-Urban,Maharashtra,Disbursed,220000.0,Salaried,4.4,0,26.5,1,38.6,0,9.4,0,16.9,0,95.8,4.0,1
AU2024228,2025-03-03,2025-03,Vehicle Finance,Urban,Rajasthan,Disbursed,1431000.0,Salaried,2.3,0,13.7,0,34.6,0,9.3,0,14.1,0,74.0,3.1,0
AU2024229,2024-10-25,2024-10,Business Loan,Semi-Urban,Punjab,Disbursed,156000.0,Self-Employed,9.5,1,26.7,1,69.6,1,16.7,1,12.2,0,134.7,5.6,1
AU2024230,2024-03-16,2024-03,MSME Loan,Urban,Karnataka,Disbursed,50000.0,Self-Employed,4.3,0,8.7,0,21.0,0,8.5,0,10.1,0,52.6,2.2,0
AU2024231,2024-03-06,2024-03,Home Loan,Semi-Urban,Haryana,Under Review,132000.0,MSME Owner,6.6,0,41.2,1,26.3,0,0.0,0,0.0,0,74.1,3.1,1
AU2024232,2024-06-06,2024-06,Business Loan,Rural,Rajasthan,Under Review,50000.0,Self-Employed,11.7,1,45.6,1,90.9,1,0.0,0,0.0,0,148.2,6.2,1
AU2024233,2025-04-05,2025-04,Personal Loan,Semi-Urban,Punjab,Disbursed,125000.0,Farmer,6.1,0,15.7,0,18.8,0,15.7,0,21.5,0,77.8,3.2,0
AU2024234,2025-04-05,2025-04,Business Loan,Urban,Rajasthan,Disbursed,910000.0,Self-Employed,3.5,0,11.5,0,56.5,1,7.6,0,14.3,0,93.4,3.9,1
AU2024235,2024-04-17,2024-04,Personal Loan,Semi-Urban,Punjab,Disbursed,73000.0,Self-Employed,9.8,1,21.2,0,19.2,0,8.4,0,17.0,0,75.6,3.1,1
AU2024236,2024-12-07,2024-12,Personal Loan,Urban,Madhya Pradesh,Rejected,50000.0,Farmer,2.5,0,23.3,0,19.5,0,11.1,0,0.0,0,56.4,2.4,0
AU2024237,2024-06-30,2024-06,MSME Loan,Rural,Gujarat,Disbursed,182000.0,Farmer,11.9,1,37.9,1,60.9,1,21.7,1,22.6,0,155.0,6.5,1
AU2024238,2025-03-28,2025-03,Vehicle Finance,Semi-Urban,Karnataka,Rejected,211000.0,Salaried,5.6,0,16.7,0,19.7,0,12.1,0,0.0,0,54.1,2.3,0
AU2024239,2025-05-13,2025-05,MSME Loan,Semi-Urban,Haryana,Disbursed,1036000.0,Self-Employed,4.8,0,22.7,0,56.9,1,13.9,0,17.2,0,115.5,4.8,1
AU2024240,2025-01-18,2025-01,MSME Loan,Rural,Odisha,Disbursed,2319000.0,Salaried,12.0,1,25.4,1,72.0,1,21.8,1,24.8,1,156.0,6.5,1
AU2024241,2025-04-18,2025-04,MSME Loan,Rural,Maharashtra,Rejected,927000.0,Self-Employed,16.7,1,28.7,1,97.8,1,14.2,0,0.0,0,157.4,6.6,1
AU2024242,2025-03-18,2025-03,Business Loan,Rural,Madhya Pradesh,Pending Documents,234000.0,Farmer,12.8,1,55.1,1,81.3,1,18.8,1,26.6,1,194.6,8.1,1
AU2024243,2025-05-14,2025-05,Personal Loan,Rural,Maharashtra,Disbursed,74000.0,Self-Employed,12.9,1,44.8,1,65.5,1,29.7,1,30.2,1,183.1,7.6,1
AU2024244,2025-03-27,2025-03,MSME Loan,Rural,Maharashtra,Disbursed,967000.0,Farmer,8.6,1,55.8,1,69.8,1,21.2,1,36.8,1,192.2,8.0,1
AU2024245,2024-01-13,2024-01,MSME Loan,Urban,Haryana,Disbursed,214000.0,MSME Owner,4.9,0,19.1,0,21.5,0,6.4,0,10.3,0,62.2,2.6,0
AU2024246,2025-01-12,2025-01,MSME Loan,Urban,Maharashtra,Disbursed,149000.0,Salaried,5.0,0,21.3,0,46.4,0,5.1,0,15.0,0,92.8,3.9,0
AU2024247,2025-02-04,2025-02,Home Loan,Semi-Urban,Punjab,Rejected,689000.0,MSME Owner,7.7,0,18.5,0,32.6,0,8.9,0,0.0,0,67.7,2.8,0
AU2024248,2025-02-14,2025-02,Business Loan,Urban,Haryana,Disbursed,302000.0,Farmer,2.3,0,23.3,0,37.4,0,6.4,0,6.9,0,76.3,3.2,0
AU2024249,2024-05-16,2024-05,Vehicle Finance,Rural,Madhya Pradesh,Rejected,231000.0,Salaried,8.7,1,38.5,1,38.2,0,16.2,1,0.0,0,101.6,4.2,1
AU2024250,2025-02-07,2025-02,MSME Loan,Rural,Maharashtra,Disbursed,198000.0,Self-Employed,10.3,1,47.1,1,113.3,1,22.9,1,28.7,1,222.3,9.3,1
AU2024251,2024-07-14,2024-07,Vehicle Finance,Urban,Gujarat,Under Review,539000.0,Self-Employed,3.8,0,17.4,0,27.0,0,0.0,0,0.0,0,48.2,2.0,0
AU2024252,2025-03-15,2025-03,Personal Loan,Semi-Urban,Rajasthan,Under Review,348000.0,Self-Employed,4.9,0,30.6,1,26.1,0,0.0,0,0.0,0,61.6,2.6,1
AU2024253,2024-04-23,2024-04,Personal Loan,Semi-Urban,Tamil Nadu,Disbursed,1211000.0,MSME Owner,5.9,0,12.0,0,33.3,0,8.6,0,15.0,0,74.8,3.1,0
AU2024254,2025-02-22,2025-02,Home Loan,Urban,Madhya Pradesh,Under Review,104000.0,Salaried,3.4,0,17.0,0,32.2,0,0.0,0,0.0,0,52.6,2.2,0
AU2024255,2024-06-28,2024-06,MSME Loan,Semi-Urban,Tamil Nadu,Under Review,926000.0,Self-Employed,9.8,1,14.1,0,60.0,1,0.0,0,0.0,0,83.9,3.5,1
AU2024256,2025-02-24,2025-02,Vehicle Finance,Semi-Urban,Uttar Pradesh,Disbursed,477000.0,MSME Owner,9.8,1,30.3,1,46.5,0,16.4,1,15.4,0,118.4,4.9,1
AU2024257,2024-04-24,2024-04,Personal Loan,Rural,Madhya Pradesh,Disbursed,109000.0,Salaried,11.6,1,58.4,1,48.0,0,19.8,1,31.7,1,169.5,7.1,1
AU2024258,2024-12-03,2024-12,Personal Loan,Urban,Rajasthan,Disbursed,1044000.0,Farmer,2.8,0,18.5,0,23.3,0,11.0,0,8.6,0,64.2,2.7,0
AU2024259,2024-07-23,2024-07,Home Loan,Semi-Urban,Madhya Pradesh,Disbursed,189000.0,Salaried,7.9,0,43.8,1,27.5,0,15.7,0,17.1,0,112.0,4.7,1
AU2024260,2024-05-22,2024-05,Home Loan,Urban,Punjab,Under Review,102000.0,Salaried,2.4,0,23.4,0,18.4,0,0.0,0,0.0,0,44.2,1.8,0
AU2024261,2025-05-10,2025-05,Business Loan,Urban,Gujarat,Disbursed,57000.0,Salaried,3.7,0,15.9,0,32.6,0,8.2,0,13.1,0,73.5,3.1,0
AU2024262,2024-06-28,2024-06,Personal Loan,Semi-Urban,Uttar Pradesh,Pending Documents,2470000.0,Salaried,8.6,1,30.6,1,33.6,0,19.7,1,12.3,0,104.8,4.4,1
AU2024263,2024-07-23,2024-07,Personal Loan,Rural,Karnataka,Under Review,340000.0,Salaried,10.7,1,24.6,1,38.1,0,0.0,0,0.0,0,73.4,3.1,1
AU2024264,2024-06-18,2024-06,Business Loan,Urban,Karnataka,Disbursed,796000.0,Farmer,5.4,0,8.4,0,52.8,1,10.3,0,15.4,0,92.3,3.8,1
AU2024265,2024-02-29,2024-02,Vehicle Finance,Urban,Rajasthan,Disbursed,61000.0,Salaried,2.9,0,11.9,0,23.6,0,10.0,0,11.7,0,60.1,2.5,0
AU2024266,2024-04-01,2024-04,Personal Loan,Rural,Uttar Pradesh,Pending Documents,484000.0,Salaried,11.7,1,32.1,1,33.4,0,14.5,0,36.7,1,128.4,5.3,1
AU2024267,2025-05-07,2025-05,Home Loan,Semi-Urban,Odisha,Disbursed,284000.0,MSME Owner,7.8,0,30.1,1,38.2,0,11.1,0,16.2,0,103.4,4.3,1
AU2024268,2024-01-20,2024-01,MSME Loan,Urban,Uttar Pradesh,Disbursed,386000.0,Salaried,2.6,0,8.1,0,41.9,0,7.6,0,7.6,0,67.8,2.8,0
AU2024269,2024-11-01,2024-11,MSME Loan,Semi-Urban,Gujarat,Disbursed,531000.0,Self-Employed,8.1,1,13.8,0,39.0,0,17.7,1,18.3,0,96.9,4.0,1
AU2024270,2024-06-25,2024-06,Vehicle Finance,Semi-Urban,Haryana,Disbursed,215000.0,Salaried,4.3,0,32.2,1,47.4,0,17.5,1,25.4,1,126.8,5.3,1
AU2024271,2024-08-11,2024-08,Personal Loan,Rural,Punjab,Disbursed,69000.0,Farmer,17.9,1,49.6,1,71.1,1,22.3,1,25.8,1,186.7,7.8,1
AU2024272,2024-09-18,2024-09,Business Loan,Semi-Urban,Odisha,Disbursed,321000.0,Salaried,8.8,1,33.8,1,73.1,1,19.5,1,19.4,0,154.6,6.4,1
AU2024273,2024-07-16,2024-07,MSME Loan,Rural,Gujarat,Disbursed,281000.0,Self-Employed,15.2,1,32.9,1,85.5,1,24.0,1,22.9,0,180.5,7.5,1
AU2024274,2024-04-07,2024-04,Vehicle Finance,Rural,Odisha,Disbursed,530000.0,Salaried,14.3,1,32.0,1,39.4,0,27.3,1,39.9,1,152.9,6.4,1
AU2024275,2024-01-23,2024-01,Personal Loan,Semi-Urban,Uttar Pradesh,Disbursed,214000.0,Self-Employed,8.0,0,14.8,0,26.7,0,12.8,0,26.6,1,88.9,3.7,1
AU2024276,2024-01-01,2024-01,MSME Loan,Urban,Haryana,Rejected,61000.0,MSME Owner,5.7,0,23.2,0,39.7,0,6.9,0,0.0,0,75.5,3.1,0
AU2024277,2025-04-18,2025-04,Business Loan,Semi-Urban,Karnataka,Disbursed,50000.0,MSME Owner,5.4,0,16.6,0,71.8,1,9.2,0,19.1,0,122.1,5.1,1
AU2024278,2024-12-17,2024-12,Personal Loan,Urban,Karnataka,Disbursed,340000.0,Salaried,5.8,0,17.3,0,22.5,0,8.6,0,12.2,0,66.4,2.8,0
AU2024279,2024-07-05,2024-07,Home Loan,Urban,Madhya Pradesh,Disbursed,218000.0,Farmer,5.8,0,33.2,1,22.1,0,10.2,0,11.7,0,83.0,3.5,1
AU2024280,2024-02-05,2024-02,Vehicle Finance,Urban,Haryana,Disbursed,146000.0,Farmer,2.8,0,9.1,0,13.7,0,11.5,0,12.1,0,49.2,2.0,0
AU2024281,2024-11-15,2024-11,Business Loan,Rural,Punjab,Under Review,87000.0,Salaried,14.9,1,51.8,1,86.7,1,0.0,0,0.0,0,153.4,6.4,1
AU2024282,2024-12-05,2024-12,Vehicle Finance,Urban,Punjab,Disbursed,573000.0,Salaried,5.9,0,11.6,0,19.3,0,6.4,0,8.8,0,52.0,2.2,0
AU2024283,2025-01-03,2025-01,Personal Loan,Semi-Urban,Gujarat,Pending Documents,50000.0,Salaried,8.0,0,29.8,1,43.5,0,13.1,0,15.5,0,109.9,4.6,1
AU2024284,2024-09-16,2024-09,Business Loan,Semi-Urban,Uttar Pradesh,Under Review,162000.0,Farmer,8.8,1,35.6,1,63.5,1,0.0,0,0.0,0,107.9,4.5,1
AU2024285,2024-12-07,2024-12,Home Loan,Urban,Uttar Pradesh,Disbursed,77000.0,MSME Owner,2.7,0,30.3,1,26.0,0,11.6,0,6.5,0,77.1,3.2,1
AU2024286,2024-06-16,2024-06,Business Loan,Semi-Urban,Haryana,Disbursed,780000.0,Salaried,7.1,0,24.2,1,43.8,0,19.2,1,24.9,1,119.2,5.0,1
AU2024287,2024-12-22,2024-12,Home Loan,Semi-Urban,Haryana,Disbursed,649000.0,Farmer,8.2,1,43.4,1,43.9,0,11.3,0,24.5,1,131.3,5.5,1
AU2024288,2024-10-10,2024-10,Personal Loan,Urban,Uttar Pradesh,Disbursed,859000.0,Self-Employed,5.8,0,15.9,0,21.1,0,5.3,0,15.4,0,63.5,2.6,0
AU2024289,2024-04-08,2024-04,Home Loan,Urban,Maharashtra,Disbursed,753000.0,MSME Owner,2.0,0,28.3,1,35.3,0,7.5,0,8.8,0,81.9,3.4,1
AU2024290,2024-12-06,2024-12,Home Loan,Rural,Haryana,Disbursed,1985000.0,Farmer,9.8,1,78.2,1,50.5,1,19.1,1,22.0,0,179.6,7.5,1
AU2024291,2024-12-12,2024-12,MSME Loan,Urban,Haryana,Disbursed,280000.0,Salaried,5.5,0,18.8,0,48.7,1,6.0,0,13.5,0,92.5,3.9,1
AU2024292,2024-11-11,2024-11,Vehicle Finance,Rural,Maharashtra,Under Review,290000.0,Salaried,11.1,1,36.7,1,53.8,1,0.0,0,0.0,0,101.6,4.2,1
AU2024293,2024-06-03,2024-06,Business Loan,Urban,Odisha,Rejected,133000.0,Salaried,3.7,0,19.0,0,29.6,0,4.5,0,0.0,0,56.8,2.4,0
AU2024294,2024-10-07,2024-10,MSME Loan,Semi-Urban,Haryana,Rejected,73000.0,Self-Employed,8.5,1,14.4,0,39.2,0,11.3,0,0.0,0,73.4,3.1,1
AU2024295,2024-06-04,2024-06,MSME Loan,Urban,Rajasthan,Disbursed,476000.0,Salaried,5.9,0,9.8,0,32.5,0,9.9,0,14.5,0,72.6,3.0,0
AU2024296,2024-04-17,2024-04,Business Loan,Urban,Uttar Pradesh,Disbursed,108000.0,Self-Employed,3.1,0,12.6,0,42.9,0,11.7,0,13.2,0,83.5,3.5,0
AU2024297,2025-02-06,2025-02,Personal Loan,Urban,Haryana,Pending Documents,129000.0,Salaried,2.4,0,17.6,0,27.0,0,9.2,0,9.2,0,65.4,2.7,0
AU2024298,2024-11-06,2024-11,Personal Loan,Rural,Odisha,Disbursed,993000.0,Self-Employed,11.1,1,33.8,1,52.7,1,27.6,1,46.4,1,171.6,7.1,1
AU2024299,2024-08-26,2024-08,Personal Loan,Urban,Punjab,Pending Documents,818000.0,MSME Owner,5.5,0,11.2,0,26.1,0,9.6,0,14.2,0,66.6,2.8,0
AU2024300,2024-08-14,2024-08,Business Loan,Urban,Tamil Nadu,Disbursed,187000.0,Farmer,3.6,0,21.4,0,23.7,0,9.4,0,17.7,0,75.8,3.2,0
AU2024301,2024-09-18,2024-09,Personal Loan,Urban,Madhya Pradesh,Disbursed,50000.0,Salaried,5.0,0,22.6,0,22.4,0,6.1,0,11.2,0,67.3,2.8,0
AU2024302,2025-02-10,2025-02,Home Loan,Urban,Tamil Nadu,Disbursed,1506000.0,Salaried,4.9,0,12.4,0,16.8,0,11.0,0,14.9,0,60.0,2.5,0
AU2024303,2024-12-03,2024-12,Personal Loan,Urban,Maharashtra,Disbursed,1109000.0,Salaried,3.0,0,9.0,0,23.0,0,9.9,0,13.3,0,58.2,2.4,0
AU2024304,2024-05-25,2024-05,Home Loan,Urban,Gujarat,Pending Documents,420000.0,MSME Owner,5.7,0,24.2,1,16.8,0,8.9,0,14.9,0,70.5,2.9,1
AU2024305,2024-12-05,2024-12,Home Loan,Semi-Urban,Karnataka,Disbursed,441000.0,Self-Employed,9.5,1,37.8,1,34.1,0,11.2,0,16.6,0,109.2,4.6,1
AU2024306,2024-06-20,2024-06,MSME Loan,Semi-Urban,Odisha,Rejected,2829000.0,Salaried,8.2,1,22.3,0,47.6,0,15.8,0,0.0,0,93.9,3.9,1
AU2024307,2025-02-23,2025-02,Personal Loan,Rural,Gujarat,Disbursed,118000.0,Self-Employed,8.2,1,34.8,1,48.1,1,13.0,0,32.7,1,136.8,5.7,1
AU2024308,2024-12-10,2024-12,MSME Loan,Urban,Madhya Pradesh,Rejected,1838000.0,Salaried,2.6,0,10.6,0,18.9,0,5.5,0,0.0,0,37.6,1.6,0
AU2024309,2024-04-25,2024-04,MSME Loan,Rural,Uttar Pradesh,Rejected,88000.0,Salaried,10.9,1,35.2,1,53.5,1,21.3,1,0.0,0,120.9,5.0,1
AU2024310,2024-03-16,2024-03,Business Loan,Urban,Madhya Pradesh,Under Review,129000.0,Farmer,5.8,0,13.2,0,30.5,0,0.0,0,0.0,0,49.5,2.1,0
AU2024311,2024-01-24,2024-01,MSME Loan,Urban,Rajasthan,Disbursed,811000.0,Self-Employed,4.0,0,11.1,0,51.2,1,9.4,0,16.1,0,91.8,3.8,1
AU2024312,2024-08-31,2024-08,MSME Loan,Semi-Urban,Madhya Pradesh,Disbursed,80000.0,MSME Owner,5.1,0,28.7,1,36.7,0,9.4,0,13.0,0,92.9,3.9,1
AU2024313,2025-03-11,2025-03,Personal Loan,Semi-Urban,Odisha,Rejected,398000.0,Self-Employed,5.0,0,14.0,0,18.6,0,10.0,0,0.0,0,47.6,2.0,0
AU2024314,2024-08-21,2024-08,Personal Loan,Urban,Gujarat,Disbursed,301000.0,Self-Employed,3.0,0,8.9,0,21.4,0,5.9,0,8.6,0,47.8,2.0,0
AU2024315,2025-03-29,2025-03,MSME Loan,Semi-Urban,Haryana,Disbursed,50000.0,Self-Employed,6.6,0,25.0,1,60.5,1,16.4,1,13.1,0,121.6,5.1,1
AU2024316,2024-04-09,2024-04,Vehicle Finance,Semi-Urban,Odisha,Under Review,491000.0,Salaried,7.6,0,14.8,0,28.1,0,0.0,0,0.0,0,50.5,2.1,0
AU2024317,2024-09-10,2024-09,Personal Loan,Urban,Haryana,Under Review,3082000.0,Salaried,4.0,0,14.7,0,12.4,0,0.0,0,0.0,0,31.1,1.3,0
AU2024318,2024-05-04,2024-05,Vehicle Finance,Semi-Urban,Haryana,Disbursed,80000.0,Salaried,8.3,1,24.9,1,43.1,0,17.9,1,25.2,1,119.4,5.0,1
AU2024319,2024-12-01,2024-12,Vehicle Finance,Urban,Maharashtra,Rejected,675000.0,Self-Employed,2.7,0,21.7,0,33.2,0,7.7,0,0.0,0,65.3,2.7,0
AU2024320,2025-04-02,2025-04,Business Loan,Rural,Rajasthan,Under Review,198000.0,Self-Employed,17.7,1,26.4,1,86.2,1,0.0,0,0.0,0,130.3,5.4,1
AU2024321,2025-02-02,2025-02,MSME Loan,Semi-Urban,Gujarat,Pending Documents,755000.0,Self-Employed,5.9,0,17.3,0,42.9,0,12.5,0,11.2,0,89.8,3.7,0
AU2024322,2024-04-22,2024-04,Business Loan,Semi-Urban,Haryana,Rejected,1108000.0,Salaried,5.3,0,27.9,1,49.7,1,8.1,0,0.0,0,91.0,3.8,1
AU2024323,2025-02-15,2025-02,Home Loan,Semi-Urban,Maharashtra,Disbursed,778000.0,MSME Owner,7.5,0,45.5,1,40.6,0,17.6,1,19.3,0,130.5,5.4,1
AU2024324,2024-08-25,2024-08,Personal Loan,Semi-Urban,Karnataka,Disbursed,121000.0,Salaried,9.3,1,30.0,1,45.2,0,17.1,1,20.7,0,122.3,5.1,1
AU2024325,2024-10-12,2024-10,Home Loan,Rural,Rajasthan,Disbursed,480000.0,Self-Employed,9.6,1,59.0,1,58.4,1,16.9,1,24.1,1,168.0,7.0,1
AU2024326,2025-04-14,2025-04,Business Loan,Urban,Madhya Pradesh,Disbursed,684000.0,Self-Employed,2.8,0,9.2,0,44.5,0,7.1,0,15.9,0,79.5,3.3,0
AU2024327,2024-08-21,2024-08,Home Loan,Rural,Gujarat,Disbursed,226000.0,MSME Owner,10.6,1,86.4,1,54.5,1,17.8,1,26.1,1,195.4,8.1,1
AU2024328,2025-02-14,2025-02,Personal Loan,Semi-Urban,Maharashtra,Disbursed,50000.0,MSME Owner,8.9,1,30.7,1,40.8,0,10.3,0,11.6,0,102.3,4.3,1
AU2024329,2024-12-07,2024-12,Home Loan,Urban,Tamil Nadu,Disbursed,529000.0,Salaried,3.0,0,10.9,0,33.1,0,5.9,0,12.7,0,65.6,2.7,0
AU2024330,2024-10-13,2024-10,Personal Loan,Semi-Urban,Karnataka,Disbursed,561000.0,Farmer,9.0,1,32.3,1,25.5,0,14.9,0,11.2,0,92.9,3.9,1
AU2024331,2024-06-11,2024-06,Personal Loan,Rural,Odisha,Disbursed,195000.0,MSME Owner,16.1,1,54.9,1,71.9,1,16.3,1,19.2,0,178.4,7.4,1
AU2024332,2024-11-09,2024-11,Business Loan,Urban,Tamil Nadu,Disbursed,1021000.0,Self-Employed,3.3,0,18.5,0,25.5,0,4.1,0,15.2,0,66.6,2.8,0
AU2024333,2024-08-06,2024-08,Vehicle Finance,Rural,Karnataka,Disbursed,139000.0,MSME Owner,14.2,1,44.3,1,54.0,1,27.6,1,35.6,1,175.7,7.3,1
AU2024334,2024-08-16,2024-08,Vehicle Finance,Rural,Karnataka,Rejected,1878000.0,Self-Employed,10.3,1,45.5,1,68.6,1,28.7,1,0.0,0,153.1,6.4,1
AU2024335,2025-01-15,2025-01,Vehicle Finance,Urban,Maharashtra,Pending Documents,156000.0,Farmer,4.6,0,20.9,0,29.2,0,8.7,0,6.6,0,70.0,2.9,0
AU2024336,2024-08-18,2024-08,Vehicle Finance,Semi-Urban,Tamil Nadu,Rejected,496000.0,Salaried,7.0,0,28.6,1,38.9,0,15.8,0,0.0,0,90.3,3.8,1
AU2024337,2025-01-19,2025-01,Personal Loan,Semi-Urban,Uttar Pradesh,Disbursed,225000.0,Salaried,8.2,1,22.9,0,38.0,0,18.0,1,13.1,0,100.2,4.2,1
AU2024338,2025-03-06,2025-03,Personal Loan,Rural,Madhya Pradesh,Disbursed,681000.0,MSME Owner,17.6,1,43.3,1,47.4,0,19.2,1,22.6,0,150.1,6.3,1
AU2024339,2025-01-27,2025-01,Vehicle Finance,Urban,Uttar Pradesh,Pending Documents,465000.0,Self-Employed,4.4,0,13.7,0,13.2,0,4.3,0,11.1,0,46.7,1.9,0
AU2024340,2024-09-05,2024-09,Personal Loan,Semi-Urban,Karnataka,Under Review,387000.0,Salaried,9.2,1,33.3,1,23.9,0,0.0,0,0.0,0,66.4,2.8,1
AU2024341,2024-05-20,2024-05,MSME Loan,Rural,Madhya Pradesh,Disbursed,646000.0,Farmer,14.2,1,59.0,1,71.1,1,27.3,1,19.9,0,191.5,8.0,1
AU2024342,2024-02-09,2024-02,Business Loan,Urban,Tamil Nadu,Pending Documents,391000.0,Farmer,2.3,0,14.2,0,18.9,0,5.7,0,8.8,0,49.9,2.1,0
AU2024343,2024-04-30,2024-04,Vehicle Finance,Urban,Uttar Pradesh,Disbursed,377000.0,Salaried,2.6,0,23.6,0,30.2,0,11.7,0,11.3,0,79.4,3.3,0
AU2024344,2024-06-20,2024-06,Business Loan,Rural,Uttar Pradesh,Disbursed,88000.0,Salaried,10.6,1,36.8,1,88.3,1,13.1,0,24.3,1,173.1,7.2,1
AU2024345,2025-04-02,2025-04,MSME Loan,Urban,Punjab,Disbursed,116000.0,Farmer,2.6,0,9.3,0,35.9,0,6.4,0,12.8,0,67.0,2.8,0
AU2024346,2024-02-11,2024-02,MSME Loan,Urban,Karnataka,Disbursed,74000.0,Self-Employed,3.1,0,15.8,0,19.4,0,7.7,0,9.7,0,55.7,2.3,0
AU2024347,2024-03-18,2024-03,MSME Loan,Urban,Maharashtra,Disbursed,274000.0,Self-Employed,4.9,0,17.2,0,43.4,0,10.2,0,16.3,0,92.0,3.8,0
AU2024348,2024-07-15,2024-07,Business Loan,Semi-Urban,Madhya Pradesh,Under Review,73000.0,Self-Employed,8.4,1,23.8,0,49.6,1,0.0,0,0.0,0,81.8,3.4,1
AU2024349,2024-12-27,2024-12,MSME Loan,Semi-Urban,Maharashtra,Disbursed,155000.0,Self-Employed,8.6,1,15.0,0,35.0,0,19.4,1,13.2,0,91.2,3.8,1
AU2024350,2024-02-02,2024-02,Vehicle Finance,Semi-Urban,Madhya Pradesh,Disbursed,69000.0,Self-Employed,6.2,0,27.9,1,22.2,0,14.9,0,13.3,0,84.5,3.5,1
AU2024351,2024-07-27,2024-07,Business Loan,Urban,Haryana,Disbursed,555000.0,MSME Owner,3.1,0,22.8,0,55.8,1,8.6,0,7.7,0,98.0,4.1,1
AU2024352,2024-10-04,2024-10,Business Loan,Rural,Punjab,Disbursed,305000.0,MSME Owner,16.0,1,30.3,1,88.2,1,16.0,0,24.5,1,175.0,7.3,1
AU2024353,2024-07-31,2024-07,MSME Loan,Urban,Tamil Nadu,Disbursed,106000.0,Salaried,5.5,0,20.7,0,41.7,0,10.0,0,7.8,0,85.7,3.6,0
AU2024354,2024-04-15,2024-04,Vehicle Finance,Urban,Rajasthan,Disbursed,668000.0,Salaried,3.2,0,11.3,0,17.7,0,11.3,0,11.6,0,55.1,2.3,0
AU2024355,2024-07-18,2024-07,Vehicle Finance,Rural,Haryana,Disbursed,260000.0,Self-Employed,12.3,1,45.5,1,72.0,1,25.9,1,29.9,1,185.6,7.7,1
AU2024356,2025-04-29,2025-04,MSME Loan,Urban,Odisha,Disbursed,139000.0,Self-Employed,4.5,0,22.6,0,36.9,0,8.0,0,6.6,0,78.6,3.3,0
AU2024357,2025-03-14,2025-03,Personal Loan,Semi-Urban,Rajasthan,Disbursed,79000.0,MSME Owner,5.0,0,12.6,0,31.5,0,10.8,0,10.9,0,70.8,3.0,0
AU2024358,2024-07-13,2024-07,Home Loan,Urban,Odisha,Disbursed,110000.0,Self-Employed,5.2,0,20.2,0,30.0,0,5.0,0,15.3,0,75.7,3.2,0
AU2024359,2024-01-04,2024-01,Personal Loan,Semi-Urban,Tamil Nadu,Disbursed,147000.0,Farmer,6.3,0,13.6,0,18.6,0,17.9,1,19.4,0,75.8,3.2,1
AU2024360,2024-06-01,2024-06,Home Loan,Urban,Punjab,Disbursed,468000.0,Salaried,4.4,0,27.6,1,19.6,0,10.8,0,17.4,0,79.8,3.3,1
AU2024361,2025-03-12,2025-03,MSME Loan,Semi-Urban,Haryana,Disbursed,333000.0,Salaried,9.8,1,12.2,0,61.5,1,16.5,1,21.2,0,121.2,5.0,1
AU2024362,2024-10-02,2024-10,MSME Loan,Urban,Haryana,Disbursed,238000.0,Salaried,3.4,0,21.4,0,54.4,1,5.5,0,10.5,0,95.2,4.0,1
AU2024363,2025-02-13,2025-02,MSME Loan,Urban,Karnataka,Disbursed,111000.0,Salaried,4.4,0,10.4,0,55.7,1,7.6,0,12.0,0,90.1,3.8,1
AU2024364,2025-04-04,2025-04,Personal Loan,Semi-Urban,Odisha,Rejected,665000.0,Self-Employed,9.4,1,31.6,1,40.7,0,8.7,0,0.0,0,90.4,3.8,1
AU2024365,2024-09-06,2024-09,Personal Loan,Semi-Urban,Madhya Pradesh,Disbursed,658000.0,Self-Employed,9.3,1,33.5,1,45.3,0,11.8,0,22.4,0,122.3,5.1,1
AU2024366,2024-05-19,2024-05,Business Loan,Urban,Madhya Pradesh,Disbursed,107000.0,MSME Owner,2.5,0,19.8,0,37.8,0,6.3,0,11.9,0,78.3,3.3,0
AU2024367,2024-09-05,2024-09,Business Loan,Semi-Urban,Haryana,Disbursed,50000.0,Salaried,4.7,0,25.1,1,71.0,1,12.1,0,23.2,0,136.1,5.7,1
AU2024368,2024-07-18,2024-07,Home Loan,Rural,Rajasthan,Under Review,2192000.0,Farmer,12.0,1,50.3,1,24.5,0,0.0,0,0.0,0,86.8,3.6,1
AU2024369,2024-12-08,2024-12,Personal Loan,Semi-Urban,Punjab,Disbursed,654000.0,Salaried,9.9,1,17.2,0,20.0,0,15.1,0,23.3,0,85.5,3.6,1
AU2024370,2025-01-05,2025-01,Personal Loan,Semi-Urban,Haryana,Disbursed,50000.0,Farmer,8.9,1,35.6,1,25.8,0,19.6,1,17.8,0,107.7,4.5,1
AU2024371,2025-03-06,2025-03,Business Loan,Urban,Maharashtra,Disbursed,509000.0,MSME Owner,3.8,0,11.6,0,41.2,0,6.0,0,12.9,0,75.5,3.1,0
AU2024372,2025-04-15,2025-04,Business Loan,Rural,Tamil Nadu,Under Review,50000.0,Self-Employed,16.1,1,35.8,1,50.1,1,0.0,0,0.0,0,102.0,4.2,1
AU2024373,2024-11-14,2024-11,Vehicle Finance,Rural,Maharashtra,Disbursed,187000.0,Self-Employed,16.1,1,53.7,1,42.5,0,20.3,1,27.1,1,159.7,6.7,1
AU2024374,2024-01-14,2024-01,MSME Loan,Urban,Karnataka,Pending Documents,388000.0,Salaried,3.9,0,14.5,0,22.6,0,9.3,0,17.7,0,68.0,2.8,0
AU2024375,2024-10-30,2024-10,Vehicle Finance,Semi-Urban,Haryana,Disbursed,2310000.0,Self-Employed,4.7,0,26.7,1,46.2,0,15.9,0,11.4,0,104.9,4.4,1
AU2024376,2024-12-05,2024-12,Business Loan,Semi-Urban,Odisha,Disbursed,418000.0,Self-Employed,6.2,0,18.1,0,30.4,0,12.3,0,17.4,0,84.4,3.5,0
AU2024377,2024-02-12,2024-02,Home Loan,Semi-Urban,Rajasthan,Disbursed,430000.0,Self-Employed,5.1,0,21.1,0,42.8,0,8.5,0,17.5,0,95.0,4.0,0
AU2024378,2024-03-10,2024-03,Personal Loan,Rural,Haryana,Disbursed,273000.0,MSME Owner,17.6,1,31.9,1,66.5,1,28.8,1,45.5,1,190.3,7.9,1
AU2024379,2024-04-03,2024-04,Vehicle Finance,Semi-Urban,Tamil Nadu,Disbursed,50000.0,MSME Owner,7.2,0,28.3,1,30.9,0,16.8,1,24.8,1,108.0,4.5,1
AU2024380,2024-05-13,2024-05,Personal Loan,Rural,Rajasthan,Disbursed,208000.0,Self-Employed,17.2,1,33.0,1,64.5,1,20.7,1,33.4,1,168.8,7.0,1
AU2024381,2024-06-16,2024-06,Business Loan,Semi-Urban,Haryana,Disbursed,966000.0,Salaried,5.6,0,12.2,0,74.9,1,19.6,1,17.1,0,129.4,5.4,1
AU2024382,2024-08-20,2024-08,Home Loan,Urban,Madhya Pradesh,Rejected,1180000.0,Salaried,6.0,0,10.7,0,26.5,0,9.3,0,0.0,0,52.5,2.2,0
AU2024383,2024-06-21,2024-06,Personal Loan,Rural,Punjab,Disbursed,159000.0,Self-Employed,10.2,1,35.1,1,50.2,1,19.5,1,22.8,0,137.8,5.7,1
AU2024384,2024-05-22,2024-05,Personal Loan,Semi-Urban,Haryana,Rejected,106000.0,Salaried,8.0,0,26.5,1,22.9,0,10.8,0,0.0,0,68.2,2.8,1
AU2024385,2024-05-09,2024-05,MSME Loan,Rural,Haryana,Disbursed,210000.0,Salaried,16.7,1,57.4,1,67.4,1,12.9,0,19.2,0,173.6,7.2,1
AU2024386,2024-08-28,2024-08,Vehicle Finance,Urban,Gujarat,Disbursed,220000.0,MSME Owner,3.2,0,8.6,0,26.1,0,7.2,0,17.7,0,62.8,2.6,0
AU2024387,2025-01-18,2025-01,Vehicle Finance,Urban,Rajasthan,Rejected,278000.0,Salaried,5.6,0,14.0,0,25.2,0,4.4,0,0.0,0,49.2,2.0,0
AU2024388,2024-01-27,2024-01,MSME Loan,Rural,Karnataka,Disbursed,540000.0,Farmer,9.0,1,40.2,1,60.7,1,27.7,1,20.5,0,158.1,6.6,1
AU2024389,2024-04-24,2024-04,Personal Loan,Rural,Punjab,Disbursed,147000.0,Self-Employed,12.4,1,36.0,1,42.9,0,21.5,1,22.8,0,135.6,5.6,1
AU2024390,2025-02-03,2025-02,Vehicle Finance,Rural,Gujarat,Rejected,222000.0,Salaried,11.6,1,38.7,1,56.6,1,13.0,0,0.0,0,119.9,5.0,1
AU2024391,2025-01-21,2025-01,Business Loan,Semi-Urban,Rajasthan,Disbursed,223000.0,Self-Employed,5.6,0,33.3,1,70.7,1,11.6,0,14.1,0,135.3,5.6,1
AU2024392,2025-05-01,2025-05,Business Loan,Urban,Rajasthan,Rejected,474000.0,MSME Owner,3.6,0,10.5,0,46.3,0,6.9,0,0.0,0,67.3,2.8,0
AU2024393,2024-04-12,2024-04,Business Loan,Urban,Madhya Pradesh,Pending Documents,783000.0,Salaried,6.0,0,23.6,0,48.5,1,9.3,0,12.9,0,100.3,4.2,1
AU2024394,2024-11-14,2024-11,MSME Loan,Urban,Rajasthan,Disbursed,63000.0,Self-Employed,3.3,0,17.0,0,50.9,1,5.6,0,17.2,0,94.0,3.9,1
AU2024395,2024-05-02,2024-05,Home Loan,Rural,Maharashtra,Disbursed,1874000.0,MSME Owner,8.2,1,79.3,1,25.9,0,28.0,1,47.8,1,189.2,7.9,1
AU2024396,2024-08-30,2024-08,Business Loan,Urban,Maharashtra,Rejected,511000.0,Salaried,2.5,0,23.7,0,43.6,0,10.8,0,0.0,0,80.6,3.4,0
AU2024397,2024-10-15,2024-10,Home Loan,Semi-Urban,Gujarat,Disbursed,174000.0,MSME Owner,7.5,0,31.7,1,26.3,0,17.2,1,14.1,0,96.8,4.0,1
AU2024398,2024-08-26,2024-08,Home Loan,Urban,Madhya Pradesh,Disbursed,110000.0,Salaried,2.5,0,25.8,1,32.4,0,4.4,0,14.8,0,79.9,3.3,1
AU2024399,2025-01-27,2025-01,Business Loan,Semi-Urban,Uttar Pradesh,Pending Documents,586000.0,Salaried,6.8,0,12.3,0,29.2,0,11.1,0,10.5,0,69.9,2.9,0
AU2024400,2024-03-26,2024-03,Vehicle Finance,Semi-Urban,Punjab,Disbursed,147000.0,MSME Owner,9.8,1,13.2,0,44.7,0,14.9,0,20.2,0,102.8,4.3,1
AU2024401,2024-11-06,2024-11,Vehicle Finance,Urban,Odisha,Disbursed,103000.0,Self-Employed,3.4,0,22.7,0,21.8,0,5.1,0,14.6,0,67.6,2.8,0
AU2024402,2025-02-02,2025-02,Business Loan,Semi-Urban,Gujarat,Rejected,303000.0,MSME Owner,8.1,1,34.7,1,40.1,0,8.0,0,0.0,0,90.9,3.8,1
AU2024403,2025-05-08,2025-05,Personal Loan,Semi-Urban,Maharashtra,Disbursed,317000.0,Self-Employed,4.1,0,29.5,1,27.7,0,16.0,0,20.0,0,97.3,4.1,1
AU2024404,2024-02-25,2024-02,Business Loan,Urban,Uttar Pradesh,Disbursed,116000.0,Self-Employed,4.9,0,20.5,0,20.8,0,4.0,0,14.5,0,64.7,2.7,0
AU2024405,2024-01-14,2024-01,Business Loan,Urban,Odisha,Disbursed,368000.0,Self-Employed,5.4,0,23.3,0,39.2,0,8.1,0,7.0,0,83.0,3.5,0
AU2024406,2024-10-21,2024-10,Vehicle Finance,Urban,Uttar Pradesh,Disbursed,58000.0,Salaried,3.3,0,9.5,0,16.2,0,11.9,0,11.3,0,52.2,2.2,0
AU2024407,2024-07-22,2024-07,Vehicle Finance,Rural,Haryana,Pending Documents,139000.0,Self-Employed,16.1,1,35.8,1,38.7,0,19.2,1,38.2,1,148.0,6.2,1
AU2024408,2024-02-08,2024-02,Home Loan,Urban,Madhya Pradesh,Disbursed,98000.0,Self-Employed,4.8,0,28.2,1,30.1,0,11.0,0,12.0,0,86.1,3.6,1
AU2024409,2024-12-19,2024-12,Home Loan,Semi-Urban,Odisha,Disbursed,384000.0,Salaried,5.7,0,32.3,1,36.5,0,18.2,1,13.5,0,106.2,4.4,1
AU2024410,2024-02-22,2024-02,Personal Loan,Rural,Madhya Pradesh,Disbursed,4458000.0,Self-Employed,8.9,1,26.1,1,29.1,0,22.5,1,34.3,1,120.9,5.0,1
AU2024411,2025-03-11,2025-03,Personal Loan,Semi-Urban,Uttar Pradesh,Under Review,132000.0,Salaried,7.0,0,28.5,1,25.6,0,0.0,0,0.0,0,61.1,2.5,1
AU2024412,2025-02-16,2025-02,MSME Loan,Rural,Odisha,Disbursed,111000.0,Self-Employed,12.7,1,30.8,1,90.5,1,22.0,1,28.8,1,184.8,7.7,1
AU2024413,2025-02-11,2025-02,MSME Loan,Urban,Gujarat,Disbursed,1206000.0,Salaried,5.1,0,19.2,0,29.6,0,9.4,0,10.8,0,74.1,3.1,0
AU2024414,2025-02-04,2025-02,Home Loan,Semi-Urban,Odisha,Disbursed,341000.0,Farmer,6.3,0,17.4,0,28.2,0,14.1,0,12.9,0,78.9,3.3,0
AU2024415,2024-06-26,2024-06,Home Loan,Rural,Rajasthan,Disbursed,91000.0,Self-Employed,12.0,1,37.8,1,66.4,1,19.5,1,29.6,1,165.3,6.9,1
AU2024416,2024-08-07,2024-08,Home Loan,Semi-Urban,Karnataka,Disbursed,324000.0,Farmer,4.9,0,33.6,1,36.1,0,15.0,0,17.2,0,106.8,4.5,1
AU2024417,2024-02-05,2024-02,Business Loan,Urban,Punjab,Disbursed,471000.0,Salaried,4.9,0,11.3,0,18.4,0,8.4,0,13.1,0,56.1,2.3,0
AU2024418,2024-11-27,2024-11,MSME Loan,Semi-Urban,Karnataka,Disbursed,329000.0,Salaried,7.4,0,33.8,1,45.2,0,11.6,0,12.6,0,110.6,4.6,1
AU2024419,2024-01-07,2024-01,Personal Loan,Semi-Urban,Punjab,Disbursed,1239000.0,Salaried,9.6,1,30.1,1,35.6,0,17.9,1,11.4,0,104.6,4.4,1
AU2024420,2025-02-25,2025-02,Vehicle Finance,Semi-Urban,Haryana,Under Review,123000.0,Farmer,4.7,0,33.0,1,47.1,0,0.0,0,0.0,0,84.8,3.5,1
AU2024421,2024-02-24,2024-02,Personal Loan,Semi-Urban,Tamil Nadu,Disbursed,721000.0,Self-Employed,9.6,1,28.1,1,32.4,0,17.7,1,27.1,1,114.9,4.8,1
AU2024422,2025-05-06,2025-05,Personal Loan,Rural,Haryana,Disbursed,140000.0,Salaried,12.4,1,47.2,1,42.3,0,13.0,0,36.0,1,150.9,6.3,1
AU2024423,2024-11-21,2024-11,MSME Loan,Urban,Punjab,Disbursed,679000.0,Self-Employed,2.2,0,21.1,0,49.9,1,8.7,0,10.2,0,92.1,3.8,1
AU2024424,2024-12-28,2024-12,Home Loan,Semi-Urban,Tamil Nadu,Under Review,1051000.0,Self-Employed,6.5,0,52.4,1,34.2,0,0.0,0,0.0,0,93.1,3.9,1
AU2024425,2024-08-10,2024-08,Vehicle Finance,Semi-Urban,Maharashtra,Disbursed,504000.0,Salaried,7.6,0,30.3,1,33.7,0,10.7,0,22.0,0,104.3,4.3,1
AU2024426,2025-01-10,2025-01,Personal Loan,Semi-Urban,Maharashtra,Disbursed,152000.0,Self-Employed,4.3,0,21.5,0,33.4,0,13.8,0,16.9,0,89.9,3.7,0
AU2024427,2025-05-09,2025-05,MSME Loan,Urban,Karnataka,Disbursed,147000.0,Salaried,2.3,0,17.2,0,39.2,0,11.0,0,12.7,0,82.4,3.4,0
AU2024428,2024-11-11,2024-11,MSME Loan,Urban,Uttar Pradesh,Disbursed,2714000.0,Salaried,5.8,0,21.5,0,28.2,0,4.6,0,8.0,0,68.1,2.8,0
AU2024429,2025-01-31,2025-01,Personal Loan,Urban,Karnataka,Disbursed,517000.0,Salaried,3.4,0,23.8,0,28.4,0,11.6,0,7.7,0,74.9,3.1,0
AU2024430,2024-08-26,2024-08,Business Loan,Semi-Urban,Tamil Nadu,Disbursed,79000.0,Self-Employed,6.5,0,12.6,0,42.1,0,10.1,0,11.8,0,83.1,3.5,0
AU2024431,2025-02-26,2025-02,MSME Loan,Semi-Urban,Haryana,Rejected,1881000.0,Salaried,6.4,0,17.7,0,29.9,0,10.1,0,0.0,0,64.1,2.7,0
AU2024432,2024-05-17,2024-05,Home Loan,Semi-Urban,Odisha,Disbursed,100000.0,MSME Owner,10.0,1,24.4,1,44.2,0,18.0,1,14.0,0,110.6,4.6,1
AU2024433,2025-03-12,2025-03,Business Loan,Semi-Urban,Punjab,Pending Documents,63000.0,Salaried,8.8,1,20.0,0,62.3,1,13.0,0,20.4,0,124.5,5.2,1
AU2024434,2025-03-01,2025-03,MSME Loan,Rural,Madhya Pradesh,Under Review,320000.0,Salaried,12.2,1,43.7,1,66.0,1,0.0,0,0.0,0,121.9,5.1,1
AU2024435,2024-05-22,2024-05,Personal Loan,Semi-Urban,Gujarat,Disbursed,179000.0,Salaried,5.0,0,34.8,1,44.4,0,18.9,1,27.8,1,130.9,5.5,1
AU2024436,2024-05-04,2024-05,Personal Loan,Urban,Tamil Nadu,Rejected,50000.0,Self-Employed,4.4,0,17.2,0,15.9,0,7.8,0,0.0,0,45.3,1.9,0
AU2024437,2024-10-18,2024-10,Vehicle Finance,Urban,Tamil Nadu,Rejected,151000.0,Salaried,3.4,0,20.5,0,25.5,0,6.1,0,0.0,0,55.5,2.3,0
AU2024438,2024-12-08,2024-12,Vehicle Finance,Rural,Odisha,Rejected,201000.0,Salaried,10.6,1,39.1,1,52.8,1,21.2,1,0.0,0,123.7,5.2,1
AU2024439,2024-06-21,2024-06,Personal Loan,Semi-Urban,Haryana,Disbursed,3936000.0,MSME Owner,4.1,0,26.0,1,46.2,0,10.1,0,18.5,0,104.9,4.4,1
AU2024440,2024-09-10,2024-09,Personal Loan,Semi-Urban,Rajasthan,Disbursed,508000.0,Farmer,5.2,0,12.5,0,43.8,0,14.9,0,26.0,1,102.4,4.3,1
AU2024441,2024-04-03,2024-04,Vehicle Finance,Rural,Punjab,Disbursed,50000.0,MSME Owner,17.1,1,44.6,1,32.7,0,16.8,1,24.0,0,135.2,5.6,1
AU2024442,2024-04-18,2024-04,Personal Loan,Urban,Tamil Nadu,Disbursed,50000.0,Self-Employed,2.3,0,9.4,0,16.1,0,8.1,0,8.6,0,44.5,1.9,0
AU2024443,2025-02-12,2025-02,Business Loan,Semi-Urban,Punjab,Under Review,2082000.0,Salaried,7.9,0,28.1,1,65.7,1,0.0,0,0.0,0,101.7,4.2,1
AU2024444,2024-06-23,2024-06,Personal Loan,Rural,Uttar Pradesh,Disbursed,2177000.0,MSME Owner,17.3,1,59.9,1,58.6,1,17.2,1,44.4,1,197.4,8.2,1
AU2024445,2025-03-26,2025-03,Personal Loan,Urban,Uttar Pradesh,Under Review,615000.0,Salaried,2.9,0,10.2,0,32.6,0,0.0,0,0.0,0,45.7,1.9,0
AU2024446,2024-12-25,2024-12,Personal Loan,Rural,Odisha,Rejected,110000.0,Salaried,17.8,1,47.2,1,68.9,1,17.5,1,0.0,0,151.4,6.3,1
AU2024447,2024-10-11,2024-10,Home Loan,Semi-Urban,Uttar Pradesh,Pending Documents,50000.0,Self-Employed,4.8,0,41.2,1,39.9,0,14.9,0,13.7,0,114.5,4.8,1
AU2024448,2024-09-21,2024-09,Vehicle Finance,Urban,Rajasthan,Disbursed,1109000.0,Salaried,3.6,0,12.3,0,16.8,0,10.3,0,16.9,0,59.9,2.5,0
AU2024449,2024-02-13,2024-02,Business Loan,Rural,Madhya Pradesh,Under Review,622000.0,MSME Owner,9.8,1,58.4,1,63.9,1,0.0,0,0.0,0,132.1,5.5,1
AU2024450,2025-01-03,2025-01,Vehicle Finance,Urban,Madhya Pradesh,Disbursed,798000.0,Farmer,3.2,0,21.7,0,32.6,0,10.1,0,7.8,0,75.4,3.1,0
AU2024451,2024-09-07,2024-09,Home Loan,Rural,Haryana,Rejected,141000.0,Salaried,13.0,1,69.1,1,48.5,1,14.2,0,0.0,0,144.8,6.0,1
AU2024452,2025-01-23,2025-01,MSME Loan,Rural,Karnataka,Disbursed,233000.0,MSME Owner,15.5,1,53.2,1,110.6,1,17.6,1,43.8,1,240.7,10.0,1
AU2024453,2024-12-19,2024-12,Personal Loan,Semi-Urban,Madhya Pradesh,Rejected,390000.0,MSME Owner,5.5,0,33.0,1,23.1,0,8.6,0,0.0,0,70.2,2.9,1
AU2024454,2024-11-26,2024-11,Vehicle Finance,Rural,Tamil Nadu,Disbursed,390000.0,Self-Employed,9.9,1,49.9,1,48.5,1,22.9,1,31.8,1,163.0,6.8,1
AU2024455,2024-08-17,2024-08,MSME Loan,Rural,Tamil Nadu,Rejected,186000.0,Salaried,16.4,1,48.2,1,90.2,1,18.5,1,0.0,0,173.3,7.2,1
AU2024456,2024-02-17,2024-02,Home Loan,Urban,Rajasthan,Disbursed,291000.0,Self-Employed,3.1,0,16.5,0,34.6,0,6.4,0,15.3,0,75.9,3.2,0
AU2024457,2024-04-23,2024-04,Business Loan,Urban,Uttar Pradesh,Disbursed,330000.0,Self-Employed,5.9,0,13.9,0,30.6,0,6.8,0,12.2,0,69.4,2.9,0
AU2024458,2024-12-20,2024-12,Business Loan,Rural,Haryana,Disbursed,77000.0,Farmer,10.5,1,26.6,1,87.4,1,22.7,1,30.5,1,177.7,7.4,1
AU2024459,2024-06-05,2024-06,Business Loan,Rural,Madhya Pradesh,Disbursed,276000.0,MSME Owner,14.5,1,39.1,1,70.6,1,16.6,1,40.6,1,181.4,7.6,1
AU2024460,2024-07-07,2024-07,Vehicle Finance,Urban,Odisha,Disbursed,268000.0,Farmer,3.4,0,8.9,0,16.9,0,7.3,0,8.6,0,45.1,1.9,0
AU2024461,2024-10-10,2024-10,Personal Loan,Rural,Tamil Nadu,Under Review,275000.0,MSME Owner,9.7,1,28.3,1,27.2,0,0.0,0,0.0,0,65.2,2.7,1
AU2024462,2024-06-25,2024-06,Business Loan,Urban,Karnataka,Disbursed,69000.0,Self-Employed,4.9,0,9.8,0,17.5,0,12.0,0,8.8,0,53.0,2.2,0
AU2024463,2025-01-16,2025-01,Personal Loan,Urban,Haryana,Disbursed,52000.0,Self-Employed,5.2,0,13.5,0,22.7,0,9.4,0,12.1,0,62.9,2.6,0
AU2024464,2024-06-18,2024-06,MSME Loan,Rural,Karnataka,Disbursed,212000.0,Farmer,12.8,1,59.5,1,94.9,1,16.5,1,34.2,1,217.9,9.1,1
AU2024465,2024-12-25,2024-12,MSME Loan,Rural,Punjab,Disbursed,1404000.0,MSME Owner,11.5,1,24.3,1,66.1,1,16.2,1,42.6,1,160.7,6.7,1
AU2024466,2024-05-18,2024-05,Business Loan,Rural,Tamil Nadu,Disbursed,83000.0,Salaried,8.7,1,30.7,1,78.6,1,17.2,1,30.5,1,165.7,6.9,1
AU2024467,2024-05-08,2024-05,Business Loan,Rural,Uttar Pradesh,Under Review,113000.0,Self-Employed,11.3,1,27.8,1,111.2,1,0.0,0,0.0,0,150.3,6.3,1
AU2024468,2024-03-02,2024-03,Business Loan,Urban,Madhya Pradesh,Disbursed,176000.0,Self-Employed,2.5,0,9.1,0,53.3,1,5.5,0,15.9,0,86.3,3.6,1
AU2024469,2024-06-10,2024-06,Vehicle Finance,Urban,Madhya Pradesh,Pending Documents,369000.0,Salaried,5.4,0,10.7,0,32.5,0,4.1,0,12.1,0,64.8,2.7,0
AU2024470,2025-01-15,2025-01,Home Loan,Rural,Gujarat,Under Review,133000.0,Salaried,11.8,1,54.2,1,50.1,1,0.0,0,0.0,0,116.1,4.8,1
AU2024471,2025-05-01,2025-05,Personal Loan,Urban,Karnataka,Disbursed,101000.0,MSME Owner,5.0,0,18.3,0,15.7,0,8.4,0,7.0,0,54.4,2.3,0
AU2024472,2024-04-08,2024-04,Business Loan,Semi-Urban,Maharashtra,Disbursed,232000.0,Salaried,5.1,0,21.4,0,73.3,1,9.7,0,23.7,0,133.2,5.5,1
AU2024473,2025-01-13,2025-01,Personal Loan,Rural,Madhya Pradesh,Disbursed,422000.0,MSME Owner,11.4,1,46.6,1,33.2,0,14.6,0,46.1,1,151.9,6.3,1
AU2024474,2024-05-21,2024-05,MSME Loan,Rural,Tamil Nadu,Disbursed,68000.0,Self-Employed,11.6,1,29.3,1,81.9,1,26.7,1,29.5,1,179.0,7.5,1
AU2024475,2025-05-15,2025-05,Personal Loan,Urban,Odisha,Disbursed,79000.0,Salaried,4.6,0,17.6,0,28.7,0,6.9,0,15.9,0,73.7,3.1,0
AU2024476,2024-11-01,2024-11,Personal Loan,Semi-Urban,Karnataka,Under Review,187000.0,MSME Owner,4.2,0,28.6,1,27.5,0,0.0,0,0.0,0,60.3,2.5,1
AU2024477,2024-02-21,2024-02,Personal Loan,Urban,Uttar Pradesh,Disbursed,648000.0,Salaried,3.2,0,9.4,0,33.9,0,4.0,0,11.8,0,62.3,2.6,0
AU2024478,2024-05-31,2024-05,Personal Loan,Urban,Madhya Pradesh,Pending Documents,556000.0,Self-Employed,5.5,0,16.9,0,24.8,0,5.6,0,8.0,0,60.8,2.5,0
AU2024479,2024-07-03,2024-07,MSME Loan,Urban,Madhya Pradesh,Disbursed,110000.0,MSME Owner,3.4,0,23.2,0,46.3,0,8.8,0,16.6,0,98.3,4.1,0
AU2024480,2024-06-03,2024-06,Personal Loan,Urban,Maharashtra,Disbursed,608000.0,Farmer,3.7,0,13.5,0,35.1,0,7.6,0,11.9,0,71.8,3.0,0
AU2024481,2024-12-28,2024-12,Business Loan,Rural,Rajasthan,Disbursed,107000.0,MSME Owner,16.1,1,36.3,1,68.6,1,27.3,1,28.9,1,177.2,7.4,1
AU2024482,2024-03-05,2024-03,Home Loan,Rural,Karnataka,Disbursed,636000.0,MSME Owner,12.0,1,34.0,1,43.3,0,24.1,1,31.5,1,144.9,6.0,1
AU2024483,2024-01-24,2024-01,Home Loan,Urban,Uttar Pradesh,Disbursed,532000.0,Salaried,5.0,0,24.2,1,16.9,0,6.3,0,15.0,0,67.4,2.8,1
AU2024484,2024-10-10,2024-10,Vehicle Finance,Urban,Rajasthan,Pending Documents,101000.0,Farmer,4.1,0,19.3,0,18.1,0,7.6,0,7.5,0,56.6,2.4,0
AU2024485,2024-12-23,2024-12,Personal Loan,Urban,Uttar Pradesh,Disbursed,50000.0,Farmer,3.0,0,18.6,0,32.1,0,8.4,0,7.8,0,69.9,2.9,0
AU2024486,2024-11-22,2024-11,Home Loan,Semi-Urban,Maharashtra,Rejected,50000.0,Self-Employed,4.4,0,50.0,1,21.6,0,11.9,0,0.0,0,87.9,3.7,1
AU2024487,2024-02-22,2024-02,Vehicle Finance,Urban,Tamil Nadu,Disbursed,694000.0,Farmer,3.4,0,21.9,0,14.1,0,10.2,0,16.2,0,65.8,2.7,0
AU2024488,2024-10-20,2024-10,Personal Loan,Semi-Urban,Rajasthan,Disbursed,379000.0,Self-Employed,5.2,0,17.1,0,19.2,0,11.9,0,20.1,0,73.5,3.1,0
AU2024489,2024-08-28,2024-08,MSME Loan,Semi-Urban,Uttar Pradesh,Disbursed,2027000.0,Farmer,8.3,1,34.3,1,51.9,1,11.1,0,11.0,0,116.6,4.9,1
AU2024490,2024-08-13,2024-08,Home Loan,Urban,Tamil Nadu,Disbursed,4129000.0,Self-Employed,2.7,0,19.9,0,26.8,0,11.8,0,14.7,0,75.9,3.2,0
AU2024491,2024-04-04,2024-04,MSME Loan,Rural,Punjab,Disbursed,1064000.0,Salaried,14.7,1,46.4,1,82.4,1,20.8,1,33.9,1,198.2,8.3,1
AU2024492,2024-05-09,2024-05,Business Loan,Semi-Urban,Rajasthan,Disbursed,151000.0,Salaried,6.6,0,27.8,1,47.3,0,11.3,0,20.0,0,113.0,4.7,1
AU2024493,2024-02-28,2024-02,Business Loan,Rural,Tamil Nadu,Pending Documents,469000.0,Self-Employed,11.3,1,50.5,1,36.0,0,20.5,1,28.1,1,146.4,6.1,1
AU2024494,2024-07-24,2024-07,MSME Loan,Urban,Gujarat,Disbursed,239000.0,Salaried,5.9,0,16.3,0,41.2,0,5.9,0,11.8,0,81.1,3.4,0
AU2024495,2024-02-07,2024-02,Business Loan,Urban,Tamil Nadu,Disbursed,1750000.0,MSME Owner,3.0,0,11.1,0,36.7,0,10.1,0,6.7,0,67.6,2.8,0
AU2024496,2024-11-18,2024-11,Vehicle Finance,Urban,Odisha,Disbursed,980000.0,Salaried,3.7,0,8.6,0,22.8,0,8.6,0,12.9,0,56.6,2.4,0
AU2024497,2024-03-18,2024-03,Business Loan,Urban,Rajasthan,Disbursed,212000.0,Self-Employed,2.4,0,20.3,0,55.6,1,11.8,0,16.4,0,106.5,4.4,1
AU2024498,2025-02-19,2025-02,Vehicle Finance,Semi-Urban,Maharashtra,Disbursed,120000.0,Self-Employed,8.5,1,18.8,0,27.5,0,19.1,1,11.0,0,84.9,3.5,1
AU2024499,2025-04-30,2025-04,Vehicle Finance,Rural,Odisha,Disbursed,2851000.0,Self-Employed,10.5,1,36.4,1,64.9,1,22.1,1,33.4,1,167.3,7.0,1
AU2024500,2024-02-13,2024-02,Personal Loan,Urban,Uttar Pradesh,Pending Documents,1211000.0,Salaried,4.7,0,22.9,0,25.8,0,5.0,0,13.0,0,71.4,3.0,0
AU2024501,2024-03-01,2024-03,Home Loan,Semi-Urban,Madhya Pradesh,Under Review,50000.0,Self-Employed,9.4,1,39.3,1,21.9,0,0.0,0,0.0,0,70.6,2.9,1
AU2024502,2025-01-26,2025-01,MSME Loan,Rural,Karnataka,Rejected,98000.0,MSME Owner,12.7,1,32.1,1,83.6,1,12.7,0,0.0,0,141.1,5.9,1
AU2024503,2024-11-06,2024-11,Vehicle Finance,Urban,Haryana,Pending Documents,142000.0,Salaried,2.5,0,11.3,0,30.5,0,7.4,0,12.8,0,64.5,2.7,0
AU2024504,2025-02-08,2025-02,Personal Loan,Urban,Odisha,Disbursed,293000.0,Salaried,4.2,0,22.6,0,21.3,0,10.6,0,7.6,0,66.3,2.8,0
AU2024505,2024-04-25,2024-04,MSME Loan,Rural,Odisha,Pending Documents,288000.0,MSME Owner,11.6,1,57.8,1,55.6,1,18.0,1,39.0,1,182.0,7.6,1
AU2024506,2024-07-13,2024-07,Home Loan,Rural,Karnataka,Disbursed,548000.0,Salaried,11.9,1,47.7,1,38.6,0,29.7,1,37.3,1,165.2,6.9,1
AU2024507,2025-04-10,2025-04,Home Loan,Rural,Tamil Nadu,Disbursed,655000.0,MSME Owner,12.3,1,82.3,1,32.7,0,29.1,1,24.6,1,181.0,7.5,1
AU2024508,2024-06-01,2024-06,Business Loan,Rural,Tamil Nadu,Disbursed,81000.0,MSME Owner,10.3,1,26.1,1,57.6,1,20.5,1,23.0,0,137.5,5.7,1
AU2024509,2024-08-07,2024-08,Business Loan,Urban,Odisha,Disbursed,2754000.0,Self-Employed,5.5,0,10.4,0,40.5,0,9.3,0,11.0,0,76.7,3.2,0
AU2024510,2024-10-18,2024-10,Home Loan,Semi-Urban,Uttar Pradesh,Disbursed,197000.0,Self-Employed,9.9,1,31.4,1,33.1,0,18.9,1,22.9,0,116.2,4.8,1
AU2024511,2024-01-31,2024-01,Vehicle Finance,Rural,Odisha,Under Review,299000.0,Self-Employed,12.8,1,37.9,1,70.4,1,0.0,0,0.0,0,121.1,5.0,1
AU2024512,2025-05-06,2025-05,MSME Loan,Semi-Urban,Odisha,Disbursed,50000.0,Farmer,5.2,0,31.8,1,53.4,1,8.7,0,27.5,1,126.6,5.3,1
AU2024513,2025-04-30,2025-04,Vehicle Finance,Urban,Gujarat,Disbursed,1146000.0,Farmer,3.2,0,11.1,0,15.1,0,6.4,0,15.4,0,51.2,2.1,0
AU2024514,2024-11-16,2024-11,Vehicle Finance,Urban,Madhya Pradesh,Disbursed,445000.0,Salaried,6.0,0,15.8,0,16.3,0,11.1,0,11.5,0,60.7,2.5,0
AU2024515,2024-05-15,2024-05,Home Loan,Rural,Madhya Pradesh,Disbursed,221000.0,Salaried,15.2,1,47.6,1,32.8,0,12.7,0,18.7,0,127.0,5.3,1
AU2024516,2024-03-21,2024-03,Home Loan,Urban,Gujarat,Disbursed,64000.0,Salaried,5.1,0,10.3,0,30.3,0,11.1,0,11.2,0,68.0,2.8,0
AU2024517,2024-03-29,2024-03,Vehicle Finance,Semi-Urban,Madhya Pradesh,Disbursed,2253000.0,Farmer,9.4,1,20.1,0,36.5,0,19.1,1,27.3,1,112.4,4.7,1
AU2024518,2024-02-08,2024-02,Vehicle Finance,Semi-Urban,Karnataka,Disbursed,50000.0,Salaried,6.4,0,36.0,1,19.6,0,14.9,0,11.5,0,88.4,3.7,1
AU2024519,2024-01-02,2024-01,Personal Loan,Semi-Urban,Maharashtra,Disbursed,522000.0,Salaried,5.9,0,14.1,0,27.1,0,19.6,1,27.0,1,93.7,3.9,1
AU2024520,2024-08-18,2024-08,Business Loan,Semi-Urban,Haryana,Under Review,189000.0,Salaried,6.7,0,28.6,1,62.4,1,0.0,0,0.0,0,97.7,4.1,1
AU2024521,2024-08-28,2024-08,Vehicle Finance,Semi-Urban,Odisha,Disbursed,276000.0,Salaried,9.9,1,32.5,1,32.9,0,15.2,0,14.1,0,104.6,4.4,1
AU2024522,2024-01-17,2024-01,Vehicle Finance,Semi-Urban,Uttar Pradesh,Disbursed,1105000.0,Salaried,6.3,0,20.3,0,31.0,0,17.4,1,18.7,0,93.7,3.9,1
AU2024523,2024-05-27,2024-05,Home Loan,Semi-Urban,Madhya Pradesh,Disbursed,137000.0,MSME Owner,5.4,0,23.8,0,33.1,0,11.1,0,10.2,0,83.6,3.5,0
AU2024524,2024-12-25,2024-12,Vehicle Finance,Semi-Urban,Uttar Pradesh,Disbursed,290000.0,Farmer,4.8,0,25.7,1,44.0,0,15.0,0,22.9,0,112.4,4.7,1
AU2024525,2024-02-06,2024-02,Business Loan,Urban,Tamil Nadu,Disbursed,451000.0,Self-Employed,5.5,0,11.9,0,55.6,1,11.7,0,9.0,0,93.7,3.9,1
AU2024526,2025-04-18,2025-04,Business Loan,Rural,Madhya Pradesh,Pending Documents,50000.0,Self-Employed,14.9,1,33.8,1,93.4,1,12.9,0,19.5,0,174.5,7.3,1
AU2024527,2025-02-07,2025-02,Business Loan,Urban,Uttar Pradesh,Disbursed,139000.0,Self-Employed,3.3,0,11.1,0,28.7,0,11.8,0,10.9,0,65.8,2.7,0
AU2024528,2024-12-04,2024-12,Business Loan,Semi-Urban,Odisha,Pending Documents,632000.0,MSME Owner,7.6,0,14.1,0,59.5,1,8.8,0,20.7,0,110.7,4.6,1
AU2024529,2024-08-05,2024-08,Home Loan,Urban,Madhya Pradesh,Under Review,79000.0,Salaried,5.4,0,22.0,0,17.2,0,0.0,0,0.0,0,44.6,1.9,0
AU2024530,2024-10-05,2024-10,Personal Loan,Urban,Gujarat,Disbursed,657000.0,Salaried,3.2,0,11.8,0,17.1,0,7.3,0,14.4,0,53.8,2.2,0
AU2024531,2024-11-27,2024-11,Personal Loan,Urban,Madhya Pradesh,Disbursed,2971000.0,Farmer,5.8,0,20.8,0,17.8,0,4.5,0,9.8,0,58.7,2.4,0
AU2024532,2025-04-10,2025-04,Business Loan,Semi-Urban,Maharashtra,Rejected,300000.0,Self-Employed,8.1,1,19.5,0,28.1,0,16.4,1,0.0,0,72.1,3.0,1
AU2024533,2025-02-27,2025-02,Business Loan,Urban,Uttar Pradesh,Rejected,301000.0,MSME Owner,3.2,0,21.0,0,28.1,0,7.6,0,0.0,0,59.9,2.5,0
AU2024534,2024-02-06,2024-02,Home Loan,Rural,Maharashtra,Disbursed,884000.0,Farmer,9.6,1,75.4,1,51.3,1,16.9,1,32.2,1,185.4,7.7,1
AU2024535,2024-03-25,2024-03,Business Loan,Semi-Urban,Rajasthan,Under Review,1567000.0,Self-Employed,7.8,0,24.4,1,27.6,0,0.0,0,0.0,0,59.8,2.5,1
AU2024536,2024-10-31,2024-10,Business Loan,Urban,Uttar Pradesh,Disbursed,75000.0,Self-Employed,2.5,0,22.8,0,51.6,1,9.7,0,7.3,0,93.9,3.9,1
AU2024537,2025-04-16,2025-04,Home Loan,Rural,Odisha,Rejected,106000.0,Salaried,14.4,1,80.2,1,51.7,1,23.6,1,0.0,0,169.9,7.1,1
AU2024538,2024-08-12,2024-08,Vehicle Finance,Urban,Uttar Pradesh,Disbursed,234000.0,Salaried,4.2,0,10.1,0,28.6,0,10.4,0,8.0,0,61.3,2.6,0
AU2024539,2024-08-27,2024-08,Personal Loan,Urban,Gujarat,Under Review,111000.0,Self-Employed,3.9,0,9.7,0,27.6,0,0.0,0,0.0,0,41.2,1.7,0
AU2024540,2024-12-24,2024-12,Vehicle Finance,Urban,Uttar Pradesh,Disbursed,172000.0,Self-Employed,5.8,0,17.8,0,32.0,0,9.7,0,7.4,0,72.7,3.0,0
AU2024541,2025-04-27,2025-04,Home Loan,Urban,Haryana,Disbursed,136000.0,Salaried,6.0,0,16.9,0,18.7,0,11.4,0,6.3,0,59.3,2.5,0
AU2024542,2024-09-13,2024-09,Home Loan,Semi-Urban,Uttar Pradesh,Under Review,1159000.0,Salaried,7.9,0,53.3,1,45.4,0,0.0,0,0.0,0,106.6,4.4,1
AU2024543,2024-09-09,2024-09,Business Loan,Rural,Karnataka,Rejected,1148000.0,Self-Employed,8.6,1,39.4,1,71.5,1,28.7,1,0.0,0,148.2,6.2,1
AU2024544,2024-02-11,2024-02,Business Loan,Semi-Urban,Tamil Nadu,Disbursed,249000.0,Self-Employed,6.1,0,28.4,1,58.8,1,16.6,1,14.8,0,124.7,5.2,1
AU2024545,2024-01-21,2024-01,Business Loan,Urban,Odisha,Rejected,346000.0,Salaried,4.4,0,21.9,0,52.5,1,7.6,0,0.0,0,86.4,3.6,1
AU2024546,2025-01-11,2025-01,Personal Loan,Semi-Urban,Haryana,Under Review,161000.0,MSME Owner,9.3,1,17.8,0,34.5,0,0.0,0,0.0,0,61.6,2.6,1
AU2024547,2024-11-05,2024-11,MSME Loan,Rural,Punjab,Rejected,51000.0,Salaried,16.4,1,39.8,1,61.1,1,21.8,1,0.0,0,139.1,5.8,1
AU2024548,2024-01-14,2024-01,Home Loan,Semi-Urban,Uttar Pradesh,Disbursed,156000.0,Salaried,7.5,0,47.8,1,18.5,0,8.6,0,20.3,0,102.7,4.3,1
AU2024549,2024-04-27,2024-04,MSME Loan,Urban,Gujarat,Disbursed,157000.0,Self-Employed,3.1,0,8.4,0,46.1,0,9.0,0,13.0,0,79.6,3.3,0
AU2024550,2024-10-27,2024-10,Home Loan,Semi-Urban,Odisha,Disbursed,103000.0,Salaried,8.1,1,48.5,1,46.9,0,15.5,0,13.3,0,132.3,5.5,1
AU2024551,2025-01-26,2025-01,Personal Loan,Rural,Rajasthan,Disbursed,184000.0,Self-Employed,15.8,1,49.3,1,64.1,1,13.0,0,40.4,1,182.6,7.6,1
AU2024552,2024-10-22,2024-10,MSME Loan,Urban,Uttar Pradesh,Disbursed,334000.0,Salaried,4.3,0,10.7,0,45.2,0,5.4,0,8.8,0,74.4,3.1,0
AU2024553,2025-01-25,2025-01,Vehicle Finance,Rural,Rajasthan,Disbursed,245000.0,Salaried,15.6,1,42.0,1,67.8,1,14.6,0,37.4,1,177.4,7.4,1
AU2024554,2024-08-28,2024-08,Personal Loan,Urban,Maharashtra,Rejected,1347000.0,Salaried,3.8,0,14.5,0,35.6,0,6.3,0,0.0,0,60.2,2.5,0
AU2024555,2024-11-29,2024-11,Business Loan,Semi-Urban,Karnataka,Disbursed,486000.0,Farmer,5.6,0,33.5,1,30.3,0,15.9,0,26.3,1,111.6,4.7,1
AU2024556,2025-04-14,2025-04,Personal Loan,Rural,Tamil Nadu,Disbursed,317000.0,Salaried,9.9,1,34.9,1,28.5,0,14.6,0,21.1,0,109.0,4.5,1
AU2024557,2024-04-02,2024-04,Business Loan,Rural,Uttar Pradesh,Disbursed,408000.0,Salaried,14.4,1,31.1,1,41.0,0,15.0,0,45.7,1,147.2,6.1,1
AU2024558,2024-08-11,2024-08,MSME Loan,Urban,Odisha,Rejected,2350000.0,MSME Owner,4.5,0,12.3,0,17.6,0,7.6,0,0.0,0,42.0,1.8,0
AU2024559,2025-05-11,2025-05,Vehicle Finance,Rural,Tamil Nadu,Pending Documents,424000.0,Salaried,14.9,1,48.3,1,71.0,1,29.7,1,38.6,1,202.5,8.4,1
AU2024560,2024-08-28,2024-08,Personal Loan,Rural,Gujarat,Disbursed,309000.0,Self-Employed,14.3,1,39.5,1,45.0,0,17.6,1,40.9,1,157.3,6.6,1
AU2024561,2024-07-28,2024-07,MSME Loan,Rural,Punjab,Disbursed,295000.0,Farmer,15.4,1,33.1,1,38.5,0,16.8,1,45.4,1,149.2,6.2,1
AU2024562,2024-06-13,2024-06,Vehicle Finance,Semi-Urban,Punjab,Disbursed,1322000.0,Salaried,8.9,1,17.6,0,37.6,0,12.9,0,20.7,0,97.7,4.1,1
AU2024563,2025-03-15,2025-03,Personal Loan,Urban,Gujarat,Under Review,56000.0,Salaried,5.3,0,24.0,0,17.1,0,0.0,0,0.0,0,46.4,1.9,0
AU2024564,2024-06-17,2024-06,MSME Loan,Rural,Maharashtra,Disbursed,174000.0,Farmer,17.6,1,29.9,1,57.6,1,13.8,0,26.2,1,145.1,6.0,1
AU2024565,2024-12-21,2024-12,MSME Loan,Urban,Haryana,Disbursed,381000.0,Salaried,5.9,0,18.1,0,33.1,0,5.3,0,17.8,0,80.2,3.3,0
AU2024566,2024-05-27,2024-05,MSME Loan,Urban,Tamil Nadu,Disbursed,596000.0,Self-Employed,5.4,0,15.1,0,45.1,0,9.9,0,8.1,0,83.6,3.5,0
AU2024567,2025-02-20,2025-02,Business Loan,Semi-Urban,Haryana,Disbursed,312000.0,Self-Employed,7.2,0,35.9,1,49.2,1,17.8,1,17.8,0,127.9,5.3,1
AU2024568,2024-01-19,2024-01,Home Loan,Semi-Urban,Karnataka,Under Review,1799000.0,Self-Employed,6.5,0,20.6,0,20.8,0,0.0,0,0.0,0,47.9,2.0,0
AU2024569,2024-02-15,2024-02,Personal Loan,Urban,Tamil Nadu,Rejected,53000.0,Salaried,4.0,0,10.6,0,35.0,0,10.8,0,0.0,0,60.4,2.5,0
AU2024570,2024-05-09,2024-05,Business Loan,Rural,Punjab,Disbursed,74000.0,Self-Employed,8.1,1,39.2,1,91.9,1,20.0,1,40.0,1,199.2,8.3,1
AU2024571,2024-02-29,2024-02,Personal Loan,Rural,Punjab,Disbursed,3273000.0,Salaried,10.4,1,46.6,1,63.8,1,19.5,1,25.7,1,166.0,6.9,1
AU2024572,2025-03-18,2025-03,MSME Loan,Semi-Urban,Haryana,Disbursed,55000.0,Self-Employed,6.2,0,35.9,1,49.5,1,13.8,0,20.2,0,125.6,5.2,1
AU2024573,2025-02-26,2025-02,MSME Loan,Rural,Karnataka,Disbursed,251000.0,MSME Owner,13.9,1,41.7,1,48.8,1,20.4,1,25.4,1,150.2,6.3,1
AU2024574,2024-12-02,2024-12,MSME Loan,Urban,Rajasthan,Pending Documents,3070000.0,Self-Employed,2.5,0,14.0,0,20.1,0,9.0,0,11.4,0,57.0,2.4,0
AU2024575,2024-08-24,2024-08,Home Loan,Urban,Karnataka,Disbursed,495000.0,Self-Employed,5.7,0,28.5,1,22.1,0,8.1,0,7.0,0,71.4,3.0,1
AU2024576,2024-01-28,2024-01,MSME Loan,Semi-Urban,Haryana,Disbursed,97000.0,Farmer,5.0,0,27.6,1,37.5,0,16.6,1,24.0,0,110.7,4.6,1
AU2024577,2024-09-22,2024-09,Home Loan,Semi-Urban,Madhya Pradesh,Under Review,335000.0,Salaried,6.0,0,24.7,1,47.6,0,0.0,0,0.0,0,78.3,3.3,1
AU2024578,2024-11-14,2024-11,Home Loan,Urban,Punjab,Disbursed,131000.0,Salaried,2.1,0,32.9,1,35.2,0,6.7,0,10.1,0,87.0,3.6,1
AU2024579,2024-11-16,2024-11,Personal Loan,Semi-Urban,Tamil Nadu,Under Review,50000.0,Salaried,5.0,0,31.0,1,36.5,0,0.0,0,0.0,0,72.5,3.0,1
AU2024580,2025-01-24,2025-01,Business Loan,Urban,Tamil Nadu,Rejected,173000.0,Farmer,3.6,0,20.3,0,35.8,0,11.2,0,0.0,0,70.9,3.0,0
AU2024581,2024-04-14,2024-04,Personal Loan,Rural,Rajasthan,Under Review,1054000.0,MSME Owner,10.0,1,53.0,1,64.8,1,0.0,0,0.0,0,127.8,5.3,1
AU2024582,2024-10-08,2024-10,Personal Loan,Urban,Uttar Pradesh,Disbursed,2106000.0,Salaried,5.8,0,8.7,0,15.4,0,4.1,0,12.8,0,46.8,1.9,0
AU2024583,2025-04-19,2025-04,MSME Loan,Semi-Urban,Maharashtra,Under Review,787000.0,Salaried,7.3,0,23.0,0,50.4,1,0.0,0,0.0,0,80.7,3.4,1
AU2024584,2024-08-12,2024-08,Vehicle Finance,Rural,Uttar Pradesh,Disbursed,420000.0,Salaried,16.7,1,46.1,1,31.5,0,29.3,1,33.6,1,157.2,6.5,1
AU2024585,2024-03-03,2024-03,Personal Loan,Semi-Urban,Tamil Nadu,Disbursed,93000.0,MSME Owner,8.9,1,35.5,1,33.1,0,13.5,0,23.6,0,114.6,4.8,1
AU2024586,2025-05-13,2025-05,Personal Loan,Semi-Urban,Rajasthan,Disbursed,224000.0,Farmer,9.1,1,14.4,0,20.7,0,11.2,0,25.7,1,81.1,3.4,1
AU2024587,2025-02-13,2025-02,Personal Loan,Semi-Urban,Odisha,Disbursed,108000.0,Self-Employed,6.1,0,30.9,1,25.0,0,15.7,0,14.2,0,91.9,3.8,1
AU2024588,2024-12-29,2024-12,Home Loan,Rural,Madhya Pradesh,Disbursed,358000.0,Salaried,12.3,1,40.5,1,57.6,1,25.7,1,21.2,0,157.3,6.6,1
AU2024589,2024-06-08,2024-06,Vehicle Finance,Rural,Maharashtra,Pending Documents,827000.0,Self-Employed,17.5,1,43.3,1,42.9,0,27.3,1,32.8,1,163.8,6.8,1
AU2024590,2024-01-08,2024-01,Vehicle Finance,Semi-Urban,Karnataka,Under Review,185000.0,Salaried,7.0,0,25.7,1,25.2,0,0.0,0,0.0,0,57.9,2.4,1
AU2024591,2024-07-27,2024-07,Business Loan,Urban,Karnataka,Disbursed,968000.0,Farmer,3.2,0,10.7,0,34.9,0,6.5,0,6.4,0,61.7,2.6,0
AU2024592,2024-04-25,2024-04,Business Loan,Semi-Urban,Gujarat,Disbursed,117000.0,Farmer,6.3,0,18.2,0,37.4,0,13.5,0,23.7,0,99.1,4.1,0
AU2024593,2024-08-24,2024-08,Personal Loan,Semi-Urban,Gujarat,Disbursed,50000.0,Self-Employed,8.7,1,20.1,0,34.9,0,10.5,0,23.4,0,97.6,4.1,1
AU2024594,2024-11-27,2024-11,Personal Loan,Rural,Gujarat,Disbursed,184000.0,MSME Owner,11.2,1,56.6,1,30.1,0,15.2,0,32.8,1,145.9,6.1,1
AU2024595,2024-09-12,2024-09,Personal Loan,Urban,Maharashtra,Pending Documents,697000.0,Farmer,3.5,0,22.8,0,25.1,0,6.2,0,14.4,0,72.0,3.0,0
AU2024596,2024-09-17,2024-09,Home Loan,Rural,Uttar Pradesh,Disbursed,177000.0,Salaried,8.0,0,90.0,1,62.5,1,26.2,1,33.3,1,220.0,9.2,1
AU2024597,2024-07-31,2024-07,Business Loan,Urban,Uttar Pradesh,Disbursed,315000.0,Self-Employed,5.0,0,16.6,0,19.2,0,4.1,0,7.2,0,52.1,2.2,0
AU2024598,2024-08-29,2024-08,Business Loan,Rural,Tamil Nadu,Disbursed,226000.0,Self-Employed,9.1,1,55.5,1,97.2,1,15.0,0,33.4,1,210.2,8.8,1
AU2024599,2024-08-21,2024-08,Vehicle Finance,Semi-Urban,Madhya Pradesh,Pending Documents,1257000.0,Self-Employed,7.2,0,13.2,0,19.9,0,10.2,0,10.6,0,61.1,2.5,0
AU2024600,2024-03-15,2024-03,Home Loan,Semi-Urban,Karnataka,Disbursed,198000.0,Salaried,5.5,0,29.5,1,25.6,0,13.9,0,17.3,0,91.8,3.8,1
AU2024601,2024-04-07,2024-04,MSME Loan,Urban,Haryana,Disbursed,361000.0,Salaried,4.5,0,8.9,0,50.3,1,8.1,0,12.3,0,84.1,3.5,1
AU2024602,2024-09-17,2024-09,Vehicle Finance,Urban,Odisha,Disbursed,698000.0,Salaried,2.5,0,23.5,0,12.5,0,10.4,0,15.5,0,64.4,2.7,0
AU2024603,2025-03-18,2025-03,Business Loan,Urban,Maharashtra,Disbursed,50000.0,MSME Owner,4.6,0,20.5,0,54.4,1,9.5,0,7.9,0,96.9,4.0,1
AU2024604,2024-05-21,2024-05,Personal Loan,Rural,Gujarat,Disbursed,335000.0,Self-Employed,17.2,1,47.4,1,28.3,0,29.1,1,25.8,1,147.8,6.2,1
AU2024605,2024-06-23,2024-06,Business Loan,Semi-Urban,Haryana,Disbursed,169000.0,Self-Employed,4.7,0,21.6,0,42.9,0,17.3,1,24.5,1,111.0,4.6,1
AU2024606,2024-05-16,2024-05,Personal Loan,Urban,Karnataka,Disbursed,408000.0,MSME Owner,2.8,0,13.9,0,14.5,0,9.0,0,7.5,0,47.7,2.0,0
AU2024607,2024-05-24,2024-05,MSME Loan,Rural,Rajasthan,Disbursed,164000.0,Self-Employed,17.1,1,43.9,1,47.3,0,18.8,1,43.3,1,170.4,7.1,1
AU2024608,2025-03-04,2025-03,Vehicle Finance,Semi-Urban,Uttar Pradesh,Under Review,299000.0,MSME Owner,8.5,1,26.6,1,23.0,0,0.0,0,0.0,0,58.1,2.4,1
AU2024609,2024-10-23,2024-10,Personal Loan,Semi-Urban,Odisha,Disbursed,100000.0,Salaried,4.1,0,21.6,0,34.5,0,15.4,0,21.9,0,97.5,4.1,0
AU2024610,2025-03-19,2025-03,MSME Loan,Urban,Tamil Nadu,Disbursed,219000.0,Farmer,5.4,0,16.0,0,56.2,1,4.8,0,9.6,0,92.0,3.8,1
AU2024611,2024-08-16,2024-08,Vehicle Finance,Urban,Maharashtra,Pending Documents,330000.0,Salaried,4.2,0,17.5,0,27.7,0,6.0,0,10.4,0,65.8,2.7,0
AU2024612,2024-09-04,2024-09,MSME Loan,Urban,Karnataka,Under Review,1442000.0,MSME Owner,2.8,0,17.1,0,51.6,1,0.0,0,0.0,0,71.5,3.0,1
AU2024613,2024-06-19,2024-06,Vehicle Finance,Urban,Punjab,Disbursed,401000.0,Farmer,3.3,0,21.9,0,33.2,0,6.8,0,7.0,0,72.2,3.0,0
AU2024614,2025-01-25,2025-01,Home Loan,Urban,Karnataka,Rejected,121000.0,MSME Owner,3.5,0,21.5,0,21.0,0,6.9,0,0.0,0,52.9,2.2,0
AU2024615,2024-07-12,2024-07,MSME Loan,Urban,Karnataka,Disbursed,50000.0,MSME Owner,3.1,0,12.4,0,54.3,1,9.8,0,12.9,0,92.5,3.9,1
AU2024616,2025-04-22,2025-04,Vehicle Finance,Urban,Tamil Nadu,Disbursed,5000000.0,Self-Employed,2.3,0,11.1,0,34.8,0,7.3,0,11.6,0,67.1,2.8,0
AU2024617,2025-03-21,2025-03,Personal Loan,Urban,Punjab,Rejected,535000.0,Self-Employed,4.0,0,11.9,0,29.9,0,5.3,0,0.0,0,51.1,2.1,0
AU2024618,2024-12-23,2024-12,Vehicle Finance,Urban,Madhya Pradesh,Disbursed,1177000.0,MSME Owner,3.7,0,9.2,0,18.6,0,11.8,0,13.2,0,56.5,2.4,0
AU2024619,2024-10-19,2024-10,Home Loan,Urban,Madhya Pradesh,Disbursed,1113000.0,Salaried,4.3,0,33.9,1,35.2,0,8.3,0,11.5,0,93.2,3.9,1
AU2024620,2024-04-29,2024-04,MSME Loan,Semi-Urban,Haryana,Disbursed,50000.0,Self-Employed,6.7,0,26.0,1,43.2,0,10.0,0,19.1,0,105.0,4.4,1
AU2024621,2024-01-23,2024-01,MSME Loan,Semi-Urban,Haryana,Disbursed,213000.0,Farmer,9.5,1,17.0,0,27.0,0,16.9,1,24.9,1,95.3,4.0,1
AU2024622,2025-01-16,2025-01,MSME Loan,Rural,Punjab,Disbursed,160000.0,Salaried,12.6,1,46.6,1,78.7,1,25.4,1,26.4,1,189.7,7.9,1
AU2024623,2024-12-27,2024-12,Vehicle Finance,Urban,Tamil Nadu,Disbursed,277000.0,MSME Owner,4.8,0,23.9,0,18.7,0,8.0,0,10.0,0,65.4,2.7,0
AU2024624,2024-07-16,2024-07,Business Loan,Rural,Haryana,Rejected,210000.0,Farmer,8.6,1,56.0,1,60.0,1,17.7,1,0.0,0,142.3,5.9,1
AU2024625,2024-09-10,2024-09,MSME Loan,Urban,Maharashtra,Disbursed,367000.0,Farmer,3.6,0,11.2,0,33.4,0,7.1,0,17.0,0,72.3,3.0,0
AU2024626,2024-03-05,2024-03,Home Loan,Semi-Urban,Rajasthan,Pending Documents,125000.0,Salaried,6.6,0,21.1,0,46.4,0,17.2,1,14.8,0,106.1,4.4,1
AU2024627,2025-05-09,2025-05,Vehicle Finance,Semi-Urban,Karnataka,Pending Documents,253000.0,Farmer,7.1,0,30.6,1,34.9,0,14.6,0,12.1,0,99.3,4.1,1
AU2024628,2024-06-18,2024-06,Personal Loan,Semi-Urban,Odisha,Disbursed,295000.0,Self-Employed,9.8,1,23.6,0,19.9,0,14.6,0,25.1,1,93.0,3.9,1
AU2024629,2025-03-23,2025-03,MSME Loan,Semi-Urban,Gujarat,Disbursed,168000.0,Farmer,5.1,0,26.8,1,45.7,0,8.5,0,16.3,0,102.4,4.3,1
AU2024630,2024-02-21,2024-02,Business Loan,Semi-Urban,Tamil Nadu,Pending Documents,651000.0,Salaried,7.2,0,13.7,0,72.6,1,17.2,1,21.8,0,132.5,5.5,1
AU2024631,2025-04-11,2025-04,MSME Loan,Semi-Urban,Karnataka,Pending Documents,139000.0,MSME Owner,9.5,1,24.4,1,31.0,0,14.3,0,12.3,0,91.5,3.8,1
AU2024632,2024-01-08,2024-01,Vehicle Finance,Semi-Urban,Tamil Nadu,Disbursed,546000.0,Self-Employed,6.5,0,29.2,1,36.1,0,11.6,0,17.4,0,100.8,4.2,1
AU2024633,2024-07-28,2024-07,Personal Loan,Rural,Maharashtra,Disbursed,265000.0,Self-Employed,8.3,1,32.0,1,61.5,1,15.6,0,20.4,0,137.8,5.7,1
AU2024634,2024-02-08,2024-02,Vehicle Finance,Urban,Maharashtra,Disbursed,513000.0,Farmer,5.4,0,18.9,0,13.3,0,10.3,0,16.1,0,64.0,2.7,0
AU2024635,2025-02-04,2025-02,Home Loan,Semi-Urban,Tamil Nadu,Disbursed,559000.0,MSME Owner,8.4,1,53.2,1,22.7,0,10.7,0,13.8,0,108.8,4.5,1
AU2024636,2024-06-22,2024-06,Home Loan,Urban,Uttar Pradesh,Disbursed,168000.0,MSME Owner,4.2,0,33.4,1,34.2,0,4.1,0,6.9,0,82.8,3.5,1
AU2024637,2024-12-20,2024-12,Business Loan,Semi-Urban,Odisha,Under Review,859000.0,Self-Employed,7.6,0,16.5,0,66.1,1,0.0,0,0.0,0,90.2,3.8,1
AU2024638,2024-11-28,2024-11,Vehicle Finance,Urban,Haryana,Disbursed,74000.0,Self-Employed,3.3,0,16.3,0,26.1,0,4.1,0,15.1,0,64.9,2.7,0
AU2024639,2025-03-12,2025-03,Home Loan,Urban,Gujarat,Disbursed,271000.0,MSME Owner,5.8,0,16.2,0,19.8,0,5.5,0,12.9,0,60.2,2.5,0
AU2024640,2025-03-12,2025-03,Personal Loan,Urban,Punjab,Rejected,50000.0,Self-Employed,4.2,0,8.1,0,13.9,0,11.1,0,0.0,0,37.3,1.6,0
AU2024641,2024-07-13,2024-07,Home Loan,Rural,Karnataka,Disbursed,891000.0,Self-Employed,13.7,1,83.0,1,69.2,1,25.3,1,20.6,0,211.8,8.8,1
AU2024642,2024-11-16,2024-11,Home Loan,Semi-Urban,Punjab,Disbursed,209000.0,Salaried,6.3,0,48.3,1,40.5,0,11.3,0,12.1,0,118.5,4.9,1
AU2024643,2025-03-22,2025-03,Business Loan,Rural,Tamil Nadu,Disbursed,1306000.0,Self-Employed,14.0,1,37.2,1,99.2,1,21.4,1,21.5,0,193.3,8.1,1
AU2024644,2024-01-19,2024-01,Personal Loan,Semi-Urban,Karnataka,Pending Documents,619000.0,MSME Owner,5.5,0,12.9,0,21.1,0,16.7,1,13.6,0,69.8,2.9,1
AU2024645,2024-02-05,2024-02,Business Loan,Semi-Urban,Odisha,Rejected,174000.0,Salaried,6.4,0,23.6,0,52.6,1,17.8,1,0.0,0,100.4,4.2,1
AU2024646,2024-11-19,2024-11,MSME Loan,Semi-Urban,Madhya Pradesh,Disbursed,120000.0,Salaried,8.0,0,24.6,1,57.6,1,12.1,0,26.3,1,128.6,5.4,1
AU2024647,2024-04-26,2024-04,Vehicle Finance,Urban,Uttar Pradesh,Disbursed,1679000.0,MSME Owner,5.2,0,15.9,0,33.5,0,6.1,0,10.9,0,71.6,3.0,0
AU2024648,2024-08-10,2024-08,MSME Loan,Rural,Gujarat,Rejected,173000.0,Salaried,10.4,1,39.0,1,53.6,1,17.8,1,0.0,0,120.8,5.0,1
AU2024649,2025-01-24,2025-01,Business Loan,Semi-Urban,Gujarat,Disbursed,658000.0,Salaried,8.5,1,33.4,1,63.6,1,12.0,0,23.4,0,140.9,5.9,1
AU2024650,2024-08-15,2024-08,Personal Loan,Urban,Gujarat,Disbursed,138000.0,Salaried,2.5,0,21.7,0,27.2,0,6.0,0,12.7,0,70.1,2.9,0
AU2024651,2024-12-21,2024-12,Vehicle Finance,Semi-Urban,Maharashtra,Disbursed,602000.0,Farmer,5.9,0,28.7,1,18.5,0,12.5,0,16.3,0,81.9,3.4,1
AU2024652,2025-04-07,2025-04,Vehicle Finance,Urban,Uttar Pradesh,Rejected,565000.0,MSME Owner,4.2,0,19.9,0,27.9,0,6.8,0,0.0,0,58.8,2.4,0
AU2024653,2024-01-24,2024-01,Business Loan,Semi-Urban,Rajasthan,Rejected,82000.0,Self-Employed,5.8,0,23.0,0,66.7,1,19.2,1,0.0,0,114.7,4.8,1
AU2024654,2025-02-11,2025-02,Home Loan,Rural,Punjab,Disbursed,622000.0,MSME Owner,16.6,1,55.5,1,28.3,0,19.9,1,24.9,1,145.2,6.0,1
AU2024655,2024-05-30,2024-05,Business Loan,Rural,Rajasthan,Disbursed,91000.0,MSME Owner,12.3,1,45.5,1,40.4,0,18.1,1,20.7,0,137.0,5.7,1
AU2024656,2024-07-10,2024-07,MSME Loan,Rural,Punjab,Disbursed,91000.0,Self-Employed,17.4,1,24.1,1,52.5,1,28.9,1,23.1,0,146.0,6.1,1
AU2024657,2024-03-15,2024-03,Personal Loan,Semi-Urban,Haryana,Under Review,163000.0,Self-Employed,10.0,1,28.3,1,20.2,0,0.0,0,0.0,0,58.5,2.4,1
AU2024658,2024-09-28,2024-09,Business Loan,Semi-Urban,Madhya Pradesh,Disbursed,1033000.0,Self-Employed,10.0,1,18.9,0,39.3,0,9.9,0,13.0,0,91.1,3.8,1
AU2024659,2024-10-16,2024-10,Business Loan,Rural,Haryana,Under Review,219000.0,Farmer,10.3,1,55.7,1,59.9,1,0.0,0,0.0,0,125.9,5.2,1
AU2024660,2024-03-28,2024-03,Vehicle Finance,Urban,Maharashtra,Disbursed,806000.0,Self-Employed,6.0,0,8.9,0,20.5,0,7.9,0,12.0,0,55.3,2.3,0
AU2024661,2024-02-10,2024-02,Business Loan,Semi-Urban,Maharashtra,Under Review,100000.0,Farmer,8.8,1,32.4,1,53.1,1,0.0,0,0.0,0,94.3,3.9,1
AU2024662,2025-03-21,2025-03,Business Loan,Urban,Odisha,Disbursed,134000.0,Self-Employed,2.2,0,9.8,0,25.0,0,7.7,0,11.2,0,55.9,2.3,0
AU2024663,2024-11-13,2024-11,Home Loan,Semi-Urban,Haryana,Disbursed,194000.0,Salaried,5.9,0,45.2,1,19.6,0,8.2,0,24.3,1,103.2,4.3,1
AU2024664,2024-09-11,2024-09,Vehicle Finance,Urban,Madhya Pradesh,Disbursed,226000.0,Self-Employed,5.9,0,23.5,0,17.2,0,10.5,0,8.4,0,65.5,2.7,0
AU2024665,2024-03-14,2024-03,Personal Loan,Semi-Urban,Odisha,Disbursed,2061000.0,Farmer,4.5,0,24.3,1,45.6,0,18.8,1,12.8,0,106.0,4.4,1
AU2024666,2024-08-24,2024-08,Business Loan,Semi-Urban,Madhya Pradesh,Disbursed,182000.0,Self-Employed,7.6,0,13.7,0,36.6,0,19.2,1,26.4,1,103.5,4.3,1
AU2024667,2024-08-23,2024-08,Home Loan,Urban,Uttar Pradesh,Disbursed,64000.0,Self-Employed,3.1,0,33.6,1,27.2,0,4.6,0,16.9,0,85.4,3.6,1
AU2024668,2024-12-07,2024-12,MSME Loan,Urban,Uttar Pradesh,Disbursed,104000.0,Salaried,4.3,0,23.3,0,36.6,0,4.7,0,13.4,0,82.3,3.4,0
AU2024669,2025-04-05,2025-04,Business Loan,Rural,Rajasthan,Disbursed,50000.0,Salaried,9.9,1,51.7,1,54.8,1,25.8,1,24.2,1,166.4,6.9,1
AU2024670,2025-04-06,2025-04,Business Loan,Semi-Urban,Tamil Nadu,Pending Documents,91000.0,Self-Employed,6.8,0,33.6,1,72.4,1,12.6,0,18.9,0,144.3,6.0,1
AU2024671,2024-12-12,2024-12,MSME Loan,Rural,Uttar Pradesh,Disbursed,174000.0,Salaried,12.2,1,32.3,1,49.4,1,12.7,0,37.3,1,143.9,6.0,1
AU2024672,2024-03-21,2024-03,Business Loan,Urban,Karnataka,Disbursed,425000.0,Self-Employed,3.7,0,23.6,0,24.2,0,5.7,0,9.5,0,66.7,2.8,0
AU2024673,2024-08-14,2024-08,Personal Loan,Urban,Gujarat,Under Review,399000.0,Self-Employed,3.6,0,23.0,0,13.2,0,0.0,0,0.0,0,39.8,1.7,0
AU2024674,2024-10-27,2024-10,Vehicle Finance,Urban,Punjab,Disbursed,1169000.0,Self-Employed,3.3,0,9.5,0,22.3,0,5.0,0,17.4,0,57.5,2.4,0
AU2024675,2024-11-23,2024-11,Vehicle Finance,Urban,Uttar Pradesh,Rejected,813000.0,Self-Employed,3.2,0,21.0,0,32.8,0,9.4,0,0.0,0,66.4,2.8,0
AU2024676,2024-12-19,2024-12,Vehicle Finance,Rural,Haryana,Disbursed,423000.0,Salaried,15.5,1,41.1,1,45.4,0,12.1,0,42.6,1,156.7,6.5,1
AU2024677,2024-08-21,2024-08,Business Loan,Semi-Urban,Uttar Pradesh,Rejected,194000.0,MSME Owner,9.7,1,24.8,1,45.4,0,19.4,1,0.0,0,99.3,4.1,1
AU2024678,2024-04-11,2024-04,Business Loan,Urban,Uttar Pradesh,Under Review,1262000.0,Self-Employed,2.8,0,17.6,0,18.5,0,0.0,0,0.0,0,38.9,1.6,0
AU2024679,2025-03-12,2025-03,Business Loan,Semi-Urban,Haryana,Under Review,71000.0,MSME Owner,4.2,0,16.7,0,52.4,1,0.0,0,0.0,0,73.3,3.1,1
AU2024680,2024-02-24,2024-02,MSME Loan,Urban,Tamil Nadu,Disbursed,70000.0,Salaried,5.8,0,11.9,0,25.8,0,4.7,0,17.1,0,65.3,2.7,0
AU2024681,2024-07-14,2024-07,Vehicle Finance,Semi-Urban,Madhya Pradesh,Under Review,239000.0,Salaried,7.7,0,12.9,0,23.6,0,0.0,0,0.0,0,44.2,1.8,0
AU2024682,2024-07-02,2024-07,Business Loan,Urban,Odisha,Disbursed,129000.0,MSME Owner,3.1,0,11.1,0,36.7,0,10.9,0,8.9,0,70.7,2.9,0
AU2024683,2024-05-31,2024-05,Personal Loan,Urban,Odisha,Rejected,114000.0,Self-Employed,5.3,0,23.4,0,31.0,0,8.8,0,0.0,0,68.5,2.9,0
AU2024684,2024-01-12,2024-01,Personal Loan,Rural,Uttar Pradesh,Disbursed,436000.0,Salaried,13.9,1,45.1,1,45.4,0,27.1,1,25.9,1,157.4,6.6,1
AU2024685,2024-05-20,2024-05,Business Loan,Semi-Urban,Haryana,Rejected,98000.0,MSME Owner,6.4,0,27.5,1,32.7,0,19.2,1,0.0,0,85.8,3.6,1
AU2024686,2024-10-16,2024-10,Home Loan,Urban,Rajasthan,Disbursed,856000.0,Self-Employed,5.7,0,22.6,0,23.8,0,5.0,0,15.6,0,72.7,3.0,0
AU2024687,2025-04-11,2025-04,Personal Loan,Rural,Rajasthan,Under Review,258000.0,Farmer,13.2,1,48.4,1,61.4,1,0.0,0,0.0,0,123.0,5.1,1
AU2024688,2025-01-16,2025-01,Personal Loan,Semi-Urban,Odisha,Disbursed,159000.0,Self-Employed,7.7,0,13.8,0,33.1,0,10.2,0,20.3,0,85.1,3.5,0
AU2024689,2025-03-02,2025-03,Vehicle Finance,Semi-Urban,Tamil Nadu,Rejected,78000.0,Salaried,8.6,1,22.4,0,32.5,0,15.8,0,0.0,0,79.3,3.3,1
AU2024690,2025-02-01,2025-02,Home Loan,Semi-Urban,Uttar Pradesh,Disbursed,343000.0,Salaried,6.1,0,38.1,1,43.1,0,8.5,0,14.3,0,110.1,4.6,1
AU2024691,2024-11-06,2024-11,MSME Loan,Urban,Madhya Pradesh,Disbursed,466000.0,Farmer,4.5,0,12.2,0,18.7,0,4.2,0,8.9,0,48.5,2.0,0
AU2024692,2024-04-22,2024-04,MSME Loan,Semi-Urban,Punjab,Rejected,223000.0,Salaried,7.1,0,33.8,1,66.0,1,8.8,0,0.0,0,115.7,4.8,1
AU2024693,2024-11-13,2024-11,Vehicle Finance,Rural,Madhya Pradesh,Disbursed,625000.0,Self-Employed,16.8,1,38.8,1,47.1,0,13.3,0,26.3,1,142.3,5.9,1
AU2024694,2024-12-13,2024-12,Business Loan,Rural,Uttar Pradesh,Disbursed,2405000.0,Salaried,12.9,1,50.6,1,104.1,1,23.3,1,38.1,1,229.0,9.5,1
AU2024695,2024-11-17,2024-11,Personal Loan,Rural,Maharashtra,Disbursed,163000.0,MSME Owner,10.6,1,57.6,1,58.6,1,25.6,1,24.6,1,177.0,7.4,1
AU2024696,2025-04-07,2025-04,Business Loan,Semi-Urban,Gujarat,Rejected,189000.0,MSME Owner,7.1,0,23.1,0,41.0,0,15.0,0,0.0,0,86.2,3.6,0
AU2024697,2024-06-07,2024-06,Business Loan,Semi-Urban,Rajasthan,Rejected,488000.0,MSME Owner,4.3,0,32.6,1,48.4,1,11.1,0,0.0,0,96.4,4.0,1
AU2024698,2024-01-18,2024-01,Vehicle Finance,Rural,Tamil Nadu,Disbursed,175000.0,Self-Employed,17.9,1,51.7,1,34.1,0,21.0,1,25.0,1,149.7,6.2,1
AU2024699,2024-07-05,2024-07,Business Loan,Rural,Odisha,Rejected,350000.0,Salaried,17.2,1,45.3,1,64.2,1,21.0,1,0.0,0,147.7,6.2,1
AU2024700,2024-02-16,2024-02,Vehicle Finance,Semi-Urban,Maharashtra,Disbursed,441000.0,Self-Employed,4.8,0,30.4,1,46.0,0,19.4,1,16.6,0,117.2,4.9,1
AU2024701,2024-06-16,2024-06,Personal Loan,Semi-Urban,Uttar Pradesh,Disbursed,161000.0,Farmer,5.1,0,18.1,0,30.2,0,12.6,0,24.3,1,90.3,3.8,1
AU2024702,2024-03-30,2024-03,Vehicle Finance,Urban,Haryana,Disbursed,73000.0,Self-Employed,4.3,0,19.4,0,34.5,0,11.3,0,17.4,0,86.9,3.6,0
AU2024703,2024-03-08,2024-03,Personal Loan,Urban,Madhya Pradesh,Disbursed,278000.0,Farmer,5.9,0,21.7,0,14.6,0,11.6,0,11.1,0,64.9,2.7,0
AU2024704,2025-03-24,2025-03,Personal Loan,Semi-Urban,Karnataka,Disbursed,50000.0,Self-Employed,7.7,0,32.9,1,37.9,0,13.2,0,24.7,1,116.4,4.9,1
AU2024705,2024-09-28,2024-09,MSME Loan,Urban,Punjab,Disbursed,491000.0,Salaried,2.2,0,18.7,0,51.4,1,5.3,0,15.7,0,93.3,3.9,1
AU2024706,2025-04-12,2025-04,MSME Loan,Rural,Karnataka,Disbursed,196000.0,Self-Employed,8.5,1,25.6,1,92.1,1,20.0,1,25.7,1,171.9,7.2,1
AU2024707,2025-03-01,2025-03,Personal Loan,Semi-Urban,Uttar Pradesh,Disbursed,544000.0,MSME Owner,4.5,0,16.6,0,29.6,0,13.8,0,16.4,0,80.9,3.4,0
AU2024708,2024-05-11,2024-05,Business Loan,Rural,Maharashtra,Disbursed,252000.0,Farmer,11.0,1,27.4,1,95.2,1,22.9,1,35.1,1,191.6,8.0,1
AU2024709,2025-05-10,2025-05,Personal Loan,Urban,Tamil Nadu,Disbursed,176000.0,Salaried,4.0,0,16.7,0,18.8,0,11.6,0,16.1,0,67.2,2.8,0
AU2024710,2025-01-17,2025-01,Home Loan,Urban,Uttar Pradesh,Disbursed,68000.0,Farmer,2.6,0,22.7,0,20.7,0,9.1,0,7.5,0,62.6,2.6,0
AU2024711,2025-02-15,2025-02,Business Loan,Urban,Punjab,Under Review,261000.0,Salaried,5.7,0,21.3,0,28.2,0,0.0,0,0.0,0,55.2,2.3,0
AU2024712,2024-08-27,2024-08,MSME Loan,Semi-Urban,Gujarat,Disbursed,141000.0,Farmer,4.2,0,27.7,1,47.6,0,19.4,1,14.4,0,113.3,4.7,1
AU2024713,2024-03-13,2024-03,Vehicle Finance,Semi-Urban,Gujarat,Rejected,219000.0,Salaried,5.2,0,17.1,0,40.1,0,10.3,0,0.0,0,72.7,3.0,0
AU2024714,2025-03-16,2025-03,Personal Loan,Rural,Madhya Pradesh,Pending Documents,50000.0,Salaried,8.5,1,33.7,1,55.4,1,21.6,1,46.3,1,165.5,6.9,1
AU2024715,2025-05-10,2025-05,Business Loan,Semi-Urban,Haryana,Disbursed,363000.0,Self-Employed,5.6,0,22.9,0,49.0,1,16.5,1,26.9,1,120.9,5.0,1
AU2024716,2024-07-06,2024-07,Business Loan,Urban,Karnataka,Disbursed,67000.0,MSME Owner,5.9,0,23.1,0,24.1,0,11.0,0,14.5,0,78.6,3.3,0
AU2024717,2025-02-08,2025-02,Vehicle Finance,Semi-Urban,Gujarat,Under Review,323000.0,Self-Employed,6.2,0,23.8,0,35.4,0,0.0,0,0.0,0,65.4,2.7,0
AU2024718,2024-01-08,2024-01,Home Loan,Semi-Urban,Haryana,Disbursed,95000.0,Salaried,7.2,0,30.7,1,35.7,0,9.1,0,17.8,0,100.5,4.2,1
AU2024719,2024-10-01,2024-10,Personal Loan,Rural,Uttar Pradesh,Disbursed,357000.0,MSME Owner,11.3,1,27.4,1,70.8,1,17.2,1,30.7,1,157.4,6.6,1
AU2024720,2024-08-20,2024-08,Vehicle Finance,Urban,Gujarat,Under Review,50000.0,Salaried,2.6,0,22.3,0,28.5,0,0.0,0,0.0,0,53.4,2.2,0
AU2024721,2024-12-10,2024-12,Home Loan,Semi-Urban,Punjab,Disbursed,370000.0,Self-Employed,5.3,0,41.1,1,47.1,0,10.1,0,20.7,0,124.3,5.2,1
AU2024722,2024-10-26,2024-10,Business Loan,Semi-Urban,Uttar Pradesh,Disbursed,251000.0,Self-Employed,5.8,0,16.4,0,29.4,0,16.6,1,13.5,0,81.7,3.4,1
AU2024723,2025-02-25,2025-02,Home Loan,Urban,Haryana,Disbursed,1133000.0,Self-Employed,3.5,0,12.6,0,19.4,0,9.3,0,14.0,0,58.8,2.4,0
AU2024724,2024-02-25,2024-02,Business Loan,Semi-Urban,Punjab,Disbursed,225000.0,Salaried,5.7,0,15.1,0,57.6,1,8.9,0,12.4,0,99.7,4.2,1
AU2024725,2024-08-29,2024-08,Vehicle Finance,Urban,Madhya Pradesh,Rejected,341000.0,Self-Employed,3.0,0,18.4,0,14.8,0,8.3,0,0.0,0,44.5,1.9,0
AU2024726,2024-11-13,2024-11,Business Loan,Semi-Urban,Rajasthan,Under Review,58000.0,Salaried,6.9,0,20.8,0,71.6,1,0.0,0,0.0,0,99.3,4.1,1
AU2024727,2024-06-16,2024-06,Business Loan,Rural,Karnataka,Rejected,158000.0,Self-Employed,11.3,1,53.4,1,36.1,0,27.7,1,0.0,0,128.5,5.4,1
AU2024728,2024-04-23,2024-04,Business Loan,Semi-Urban,Odisha,Rejected,50000.0,Salaried,6.6,0,23.9,0,45.6,0,16.1,1,0.0,0,92.2,3.8,1
AU2024729,2024-11-21,2024-11,MSME Loan,Semi-Urban,Gujarat,Under Review,128000.0,Salaried,6.4,0,20.1,0,54.0,1,0.0,0,0.0,0,80.5,3.4,1
AU2024730,2025-04-10,2025-04,Personal Loan,Rural,Tamil Nadu,Disbursed,468000.0,MSME Owner,9.3,1,28.7,1,50.7,1,29.0,1,30.4,1,148.1,6.2,1
AU2024731,2024-11-28,2024-11,Business Loan,Semi-Urban,Uttar Pradesh,Pending Documents,2398000.0,MSME Owner,10.0,1,12.5,0,30.8,0,15.3,0,24.8,1,93.4,3.9,1
AU2024732,2024-02-29,2024-02,Business Loan,Urban,Haryana,Rejected,226000.0,Self-Employed,4.2,0,19.7,0,30.5,0,8.9,0,0.0,0,63.3,2.6,0
AU2024733,2024-01-24,2024-01,Vehicle Finance,Semi-Urban,Maharashtra,Disbursed,149000.0,Salaried,4.7,0,17.4,0,33.0,0,18.1,1,22.6,0,95.8,4.0,1
AU2024734,2024-06-04,2024-06,Home Loan,Urban,Rajasthan,Disbursed,69000.0,Salaried,4.4,0,35.7,1,16.0,0,4.4,0,15.4,0,75.9,3.2,1
AU2024735,2024-02-29,2024-02,Business Loan,Rural,Tamil Nadu,Rejected,168000.0,Farmer,12.1,1,47.8,1,71.1,1,23.4,1,0.0,0,154.4,6.4,1
AU2024736,2024-04-30,2024-04,Personal Loan,Semi-Urban,Gujarat,Disbursed,521000.0,MSME Owner,4.7,0,29.3,1,33.0,0,18.7,1,26.6,1,112.3,4.7,1
AU2024737,2024-03-10,2024-03,Personal Loan,Rural,Karnataka,Disbursed,644000.0,Self-Employed,13.4,1,29.3,1,59.8,1,12.2,0,23.1,0,137.8,5.7,1
AU2024738,2024-08-20,2024-08,Vehicle Finance,Semi-Urban,Haryana,Under Review,818000.0,Self-Employed,4.0,0,14.9,0,34.0,0,0.0,0,0.0,0,52.9,2.2,0
AU2024739,2024-12-09,2024-12,Home Loan,Semi-Urban,Punjab,Disbursed,1018000.0,Salaried,9.0,1,43.3,1,44.8,0,9.4,0,27.8,1,134.3,5.6,1
AU2024740,2024-08-02,2024-08,Personal Loan,Urban,Karnataka,Pending Documents,754000.0,Salaried,4.3,0,22.5,0,19.7,0,9.4,0,8.3,0,64.2,2.7,0
AU2024741,2025-01-15,2025-01,Vehicle Finance,Urban,Odisha,Disbursed,70000.0,Salaried,2.7,0,22.4,0,21.5,0,6.0,0,11.4,0,64.0,2.7,0
AU2024742,2025-03-29,2025-03,Business Loan,Semi-Urban,Maharashtra,Pending Documents,899000.0,Self-Employed,4.9,0,28.6,1,51.2,1,15.8,0,26.0,1,126.5,5.3,1
AU2024743,2024-12-01,2024-12,Business Loan,Rural,Haryana,Rejected,218000.0,Self-Employed,14.0,1,35.7,1,113.7,1,24.0,1,0.0,0,187.4,7.8,1
AU2024744,2025-03-02,2025-03,Business Loan,Semi-Urban,Gujarat,Disbursed,256000.0,Salaried,6.6,0,18.3,0,33.4,0,16.3,1,19.3,0,93.9,3.9,1
AU2024745,2024-11-11,2024-11,Personal Loan,Urban,Tamil Nadu,Disbursed,170000.0,Salaried,2.6,0,9.2,0,31.5,0,10.0,0,15.0,0,68.3,2.8,0
AU2024746,2025-04-25,2025-04,Home Loan,Semi-Urban,Haryana,Disbursed,182000.0,Self-Employed,8.7,1,34.5,1,28.7,0,11.3,0,21.6,0,104.8,4.4,1
AU2024747,2024-01-17,2024-01,Home Loan,Rural,Uttar Pradesh,Disbursed,303000.0,MSME Owner,13.6,1,83.1,1,49.3,1,21.3,1,35.3,1,202.6,8.4,1
AU2024748,2024-04-21,2024-04,Home Loan,Rural,Punjab,Disbursed,3447000.0,Self-Employed,8.9,1,76.3,1,59.9,1,17.6,1,27.2,1,189.9,7.9,1
AU2024749,2024-08-15,2024-08,MSME Loan,Urban,Tamil Nadu,Under Review,521000.0,Salaried,4.4,0,23.0,0,43.8,0,0.0,0,0.0,0,71.2,3.0,0
AU2024750,2025-03-13,2025-03,Business Loan,Urban,Madhya Pradesh,Pending Documents,605000.0,Self-Employed,2.2,0,8.5,0,38.7,0,10.1,0,12.4,0,71.9,3.0,0
AU2024751,2024-02-20,2024-02,MSME Loan,Urban,Punjab,Disbursed,1097000.0,Salaried,3.8,0,9.2,0,55.1,1,5.8,0,17.1,0,91.0,3.8,1
AU2024752,2024-10-05,2024-10,Business Loan,Rural,Punjab,Disbursed,416000.0,Salaried,9.0,1,39.3,1,109.6,1,21.8,1,33.8,1,213.5,8.9,1
AU2024753,2024-02-01,2024-02,Personal Loan,Urban,Punjab,Under Review,351000.0,Salaried,4.5,0,22.6,0,17.0,0,0.0,0,0.0,0,44.1,1.8,0
AU2024754,2024-05-21,2024-05,Vehicle Finance,Urban,Haryana,Rejected,184000.0,Self-Employed,2.7,0,19.9,0,19.3,0,9.3,0,0.0,0,51.2,2.1,0
AU2024755,2025-05-10,2025-05,Home Loan,Urban,Madhya Pradesh,Disbursed,50000.0,Salaried,5.0,0,16.8,0,33.2,0,11.1,0,8.4,0,74.5,3.1,0
AU2024756,2025-04-30,2025-04,Vehicle Finance,Urban,Gujarat,Disbursed,763000.0,Self-Employed,3.1,0,14.0,0,14.5,0,9.8,0,12.0,0,53.4,2.2,0
AU2024757,2024-02-16,2024-02,Home Loan,Urban,Tamil Nadu,Disbursed,1087000.0,Salaried,2.1,0,18.9,0,31.3,0,11.2,0,12.2,0,75.7,3.2,0
AU2024758,2024-11-24,2024-11,Vehicle Finance,Urban,Madhya Pradesh,Under Review,50000.0,Farmer,2.1,0,17.3,0,25.2,0,0.0,0,0.0,0,44.6,1.9,0
AU2024759,2025-05-12,2025-05,Home Loan,Semi-Urban,Odisha,Disbursed,229000.0,Farmer,5.0,0,24.1,1,25.9,0,8.5,0,12.2,0,75.7,3.2,1
AU2024760,2024-01-26,2024-01,MSME Loan,Urban,Rajasthan,Disbursed,380000.0,Farmer,3.0,0,8.3,0,25.1,0,4.5,0,7.2,0,48.1,2.0,0
AU2024761,2024-05-04,2024-05,Business Loan,Urban,Punjab,Disbursed,144000.0,Salaried,5.8,0,22.5,0,39.2,0,6.8,0,10.6,0,84.9,3.5,0
AU2024762,2025-02-06,2025-02,Business Loan,Semi-Urban,Maharashtra,Disbursed,587000.0,Salaried,5.2,0,21.9,0,35.5,0,18.5,1,12.8,0,93.9,3.9,1
AU2024763,2024-04-15,2024-04,Vehicle Finance,Semi-Urban,Odisha,Rejected,50000.0,Self-Employed,9.2,1,25.6,1,31.2,0,8.8,0,0.0,0,74.8,3.1,1
AU2024764,2025-02-28,2025-02,MSME Loan,Semi-Urban,Gujarat,Under Review,86000.0,Salaried,5.8,0,28.8,1,65.3,1,0.0,0,0.0,0,99.9,4.2,1
AU2024765,2024-04-16,2024-04,Business Loan,Semi-Urban,Karnataka,Disbursed,264000.0,Salaried,5.2,0,13.3,0,35.1,0,8.1,0,21.3,0,83.0,3.5,0
AU2024766,2024-04-20,2024-04,Business Loan,Rural,Odisha,Disbursed,67000.0,Salaried,16.4,1,25.2,1,110.1,1,28.1,1,34.1,1,213.9,8.9,1
AU2024767,2024-06-17,2024-06,Vehicle Finance,Semi-Urban,Madhya Pradesh,Disbursed,59000.0,Self-Employed,4.3,0,13.3,0,31.7,0,14.6,0,26.0,1,89.9,3.7,1
AU2024768,2025-02-07,2025-02,Personal Loan,Rural,Maharashtra,Disbursed,50000.0,Self-Employed,9.5,1,42.1,1,62.5,1,19.9,1,32.7,1,166.7,6.9,1
AU2024769,2024-01-02,2024-01,MSME Loan,Semi-Urban,Odisha,Disbursed,97000.0,Salaried,9.3,1,25.8,1,36.3,0,11.2,0,24.5,1,107.1,4.5,1
AU2024770,2025-03-15,2025-03,Personal Loan,Rural,Uttar Pradesh,Disbursed,162000.0,Self-Employed,16.8,1,38.9,1,49.8,1,12.9,0,18.1,0,136.5,5.7,1
AU2024771,2024-03-07,2024-03,Personal Loan,Semi-Urban,Maharashtra,Disbursed,1102000.0,Salaried,6.5,0,27.5,1,39.4,0,10.1,0,11.4,0,94.9,4.0,1
AU2024772,2024-05-08,2024-05,MSME Loan,Urban,Karnataka,Under Review,404000.0,Salaried,5.3,0,20.3,0,40.5,0,0.0,0,0.0,0,66.1,2.8,0
AU2024773,2024-02-26,2024-02,Personal Loan,Semi-Urban,Maharashtra,Disbursed,463000.0,Self-Employed,6.9,0,20.7,0,37.2,0,18.8,1,13.0,0,96.6,4.0,1
AU2024774,2024-03-08,2024-03,Business Loan,Urban,Rajasthan,Disbursed,360000.0,Salaried,5.8,0,9.0,0,40.7,0,4.5,0,16.7,0,76.7,3.2,0
AU2024775,2024-07-02,2024-07,Vehicle Finance,Semi-Urban,Rajasthan,Under Review,313000.0,Salaried,4.2,0,33.1,1,27.4,0,0.0,0,0.0,0,64.7,2.7,1
AU2024776,2024-10-28,2024-10,Vehicle Finance,Urban,Madhya Pradesh,Disbursed,246000.0,Farmer,5.9,0,18.2,0,15.9,0,11.2,0,12.2,0,63.4,2.6,0
AU2024777,2024-01-09,2024-01,Personal Loan,Rural,Punjab,Rejected,162000.0,MSME Owner,15.1,1,31.2,1,34.1,0,24.4,1,0.0,0,104.8,4.4,1
AU2024778,2024-05-15,2024-05,Business Loan,Rural,Maharashtra,Rejected,1294000.0,MSME Owner,14.5,1,32.2,1,55.5,1,17.7,1,0.0,0,119.9,5.0,1
AU2024779,2024-03-05,2024-03,Business Loan,Urban,Rajasthan,Disbursed,209000.0,Farmer,2.4,0,19.5,0,44.2,0,4.8,0,17.1,0,88.0,3.7,0
AU2024780,2024-09-26,2024-09,Vehicle Finance,Urban,Haryana,Rejected,692000.0,Salaried,5.4,0,15.2,0,27.3,0,5.8,0,0.0,0,53.7,2.2,0
AU2024781,2025-01-16,2025-01,Home Loan,Semi-Urban,Gujarat,Disbursed,82000.0,Self-Employed,9.4,1,34.4,1,43.3,0,17.6,1,17.4,0,122.1,5.1,1
AU2024782,2024-08-31,2024-08,Personal Loan,Semi-Urban,Gujarat,Under Review,313000.0,MSME Owner,6.1,0,27.4,1,25.4,0,0.0,0,0.0,0,58.9,2.5,1
AU2024783,2025-02-02,2025-02,Personal Loan,Urban,Tamil Nadu,Under Review,50000.0,Salaried,5.9,0,23.7,0,18.4,0,0.0,0,0.0,0,48.0,2.0,0
AU2024784,2024-09-19,2024-09,Vehicle Finance,Urban,Punjab,Rejected,783000.0,Self-Employed,3.3,0,11.8,0,23.5,0,8.4,0,0.0,0,47.0,2.0,0
AU2024785,2024-02-25,2024-02,Business Loan,Rural,Odisha,Disbursed,533000.0,Farmer,8.1,1,41.3,1,60.3,1,20.1,1,35.1,1,164.9,6.9,1
AU2024786,2024-09-14,2024-09,Business Loan,Semi-Urban,Tamil Nadu,Rejected,729000.0,Salaried,7.7,0,26.0,1,43.9,0,13.8,0,0.0,0,91.4,3.8,1
AU2024787,2025-04-29,2025-04,Personal Loan,Urban,Madhya Pradesh,Disbursed,468000.0,MSME Owner,4.6,0,23.2,0,29.5,0,4.4,0,16.6,0,78.3,3.3,0
AU2024788,2024-01-23,2024-01,MSME Loan,Semi-Urban,Odisha,Disbursed,277000.0,Farmer,4.5,0,16.6,0,47.5,0,15.0,0,24.7,1,108.3,4.5,1
AU2024789,2024-06-03,2024-06,MSME Loan,Urban,Karnataka,Disbursed,431000.0,MSME Owner,4.4,0,11.2,0,36.3,0,9.9,0,15.2,0,77.0,3.2,0
AU2024790,2024-11-25,2024-11,Vehicle Finance,Urban,Tamil Nadu,Pending Documents,92000.0,Salaried,4.9,0,11.9,0,16.1,0,8.2,0,9.5,0,50.6,2.1,0
AU2024791,2024-02-01,2024-02,Vehicle Finance,Urban,Rajasthan,Rejected,1795000.0,Salaried,2.0,0,10.0,0,34.4,0,10.9,0,0.0,0,57.3,2.4,0
AU2024792,2025-03-09,2025-03,Home Loan,Semi-Urban,Tamil Nadu,Pending Documents,1370000.0,Salaried,6.4,0,52.6,1,34.2,0,11.5,0,12.2,0,116.9,4.9,1
AU2024793,2024-08-06,2024-08,Home Loan,Semi-Urban,Haryana,Disbursed,86000.0,Farmer,4.1,0,26.8,1,45.6,0,11.9,0,14.5,0,102.9,4.3,1
AU2024794,2024-09-08,2024-09,Vehicle Finance,Rural,Gujarat,Disbursed,504000.0,Self-Employed,12.0,1,52.2,1,70.2,1,14.3,0,30.6,1,179.3,7.5,1
AU2024795,2024-02-07,2024-02,Vehicle Finance,Urban,Tamil Nadu,Disbursed,104000.0,Salaried,4.7,0,15.0,0,16.7,0,10.5,0,15.6,0,62.5,2.6,0
AU2024796,2024-06-13,2024-06,Vehicle Finance,Urban,Gujarat,Disbursed,92000.0,MSME Owner,2.2,0,9.5,0,12.2,0,5.2,0,6.8,0,35.9,1.5,0
AU2024797,2024-03-16,2024-03,MSME Loan,Urban,Odisha,Disbursed,114000.0,Salaried,5.7,0,16.3,0,31.0,0,11.0,0,10.7,0,74.7,3.1,0
AU2024798,2024-03-05,2024-03,Business Loan,Urban,Gujarat,Disbursed,941000.0,Salaried,4.3,0,9.1,0,23.8,0,7.3,0,17.2,0,61.7,2.6,0
AU2024799,2024-11-15,2024-11,Business Loan,Semi-Urban,Uttar Pradesh,Disbursed,73000.0,Salaried,4.4,0,19.3,0,33.0,0,10.1,0,23.7,0,90.5,3.8,0
AU2024800,2024-10-07,2024-10,Personal Loan,Semi-Urban,Odisha,Disbursed,5000000.0,Salaried,5.8,0,29.6,1,44.1,0,10.3,0,11.8,0,101.6,4.2,1
AU2024801,2024-07-14,2024-07,MSME Loan,Urban,Punjab,Disbursed,373000.0,Self-Employed,2.5,0,17.4,0,37.5,0,5.6,0,11.4,0,74.4,3.1,0
AU2024802,2024-09-28,2024-09,Home Loan,Semi-Urban,Odisha,Disbursed,1989000.0,MSME Owner,7.8,0,21.0,0,39.3,0,16.1,1,10.4,0,94.6,3.9,1
AU2024803,2024-08-20,2024-08,Business Loan,Urban,Uttar Pradesh,Rejected,431000.0,Salaried,4.4,0,22.6,0,48.7,1,11.4,0,0.0,0,87.1,3.6,1
AU2024804,2024-11-05,2024-11,Personal Loan,Semi-Urban,Karnataka,Disbursed,170000.0,Farmer,7.7,0,31.0,1,20.6,0,10.2,0,23.7,0,93.2,3.9,1
AU2024805,2024-02-20,2024-02,Personal Loan,Rural,Haryana,Disbursed,521000.0,MSME Owner,11.7,1,46.0,1,57.4,1,18.2,1,21.2,0,154.5,6.4,1
AU2024806,2025-03-12,2025-03,Personal Loan,Semi-Urban,Gujarat,Disbursed,289000.0,Self-Employed,6.4,0,12.6,0,28.1,0,19.7,1,25.7,1,92.5,3.9,1
AU2024807,2025-01-04,2025-01,Business Loan,Semi-Urban,Karnataka,Under Review,1742000.0,Self-Employed,4.1,0,13.8,0,51.0,1,0.0,0,0.0,0,68.9,2.9,1
AU2024808,2024-08-08,2024-08,Personal Loan,Urban,Madhya Pradesh,Rejected,404000.0,Self-Employed,2.1,0,21.3,0,30.9,0,6.1,0,0.0,0,60.4,2.5,0
AU2024809,2025-03-30,2025-03,Personal Loan,Urban,Tamil Nadu,Disbursed,879000.0,Salaried,3.4,0,14.7,0,24.2,0,7.8,0,9.2,0,59.3,2.5,0
AU2024810,2024-07-30,2024-07,Personal Loan,Semi-Urban,Madhya Pradesh,Disbursed,605000.0,MSME Owner,9.1,1,23.9,0,21.9,0,16.4,1,13.7,0,85.0,3.5,1
AU2024811,2025-02-27,2025-02,Business Loan,Urban,Punjab,Under Review,172000.0,Salaried,5.6,0,21.8,0,35.0,0,0.0,0,0.0,0,62.4,2.6,0
AU2024812,2024-07-23,2024-07,MSME Loan,Semi-Urban,Tamil Nadu,Rejected,577000.0,Self-Employed,6.8,0,30.8,1,66.9,1,14.7,0,0.0,0,119.2,5.0,1
AU2024813,2025-01-08,2025-01,Vehicle Finance,Rural,Haryana,Rejected,251000.0,MSME Owner,8.3,1,40.8,1,55.0,1,26.9,1,0.0,0,131.0,5.5,1
AU2024814,2024-06-09,2024-06,MSME Loan,Semi-Urban,Gujarat,Disbursed,76000.0,Self-Employed,4.3,0,15.8,0,66.4,1,9.6,0,14.2,0,110.3,4.6,1
AU2024815,2024-06-09,2024-06,Vehicle Finance,Semi-Urban,Haryana,Rejected,93000.0,Self-Employed,8.7,1,26.8,1,21.4,0,9.9,0,0.0,0,66.8,2.8,1
AU2024816,2024-07-10,2024-07,Business Loan,Semi-Urban,Uttar Pradesh,Disbursed,76000.0,Salaried,7.5,0,22.2,0,51.3,1,10.0,0,21.9,0,112.9,4.7,1
AU2024817,2024-12-17,2024-12,MSME Loan,Urban,Maharashtra,Disbursed,175000.0,Farmer,3.3,0,17.5,0,19.7,0,8.8,0,7.1,0,56.4,2.4,0
AU2024818,2024-02-04,2024-02,MSME Loan,Semi-Urban,Tamil Nadu,Rejected,595000.0,Self-Employed,9.2,1,35.0,1,50.5,1,19.2,1,0.0,0,113.9,4.7,1
AU2024819,2025-03-01,2025-03,Vehicle Finance,Semi-Urban,Gujarat,Disbursed,1640000.0,Salaried,5.4,0,24.2,1,29.4,0,13.4,0,27.7,1,100.1,4.2,1
AU2024820,2024-02-17,2024-02,Business Loan,Semi-Urban,Gujarat,Disbursed,1420000.0,Salaried,7.4,0,18.1,0,36.6,0,8.1,0,12.3,0,82.5,3.4,0
AU2024821,2024-02-19,2024-02,Business Loan,Urban,Haryana,Pending Documents,422000.0,Salaried,2.5,0,11.2,0,40.1,0,4.5,0,16.3,0,74.6,3.1,0
AU2024822,2025-02-19,2025-02,MSME Loan,Urban,Punjab,Disbursed,279000.0,Self-Employed,3.1,0,11.3,0,42.8,0,7.3,0,8.2,0,72.7,3.0,0
AU2024823,2024-10-11,2024-10,Home Loan,Semi-Urban,Maharashtra,Under Review,236000.0,Salaried,8.7,1,41.3,1,21.5,0,0.0,0,0.0,0,71.5,3.0,1
AU2024824,2024-10-27,2024-10,MSME Loan,Urban,Rajasthan,Disbursed,448000.0,Salaried,5.8,0,22.4,0,27.1,0,10.4,0,17.9,0,83.6,3.5,0
AU2024825,2024-10-14,2024-10,Business Loan,Semi-Urban,Karnataka,Disbursed,235000.0,Salaried,4.1,0,17.3,0,39.4,0,13.3,0,13.1,0,87.2,3.6,0
AU2024826,2024-12-09,2024-12,MSME Loan,Semi-Urban,Punjab,Disbursed,1140000.0,Farmer,4.0,0,18.0,0,72.3,1,19.2,1,23.0,0,136.5,5.7,1
AU2024827,2024-07-29,2024-07,Home Loan,Urban,Gujarat,Disbursed,1102000.0,Salaried,2.7,0,31.1,1,15.2,0,7.7,0,17.3,0,74.0,3.1,1
AU2024828,2025-03-23,2025-03,Personal Loan,Rural,Punjab,Pending Documents,68000.0,Salaried,12.2,1,35.1,1,37.5,0,29.5,1,22.6,0,136.9,5.7,1
AU2024829,2025-03-20,2025-03,Home Loan,Urban,Haryana,Disbursed,338000.0,Farmer,3.2,0,14.8,0,27.6,0,9.7,0,14.3,0,69.6,2.9,0
AU2024830,2025-05-10,2025-05,Business Loan,Urban,Rajasthan,Pending Documents,246000.0,MSME Owner,3.8,0,14.8,0,22.4,0,7.4,0,12.4,0,60.8,2.5,0
AU2024831,2024-11-03,2024-11,Personal Loan,Semi-Urban,Uttar Pradesh,Rejected,647000.0,MSME Owner,7.8,0,33.8,1,18.5,0,14.7,0,0.0,0,74.8,3.1,1
AU2024832,2024-06-29,2024-06,Vehicle Finance,Urban,Uttar Pradesh,Disbursed,247000.0,Farmer,4.3,0,18.8,0,31.3,0,9.3,0,10.8,0,74.5,3.1,0
AU2024833,2024-10-22,2024-10,Vehicle Finance,Rural,Gujarat,Disbursed,807000.0,Self-Employed,9.0,1,56.9,1,28.4,0,23.7,1,30.4,1,148.4,6.2,1
AU2024834,2024-04-18,2024-04,Business Loan,Semi-Urban,Karnataka,Disbursed,1260000.0,MSME Owner,5.0,0,33.5,1,58.5,1,18.6,1,18.7,0,134.3,5.6,1
AU2024835,2024-12-02,2024-12,Vehicle Finance,Rural,Maharashtra,Under Review,457000.0,Self-Employed,10.7,1,38.2,1,42.6,0,0.0,0,0.0,0,91.5,3.8,1
AU2024836,2024-04-24,2024-04,MSME Loan,Urban,Tamil Nadu,Rejected,157000.0,Salaried,3.1,0,20.3,0,52.3,1,5.8,0,0.0,0,81.5,3.4,1
AU2024837,2024-06-28,2024-06,Vehicle Finance,Rural,Gujarat,Rejected,87000.0,Self-Employed,14.7,1,54.5,1,24.5,0,19.3,1,0.0,0,113.0,4.7,1
AU2024838,2024-07-07,2024-07,Home Loan,Semi-Urban,Karnataka,Disbursed,369000.0,MSME Owner,6.5,0,42.9,1,43.8,0,9.9,0,18.1,0,121.2,5.0,1
AU2024839,2025-01-25,2025-01,Business Loan,Semi-Urban,Gujarat,Disbursed,50000.0,Self-Employed,9.3,1,22.0,0,71.5,1,19.9,1,11.9,0,134.6,5.6,1
AU2024840,2024-10-20,2024-10,Personal Loan,Rural,Uttar Pradesh,Pending Documents,271000.0,MSME Owner,8.2,1,45.8,1,37.3,0,27.5,1,26.5,1,145.3,6.1,1
AU2024841,2025-02-17,2025-02,Home Loan,Semi-Urban,Madhya Pradesh,Disbursed,62000.0,Salaried,6.5,0,26.3,1,42.3,0,17.6,1,18.2,0,110.9,4.6,1
AU2024842,2025-03-08,2025-03,Vehicle Finance,Semi-Urban,Haryana,Under Review,50000.0,Salaried,7.2,0,22.8,0,31.2,0,0.0,0,0.0,0,61.2,2.6,0
AU2024843,2025-05-13,2025-05,Personal Loan,Urban,Karnataka,Disbursed,147000.0,Salaried,4.3,0,13.9,0,22.8,0,8.3,0,8.4,0,57.7,2.4,0
AU2024844,2024-11-10,2024-11,Personal Loan,Rural,Odisha,Disbursed,161000.0,Self-Employed,13.5,1,44.1,1,57.9,1,15.2,0,25.6,1,156.3,6.5,1
AU2024845,2024-01-14,2024-01,MSME Loan,Rural,Karnataka,Disbursed,244000.0,Self-Employed,10.1,1,26.2,1,59.7,1,14.6,0,39.3,1,149.9,6.2,1
AU2024846,2025-04-20,2025-04,Vehicle Finance,Urban,Odisha,Disbursed,157000.0,Self-Employed,3.3,0,17.4,0,19.6,0,4.7,0,8.7,0,53.7,2.2,0
AU2024847,2024-01-15,2024-01,Personal Loan,Semi-Urban,Uttar Pradesh,Rejected,446000.0,Salaried,4.1,0,24.5,1,36.2,0,19.6,1,0.0,0,84.4,3.5,1
AU2024848,2024-05-19,2024-05,Vehicle Finance,Semi-Urban,Maharashtra,Pending Documents,153000.0,Salaried,5.6,0,24.1,1,40.3,0,14.0,0,11.2,0,95.2,4.0,1
AU2024849,2025-04-16,2025-04,Home Loan,Rural,Uttar Pradesh,Disbursed,765000.0,MSME Owner,12.3,1,83.5,1,64.6,1,21.5,1,38.7,1,220.6,9.2,1
AU2024850,2024-06-28,2024-06,MSME Loan,Semi-Urban,Punjab,Disbursed,113000.0,Self-Employed,9.2,1,29.4,1,45.6,0,10.6,0,16.4,0,111.2,4.6,1
AU2024851,2024-04-02,2024-04,Business Loan,Urban,Rajasthan,Rejected,587000.0,Salaried,3.8,0,14.2,0,56.3,1,7.1,0,0.0,0,81.4,3.4,1
AU2024852,2024-10-16,2024-10,Personal Loan,Semi-Urban,Maharashtra,Disbursed,50000.0,Salaried,7.1,0,24.1,1,22.5,0,9.2,0,12.2,0,75.1,3.1,1
AU2024853,2024-02-05,2024-02,Personal Loan,Semi-Urban,Haryana,Disbursed,50000.0,Salaried,5.0,0,35.0,1,43.6,0,10.8,0,15.9,0,110.3,4.6,1
AU2024854,2025-01-14,2025-01,Personal Loan,Semi-Urban,Maharashtra,Disbursed,364000.0,Farmer,5.0,0,31.3,1,41.8,0,9.5,0,17.2,0,104.8,4.4,1
AU2024855,2024-02-16,2024-02,Personal Loan,Urban,Rajasthan,Disbursed,2537000.0,Self-Employed,3.6,0,23.2,0,15.0,0,11.8,0,8.8,0,62.4,2.6,0
AU2024856,2024-04-20,2024-04,Home Loan,Urban,Karnataka,Disbursed,167000.0,MSME Owner,4.3,0,22.3,0,23.9,0,9.9,0,7.1,0,67.5,2.8,0
AU2024857,2024-08-02,2024-08,Home Loan,Rural,Haryana,Disbursed,651000.0,Salaried,15.2,1,56.8,1,43.4,0,14.5,0,33.2,1,163.1,6.8,1
AU2024858,2024-06-23,2024-06,Personal Loan,Semi-Urban,Tamil Nadu,Rejected,231000.0,Farmer,8.1,1,32.2,1,30.4,0,17.2,1,0.0,0,87.9,3.7,1
AU2024859,2024-07-08,2024-07,Personal Loan,Urban,Maharashtra,Disbursed,50000.0,MSME Owner,3.4,0,18.5,0,29.0,0,8.7,0,10.3,0,69.9,2.9,0
AU2024860,2025-01-04,2025-01,Vehicle Finance,Urban,Uttar Pradesh,Disbursed,815000.0,Salaried,3.6,0,12.2,0,20.2,0,7.3,0,14.6,0,57.9,2.4,0
AU2024861,2025-02-01,2025-02,Vehicle Finance,Rural,Punjab,Disbursed,62000.0,Self-Employed,13.8,1,57.1,1,26.4,0,22.3,1,43.6,1,163.2,6.8,1
AU2024862,2024-11-01,2024-11,Personal Loan,Rural,Odisha,Disbursed,346000.0,MSME Owner,12.4,1,25.6,1,68.2,1,20.5,1,18.9,0,145.6,6.1,1
AU2024863,2025-03-28,2025-03,Home Loan,Semi-Urban,Gujarat,Disbursed,307000.0,Salaried,4.4,0,37.4,1,36.7,0,14.1,0,24.7,1,117.3,4.9,1
AU2024864,2024-03-20,2024-03,MSME Loan,Semi-Urban,Rajasthan,Disbursed,122000.0,Self-Employed,7.9,0,20.4,0,71.8,1,9.6,0,22.1,0,131.8,5.5,1
AU2024865,2025-01-21,2025-01,Personal Loan,Rural,Maharashtra,Disbursed,1759000.0,Salaried,11.3,1,37.4,1,34.3,0,22.5,1,31.3,1,136.8,5.7,1
AU2024866,2024-01-26,2024-01,Personal Loan,Urban,Odisha,Under Review,913000.0,MSME Owner,3.2,0,9.6,0,18.5,0,0.0,0,0.0,0,31.3,1.3,0
AU2024867,2024-05-19,2024-05,Vehicle Finance,Urban,Gujarat,Disbursed,754000.0,Salaried,4.3,0,9.2,0,34.6,0,6.9,0,17.0,0,72.0,3.0,0
AU2024868,2024-12-04,2024-12,Home Loan,Rural,Tamil Nadu,Disbursed,1336000.0,Self-Employed,13.5,1,89.2,1,59.1,1,26.0,1,44.2,1,232.0,9.7,1
AU2024869,2024-09-05,2024-09,Personal Loan,Urban,Haryana,Disbursed,1172000.0,Self-Employed,5.3,0,15.1,0,25.7,0,8.2,0,6.5,0,60.8,2.5,0
AU2024870,2024-08-14,2024-08,Vehicle Finance,Rural,Odisha,Disbursed,1597000.0,Salaried,9.2,1,59.3,1,42.9,0,16.1,1,23.1,0,150.6,6.3,1
AU2024871,2024-05-19,2024-05,Home Loan,Semi-Urban,Haryana,Disbursed,1619000.0,Salaried,9.4,1,30.2,1,27.4,0,13.5,0,17.0,0,97.5,4.1,1
AU2024872,2025-01-21,2025-01,MSME Loan,Rural,Madhya Pradesh,Disbursed,396000.0,Farmer,10.5,1,44.8,1,55.5,1,26.8,1,18.2,0,155.8,6.5,1
AU2024873,2024-02-28,2024-02,Vehicle Finance,Urban,Karnataka,Disbursed,443000.0,Self-Employed,5.4,0,17.7,0,32.5,0,6.1,0,12.2,0,73.9,3.1,0
AU2024874,2024-08-08,2024-08,Vehicle Finance,Urban,Punjab,Disbursed,792000.0,MSME Owner,4.3,0,9.1,0,14.8,0,8.8,0,9.3,0,46.3,1.9,0
AU2024875,2024-05-25,2024-05,Personal Loan,Semi-Urban,Gujarat,Disbursed,1798000.0,Salaried,8.3,1,27.5,1,28.0,0,17.1,1,21.7,0,102.6,4.3,1
AU2024876,2024-09-06,2024-09,Vehicle Finance,Semi-Urban,Odisha,Disbursed,96000.0,Farmer,8.9,1,26.1,1,25.6,0,10.4,0,16.1,0,87.1,3.6,1
AU2024877,2024-12-07,2024-12,Vehicle Finance,Urban,Karnataka,Disbursed,1368000.0,Salaried,5.9,0,9.7,0,34.4,0,11.3,0,12.3,0,73.6,3.1,0
AU2024878,2024-01-24,2024-01,Home Loan,Semi-Urban,Uttar Pradesh,Disbursed,66000.0,Self-Employed,7.0,0,37.6,1,26.6,0,12.4,0,11.5,0,95.1,4.0,1
AU2024879,2024-07-21,2024-07,Personal Loan,Urban,Madhya Pradesh,Disbursed,87000.0,Salaried,5.3,0,8.6,0,27.8,0,6.2,0,16.5,0,64.4,2.7,0
AU2024880,2024-01-29,2024-01,Vehicle Finance,Urban,Odisha,Disbursed,896000.0,Salaried,6.0,0,14.8,0,20.4,0,9.7,0,10.4,0,61.3,2.6,0
AU2024881,2024-04-14,2024-04,MSME Loan,Semi-Urban,Rajasthan,Rejected,50000.0,Salaried,9.1,1,29.7,1,35.8,0,9.7,0,0.0,0,84.3,3.5,1
AU2024882,2025-04-29,2025-04,MSME Loan,Urban,Uttar Pradesh,Disbursed,245000.0,Self-Employed,5.8,0,16.3,0,49.6,1,8.4,0,6.5,0,86.6,3.6,1
AU2024883,2025-01-27,2025-01,Business Loan,Semi-Urban,Madhya Pradesh,Pending Documents,176000.0,Farmer,5.4,0,17.3,0,35.3,0,19.1,1,25.3,1,102.4,4.3,1
AU2024884,2025-01-26,2025-01,Home Loan,Urban,Maharashtra,Disbursed,50000.0,Self-Employed,2.1,0,13.4,0,33.3,0,10.0,0,11.1,0,69.9,2.9,0
AU2024885,2024-05-28,2024-05,Vehicle Finance,Urban,Uttar Pradesh,Rejected,206000.0,MSME Owner,5.1,0,19.6,0,16.9,0,6.7,0,0.0,0,48.3,2.0,0
AU2024886,2024-03-02,2024-03,Business Loan,Rural,Punjab,Disbursed,196000.0,Farmer,10.3,1,46.0,1,68.5,1,13.3,0,32.6,1,170.7,7.1,1
AU2024887,2024-09-11,2024-09,Home Loan,Semi-Urban,Rajasthan,Under Review,86000.0,Salaried,4.5,0,51.5,1,29.3,0,0.0,0,0.0,0,85.3,3.6,1
AU2024888,2024-03-30,2024-03,Business Loan,Semi-Urban,Haryana,Disbursed,117000.0,MSME Owner,5.3,0,29.2,1,73.1,1,14.3,0,19.7,0,141.6,5.9,1
AU2024889,2024-07-13,2024-07,Vehicle Finance,Urban,Maharashtra,Disbursed,164000.0,Self-Employed,5.9,0,23.0,0,32.7,0,11.1,0,11.6,0,84.3,3.5,0
AU2024890,2024-12-26,2024-12,Home Loan,Rural,Karnataka,Disbursed,243000.0,Self-Employed,15.1,1,87.1,1,35.7,0,25.4,1,33.6,1,196.9,8.2,1
AU2024891,2024-09-13,2024-09,Business Loan,Rural,Madhya Pradesh,Disbursed,462000.0,MSME Owner,11.2,1,41.3,1,83.6,1,19.3,1,24.0,0,179.4,7.5,1
AU2024892,2025-03-02,2025-03,MSME Loan,Semi-Urban,Karnataka,Rejected,50000.0,Self-Employed,6.5,0,25.1,1,52.7,1,14.0,0,0.0,0,98.3,4.1,1
AU2024893,2024-02-06,2024-02,Vehicle Finance,Urban,Punjab,Disbursed,81000.0,Farmer,4.4,0,18.6,0,21.6,0,11.3,0,13.7,0,69.6,2.9,0
AU2024894,2025-03-17,2025-03,Home Loan,Urban,Haryana,Pending Documents,381000.0,Salaried,3.1,0,17.4,0,18.5,0,10.8,0,6.4,0,56.2,2.3,0
AU2024895,2024-08-11,2024-08,Personal Loan,Urban,Rajasthan,Disbursed,368000.0,Salaried,5.2,0,17.0,0,12.1,0,7.4,0,10.9,0,52.6,2.2,0
AU2024896,2024-08-23,2024-08,Personal Loan,Semi-Urban,Rajasthan,Rejected,778000.0,Salaried,9.7,1,31.5,1,45.1,0,8.2,0,0.0,0,94.5,3.9,1
AU2024897,2025-03-17,2025-03,MSME Loan,Rural,Gujarat,Disbursed,751000.0,MSME Owner,17.6,1,48.4,1,79.8,1,29.0,1,31.3,1,206.1,8.6,1
AU2024898,2024-10-21,2024-10,Vehicle Finance,Semi-Urban,Punjab,Pending Documents,269000.0,MSME Owner,8.8,1,26.0,1,45.3,0,19.3,1,11.2,0,110.6,4.6,1
AU2024899,2024-10-20,2024-10,Business Loan,Urban,Haryana,Disbursed,110000.0,Self-Employed,5.6,0,21.5,0,21.2,0,4.7,0,13.1,0,66.1,2.8,0
AU2024900,2024-12-29,2024-12,Vehicle Finance,Urban,Haryana,Under Review,225000.0,Farmer,3.5,0,19.8,0,23.4,0,0.0,0,0.0,0,46.7,1.9,0
AU2024901,2024-05-28,2024-05,Vehicle Finance,Semi-Urban,Haryana,Disbursed,584000.0,Salaried,4.6,0,23.9,0,38.7,0,12.0,0,22.5,0,101.7,4.2,0
AU2024902,2024-07-26,2024-07,Home Loan,Semi-Urban,Gujarat,Disbursed,262000.0,Self-Employed,5.2,0,27.0,1,19.3,0,15.6,0,14.5,0,81.6,3.4,1
AU2024903,2025-05-09,2025-05,Business Loan,Rural,Rajasthan,Disbursed,693000.0,Salaried,9.7,1,51.9,1,43.6,0,20.2,1,33.2,1,158.6,6.6,1
AU2024904,2024-03-28,2024-03,Home Loan,Semi-Urban,Punjab,Under Review,256000.0,Salaried,4.9,0,26.3,1,27.3,0,0.0,0,0.0,0,58.5,2.4,1
AU2024905,2024-08-23,2024-08,Business Loan,Semi-Urban,Odisha,Disbursed,242000.0,Salaried,7.2,0,12.6,0,29.1,0,13.0,0,27.0,1,88.9,3.7,1
AU2024906,2024-02-15,2024-02,Home Loan,Urban,Punjab,Under Review,581000.0,MSME Owner,3.6,0,15.8,0,24.3,0,0.0,0,0.0,0,43.7,1.8,0
AU2024907,2025-03-08,2025-03,Vehicle Finance,Rural,Haryana,Under Review,1353000.0,Farmer,16.0,1,58.0,1,28.7,0,0.0,0,0.0,0,102.7,4.3,1
AU2024908,2024-05-04,2024-05,MSME Loan,Semi-Urban,Gujarat,Rejected,170000.0,MSME Owner,5.0,0,20.4,0,38.5,0,12.2,0,0.0,0,76.1,3.2,0
AU2024909,2024-10-28,2024-10,Business Loan,Semi-Urban,Haryana,Disbursed,138000.0,MSME Owner,6.2,0,27.6,1,62.0,1,10.5,0,25.9,1,132.2,5.5,1
AU2024910,2024-09-25,2024-09,Vehicle Finance,Semi-Urban,Haryana,Disbursed,136000.0,MSME Owner,8.2,1,30.4,1,31.2,0,16.6,1,17.0,0,103.4,4.3,1
AU2024911,2024-07-21,2024-07,Personal Loan,Semi-Urban,Gujarat,Pending Documents,79000.0,Salaried,6.8,0,28.2,1,34.2,0,18.1,1,23.7,0,111.0,4.6,1
AU2024912,2025-01-16,2025-01,Personal Loan,Rural,Uttar Pradesh,Rejected,405000.0,Farmer,9.1,1,36.5,1,66.1,1,15.6,0,0.0,0,127.3,5.3,1
AU2024913,2024-04-23,2024-04,Home Loan,Rural,Punjab,Disbursed,723000.0,Farmer,14.9,1,61.7,1,63.9,1,19.5,1,23.8,0,183.8,7.7,1
AU2024914,2025-02-02,2025-02,Business Loan,Semi-Urban,Punjab,Disbursed,501000.0,Self-Employed,8.7,1,16.6,0,27.6,0,18.5,1,11.4,0,82.8,3.5,1
AU2024915,2024-02-09,2024-02,Personal Loan,Semi-Urban,Maharashtra,Disbursed,516000.0,Farmer,5.8,0,12.3,0,27.0,0,14.9,0,16.8,0,76.8,3.2,0
AU2024916,2024-11-20,2024-11,Vehicle Finance,Rural,Karnataka,Under Review,198000.0,Self-Employed,17.5,1,60.0,1,35.3,0,0.0,0,0.0,0,112.8,4.7,1
AU2024917,2024-09-28,2024-09,Personal Loan,Urban,Gujarat,Disbursed,50000.0,Self-Employed,2.1,0,19.0,0,19.1,0,8.5,0,9.6,0,58.3,2.4,0
AU2024918,2024-04-09,2024-04,Personal Loan,Semi-Urban,Karnataka,Disbursed,57000.0,Self-Employed,4.9,0,28.1,1,40.6,0,9.3,0,18.4,0,101.3,4.2,1
AU2024919,2024-06-28,2024-06,Personal Loan,Semi-Urban,Punjab,Disbursed,321000.0,Self-Employed,7.1,0,34.2,1,34.5,0,15.0,0,17.2,0,108.0,4.5,1
AU2024920,2024-04-30,2024-04,MSME Loan,Rural,Maharashtra,Disbursed,208000.0,MSME Owner,16.2,1,30.8,1,90.5,1,17.2,1,26.9,1,181.6,7.6,1
AU2024921,2024-03-15,2024-03,Business Loan,Semi-Urban,Gujarat,Disbursed,970000.0,Salaried,8.3,1,16.1,0,30.3,0,10.9,0,16.8,0,82.4,3.4,1
AU2024922,2024-04-11,2024-04,Vehicle Finance,Urban,Uttar Pradesh,Pending Documents,93000.0,Salaried,3.8,0,18.0,0,15.5,0,5.5,0,16.3,0,59.1,2.5,0
AU2024923,2024-11-04,2024-11,Business Loan,Urban,Maharashtra,Under Review,984000.0,MSME Owner,3.4,0,18.9,0,16.8,0,0.0,0,0.0,0,39.1,1.6,0
AU2024924,2025-01-24,2025-01,MSME Loan,Rural,Maharashtra,Pending Documents,276000.0,Self-Employed,12.7,1,48.8,1,105.5,1,15.7,0,45.5,1,228.2,9.5,1
AU2024925,2024-03-31,2024-03,MSME Loan,Rural,Gujarat,Under Review,717000.0,Salaried,9.1,1,28.0,1,56.9,1,0.0,0,0.0,0,94.0,3.9,1
AU2024926,2024-08-25,2024-08,MSME Loan,Semi-Urban,Tamil Nadu,Disbursed,275000.0,Salaried,6.1,0,16.3,0,58.0,1,13.6,0,18.9,0,112.9,4.7,1
AU2024927,2025-01-24,2025-01,Business Loan,Rural,Odisha,Disbursed,50000.0,Self-Employed,15.4,1,44.0,1,109.2,1,18.8,1,31.9,1,219.3,9.1,1
AU2024928,2024-08-17,2024-08,Personal Loan,Semi-Urban,Odisha,Disbursed,320000.0,Self-Employed,4.5,0,28.8,1,36.7,0,10.3,0,18.4,0,98.7,4.1,1
AU2024929,2024-11-25,2024-11,Home Loan,Semi-Urban,Odisha,Disbursed,70000.0,Salaried,7.7,0,51.6,1,38.2,0,8.9,0,18.3,0,124.7,5.2,1
AU2024930,2024-06-14,2024-06,MSME Loan,Urban,Odisha,Pending Documents,219000.0,MSME Owner,3.7,0,15.1,0,42.0,0,10.2,0,6.4,0,77.4,3.2,0
AU2024931,2024-03-18,2024-03,Vehicle Finance,Urban,Punjab,Disbursed,513000.0,Salaried,3.9,0,13.3,0,14.6,0,5.2,0,6.4,0,43.4,1.8,0
AU2024932,2024-02-04,2024-02,Vehicle Finance,Rural,Tamil Nadu,Disbursed,1238000.0,MSME Owner,9.1,1,42.2,1,57.5,1,22.6,1,43.0,1,174.4,7.3,1
AU2024933,2024-08-14,2024-08,Personal Loan,Semi-Urban,Tamil Nadu,Disbursed,1141000.0,Self-Employed,6.0,0,26.9,1,44.7,0,14.0,0,24.8,1,116.4,4.8,1
AU2024934,2025-02-11,2025-02,Business Loan,Urban,Uttar Pradesh,Disbursed,230000.0,Salaried,4.9,0,19.9,0,18.1,0,5.8,0,9.3,0,58.0,2.4,0
AU2024935,2024-10-29,2024-10,Vehicle Finance,Urban,Uttar Pradesh,Disbursed,151000.0,Farmer,5.2,0,10.9,0,21.8,0,6.8,0,15.5,0,60.2,2.5,0
AU2024936,2024-06-29,2024-06,Vehicle Finance,Urban,Rajasthan,Rejected,52000.0,Self-Employed,4.0,0,13.5,0,17.8,0,7.2,0,0.0,0,42.5,1.8,0
AU2024937,2024-02-07,2024-02,Home Loan,Urban,Karnataka,Disbursed,132000.0,MSME Owner,5.1,0,31.2,1,23.8,0,5.6,0,14.8,0,80.5,3.4,1
AU2024938,2024-08-24,2024-08,Home Loan,Urban,Uttar Pradesh,Under Review,427000.0,Farmer,4.9,0,15.0,0,22.6,0,0.0,0,0.0,0,42.5,1.8,0
AU2024939,2024-01-20,2024-01,Home Loan,Urban,Tamil Nadu,Disbursed,652000.0,Self-Employed,5.5,0,11.2,0,21.3,0,5.3,0,14.3,0,57.6,2.4,0
AU2024940,2024-07-07,2024-07,Personal Loan,Semi-Urban,Rajasthan,Disbursed,256000.0,Salaried,6.9,0,24.0,0,27.6,0,9.6,0,16.8,0,84.9,3.5,0
AU2024941,2024-02-09,2024-02,Home Loan,Rural,Uttar Pradesh,Disbursed,185000.0,Self-Employed,10.0,1,48.0,1,31.8,0,16.5,1,24.7,1,131.0,5.5,1
AU2024942,2024-11-10,2024-11,Vehicle Finance,Semi-Urban,Gujarat,Pending Documents,482000.0,MSME Owner,7.4,0,18.1,0,25.9,0,8.5,0,15.5,0,75.4,3.1,0
AU2024943,2024-09-16,2024-09,Home Loan,Urban,Odisha,Disbursed,76000.0,MSME Owner,5.1,0,21.8,0,28.8,0,7.1,0,7.9,0,70.7,2.9,0
AU2024944,2024-08-24,2024-08,Business Loan,Semi-Urban,Haryana,Pending Documents,272000.0,Salaried,7.0,0,12.6,0,41.0,0,17.8,1,20.0,0,98.4,4.1,1
AU2024945,2024-10-10,2024-10,Vehicle Finance,Urban,Odisha,Disbursed,115000.0,Self-Employed,5.3,0,23.5,0,22.5,0,7.1,0,16.2,0,74.6,3.1,0
AU2024946,2024-08-18,2024-08,Business Loan,Semi-Urban,Rajasthan,Disbursed,342000.0,MSME Owner,8.7,1,17.2,0,61.5,1,17.6,1,16.2,0,121.2,5.0,1
AU2024947,2024-11-29,2024-11,Personal Loan,Urban,Odisha,Disbursed,1688000.0,Self-Employed,4.2,0,11.0,0,32.6,0,6.1,0,8.7,0,62.6,2.6,0
AU2024948,2024-06-13,2024-06,Vehicle Finance,Semi-Urban,Madhya Pradesh,Disbursed,115000.0,MSME Owner,8.6,1,23.1,0,39.4,0,16.8,1,12.5,0,100.4,4.2,1
AU2024949,2024-08-31,2024-08,MSME Loan,Rural,Odisha,Disbursed,149000.0,Salaried,9.3,1,29.0,1,94.3,1,20.5,1,41.5,1,194.6,8.1,1
AU2024950,2024-03-18,2024-03,Home Loan,Semi-Urban,Karnataka,Rejected,77000.0,MSME Owner,8.8,1,27.0,1,19.1,0,19.2,1,0.0,0,74.1,3.1,1
AU2024951,2024-08-18,2024-08,Personal Loan,Semi-Urban,Rajasthan,Rejected,712000.0,Salaried,5.6,0,17.8,0,47.8,0,10.4,0,0.0,0,81.6,3.4,0
AU2024952,2025-02-19,2025-02,MSME Loan,Urban,Gujarat,Pending Documents,506000.0,MSME Owner,5.9,0,10.9,0,47.4,0,6.7,0,8.1,0,79.0,3.3,0
AU2024953,2024-12-31,2024-12,Business Loan,Rural,Punjab,Disbursed,69000.0,Self-Employed,18.0,1,38.4,1,83.5,1,18.6,1,29.8,1,188.3,7.8,1
AU2024954,2024-09-15,2024-09,Home Loan,Rural,Gujarat,Disbursed,208000.0,Salaried,13.0,1,32.2,1,36.1,0,21.3,1,18.4,0,121.0,5.0,1
AU2024955,2024-01-21,2024-01,Business Loan,Semi-Urban,Maharashtra,Disbursed,316000.0,Farmer,7.9,0,22.0,0,72.4,1,17.4,1,13.6,0,133.3,5.6,1
AU2024956,2024-12-28,2024-12,Personal Loan,Semi-Urban,Madhya Pradesh,Disbursed,568000.0,Self-Employed,9.9,1,24.8,1,21.4,0,17.9,1,14.5,0,88.5,3.7,1
AU2024957,2024-08-12,2024-08,Home Loan,Rural,Tamil Nadu,Rejected,666000.0,Self-Employed,12.6,1,52.5,1,40.9,0,23.5,1,0.0,0,129.5,5.4,1
AU2024958,2024-09-24,2024-09,Home Loan,Urban,Karnataka,Disbursed,235000.0,Self-Employed,5.1,0,27.2,1,21.8,0,11.2,0,8.0,0,73.3,3.1,1
AU2024959,2024-03-22,2024-03,MSME Loan,Urban,Odisha,Disbursed,1335000.0,Farmer,3.0,0,19.7,0,49.3,1,10.9,0,17.9,0,100.8,4.2,1
AU2024960,2024-07-09,2024-07,Business Loan,Semi-Urban,Punjab,Disbursed,906000.0,Self-Employed,7.5,0,24.1,1,57.9,1,19.7,1,11.0,0,120.2,5.0,1
AU2024961,2024-07-17,2024-07,Vehicle Finance,Rural,Uttar Pradesh,Disbursed,194000.0,Salaried,13.6,1,36.0,1,31.4,0,27.3,1,33.6,1,141.9,5.9,1
AU2024962,2025-01-31,2025-01,MSME Loan,Rural,Haryana,Rejected,147000.0,Self-Employed,10.6,1,31.6,1,82.1,1,13.6,0,0.0,0,137.9,5.7,1
AU2024963,2024-12-13,2024-12,Business Loan,Semi-Urban,Punjab,Disbursed,107000.0,Self-Employed,7.4,0,20.8,0,72.7,1,8.7,0,22.1,0,131.7,5.5,1
AU2024964,2024-01-27,2024-01,MSME Loan,Rural,Odisha,Disbursed,850000.0,Salaried,16.1,1,49.9,1,92.8,1,13.8,0,39.5,1,212.1,8.8,1
AU2024965,2024-02-03,2024-02,Home Loan,Rural,Punjab,Disbursed,91000.0,Salaried,11.7,1,39.8,1,50.8,1,28.5,1,29.7,1,160.5,6.7,1
AU2024966,2024-02-18,2024-02,MSME Loan,Urban,Punjab,Disbursed,89000.0,Farmer,2.5,0,11.4,0,17.2,0,7.5,0,9.3,0,47.9,2.0,0
AU2024967,2024-12-13,2024-12,MSME Loan,Semi-Urban,Karnataka,Disbursed,2997000.0,Self-Employed,4.6,0,22.7,0,76.0,1,18.0,1,26.1,1,147.4,6.1,1
AU2024968,2024-05-25,2024-05,MSME Loan,Urban,Haryana,Disbursed,249000.0,MSME Owner,5.5,0,20.0,0,54.5,1,4.4,0,6.1,0,90.5,3.8,1
AU2024969,2025-01-05,2025-01,Home Loan,Urban,Uttar Pradesh,Disbursed,91000.0,Salaried,3.1,0,23.3,0,22.6,0,8.1,0,14.1,0,71.2,3.0,0
AU2024970,2025-03-23,2025-03,Business Loan,Urban,Odisha,Disbursed,1089000.0,MSME Owner,4.7,0,11.7,0,40.1,0,8.6,0,11.8,0,76.9,3.2,0
AU2024971,2024-06-19,2024-06,Vehicle Finance,Semi-Urban,Maharashtra,Disbursed,112000.0,MSME Owner,4.7,0,30.0,1,22.1,0,8.8,0,27.6,1,93.2,3.9,1
AU2024972,2024-10-25,2024-10,MSME Loan,Urban,Gujarat,Disbursed,250000.0,MSME Owner,5.8,0,18.1,0,30.5,0,8.8,0,9.7,0,72.9,3.0,0
AU2024973,2025-04-14,2025-04,MSME Loan,Rural,Maharashtra,Disbursed,60000.0,Salaried,10.9,1,25.2,1,99.9,1,20.1,1,27.8,1,183.9,7.7,1
AU2024974,2024-06-07,2024-06,Vehicle Finance,Rural,Punjab,Disbursed,232000.0,Salaried,11.7,1,36.0,1,32.5,0,22.9,1,32.3,1,135.4,5.6,1
AU2024975,2024-03-07,2024-03,MSME Loan,Urban,Haryana,Disbursed,505000.0,MSME Owner,5.0,0,22.2,0,45.9,0,11.4,0,10.0,0,94.5,3.9,0
AU2024976,2024-12-28,2024-12,Vehicle Finance,Urban,Odisha,Disbursed,179000.0,Salaried,2.7,0,8.5,0,33.8,0,4.1,0,14.8,0,63.9,2.7,0
AU2024977,2024-06-07,2024-06,Personal Loan,Rural,Gujarat,Under Review,206000.0,MSME Owner,14.7,1,24.2,1,71.3,1,0.0,0,0.0,0,110.2,4.6,1
AU2024978,2024-07-11,2024-07,Home Loan,Urban,Karnataka,Under Review,478000.0,Salaried,5.7,0,13.7,0,17.4,0,0.0,0,0.0,0,36.8,1.5,0
AU2024979,2025-02-20,2025-02,Vehicle Finance,Urban,Punjab,Disbursed,50000.0,MSME Owner,5.9,0,21.0,0,23.0,0,11.2,0,10.9,0,72.0,3.0,0
AU2024980,2024-12-09,2024-12,Vehicle Finance,Semi-Urban,Maharashtra,Disbursed,316000.0,Salaried,5.5,0,12.9,0,35.5,0,10.8,0,12.7,0,77.4,3.2,0
AU2024981,2024-02-17,2024-02,Home Loan,Semi-Urban,Karnataka,Rejected,1448000.0,Self-Employed,9.4,1,51.5,1,42.2,0,15.6,0,0.0,0,118.7,4.9,1
AU2024982,2024-09-17,2024-09,MSME Loan,Urban,Haryana,Disbursed,129000.0,Farmer,4.4,0,16.9,0,42.9,0,8.0,0,6.4,0,78.6,3.3,0
AU2024983,2024-01-10,2024-01,Vehicle Finance,Semi-Urban,Punjab,Disbursed,244000.0,MSME Owner,5.4,0,17.3,0,22.8,0,12.5,0,25.2,1,83.2,3.5,1
AU2024984,2024-06-07,2024-06,MSME Loan,Urban,Punjab,Disbursed,95000.0,Salaried,5.9,0,17.9,0,56.2,1,6.7,0,14.4,0,101.1,4.2,1
AU2024985,2025-05-01,2025-05,Personal Loan,Urban,Maharashtra,Disbursed,651000.0,Salaried,2.7,0,12.2,0,12.9,0,9.6,0,11.9,0,49.3,2.1,0
AU2024986,2024-06-23,2024-06,Personal Loan,Urban,Madhya Pradesh,Disbursed,111000.0,MSME Owner,2.1,0,12.0,0,33.4,0,9.7,0,6.9,0,64.1,2.7,0
AU2024987,2024-04-08,2024-04,MSME Loan,Semi-Urban,Tamil Nadu,Under Review,342000.0,Self-Employed,8.1,1,35.8,1,36.8,0,0.0,0,0.0,0,80.7,3.4,1
AU2024988,2024-03-11,2024-03,Personal Loan,Urban,Madhya Pradesh,Disbursed,698000.0,Self-Employed,2.1,0,15.5,0,34.2,0,7.2,0,13.5,0,72.5,3.0,0
AU2024989,2024-02-09,2024-02,Home Loan,Rural,Maharashtra,Disbursed,2237000.0,Farmer,11.9,1,83.4,1,35.5,0,17.0,1,19.6,0,167.4,7.0,1
AU2024990,2025-03-08,2025-03,Home Loan,Semi-Urban,Uttar Pradesh,Disbursed,378000.0,MSME Owner,7.3,0,39.0,1,32.2,0,12.7,0,26.5,1,117.7,4.9,1
AU2024991,2024-09-16,2024-09,Personal Loan,Semi-Urban,Gujarat,Disbursed,213000.0,Self-Employed,6.7,0,24.5,1,22.2,0,14.2,0,14.4,0,82.0,3.4,1
AU2024992,2025-03-03,2025-03,Personal Loan,Urban,Karnataka,Rejected,2232000.0,MSME Owner,4.7,0,15.5,0,21.3,0,7.0,0,0.0,0,48.5,2.0,0
AU2024993,2024-01-20,2024-01,Vehicle Finance,Rural,Karnataka,Under Review,80000.0,Salaried,9.4,1,46.7,1,38.5,0,0.0,0,0.0,0,94.6,3.9,1
AU2024994,2025-03-24,2025-03,Personal Loan,Rural,Punjab,Rejected,122000.0,Salaried,13.2,1,30.2,1,38.7,0,17.8,1,0.0,0,99.9,4.2,1
AU2024995,2024-03-08,2024-03,Personal Loan,Rural,Odisha,Disbursed,538000.0,Salaried,14.3,1,59.1,1,39.9,0,14.1,0,35.1,1,162.5,6.8,1
AU2024996,2024-07-11,2024-07,MSME Loan,Rural,Odisha,Disbursed,433000.0,Salaried,14.8,1,50.1,1,112.1,1,16.7,1,18.6,0,212.3,8.8,1
AU2024997,2024-03-24,2024-03,Vehicle Finance,Semi-Urban,Maharashtra,Rejected,50000.0,Salaried,5.6,0,24.3,1,27.9,0,18.3,1,0.0,0,76.1,3.2,1
AU2024998,2025-03-01,2025-03,Home Loan,Semi-Urban,Maharashtra,Rejected,784000.0,Salaried,7.3,0,23.3,0,32.3,0,11.8,0,0.0,0,74.7,3.1,0
AU2024999,2025-02-18,2025-02,MSME Loan,Urban,Odisha,Rejected,156000.0,Farmer,2.1,0,19.2,0,26.4,0,4.3,0,0.0,0,52.0,2.2,0
AU2025000,2025-01-04,2025-01,MSME Loan,Urban,Maharashtra,Disbursed,881000.0,Salaried,4.7,0,18.9,0,43.4,0,11.5,0,15.9,0,94.4,3.9,0
AU2025001,2024-01-23,2024-01,Personal Loan,Semi-Urban,Tamil Nadu,Disbursed,270000.0,Salaried,6.7,0,21.2,0,31.0,0,19.8,1,11.6,0,90.3,3.8,1
AU2025002,2024-07-05,2024-07,MSME Loan,Semi-Urban,Haryana,Disbursed,164000.0,Self-Employed,6.5,0,21.0,0,72.2,1,17.9,1,12.0,0,129.6,5.4,1
AU2025003,2025-05-11,2025-05,Personal Loan,Semi-Urban,Madhya Pradesh,Disbursed,864000.0,Self-Employed,4.9,0,24.5,1,18.2,0,11.8,0,22.2,0,81.6,3.4,1
AU2025004,2024-11-08,2024-11,Vehicle Finance,Rural,Tamil Nadu,Under Review,168000.0,MSME Owner,17.1,1,53.5,1,30.1,0,0.0,0,0.0,0,100.7,4.2,1
AU2025005,2025-01-20,2025-01,Home Loan,Rural,Uttar Pradesh,Disbursed,232000.0,Farmer,11.1,1,88.6,1,37.5,0,29.2,1,19.6,0,186.0,7.7,1
AU2025006,2024-04-29,2024-04,Home Loan,Semi-Urban,Tamil Nadu,Disbursed,598000.0,Salaried,7.3,0,24.9,1,46.7,0,8.3,0,13.6,0,100.8,4.2,1
AU2025007,2024-05-02,2024-05,Personal Loan,Semi-Urban,Karnataka,Disbursed,91000.0,Self-Employed,9.2,1,29.1,1,35.4,0,9.1,0,22.5,0,105.3,4.4,1
AU2025008,2025-05-09,2025-05,Personal Loan,Rural,Uttar Pradesh,Disbursed,50000.0,Farmer,9.3,1,44.4,1,30.8,0,24.7,1,45.2,1,154.4,6.4,1
AU2025009,2025-04-07,2025-04,Business Loan,Semi-Urban,Tamil Nadu,Pending Documents,89000.0,Self-Employed,6.9,0,25.9,1,60.2,1,9.3,0,24.8,1,127.1,5.3,1
AU2025010,2024-07-07,2024-07,Business Loan,Urban,Madhya Pradesh,Rejected,110000.0,Self-Employed,5.5,0,22.2,0,55.3,1,10.9,0,0.0,0,93.9,3.9,1
AU2025011,2024-08-13,2024-08,Business Loan,Rural,Odisha,Disbursed,204000.0,Self-Employed,14.1,1,37.1,1,107.2,1,21.1,1,31.9,1,211.4,8.8,1
AU2025012,2025-01-28,2025-01,MSME Loan,Semi-Urban,Tamil Nadu,Disbursed,1200000.0,MSME Owner,8.7,1,29.0,1,38.0,0,18.3,1,26.1,1,120.1,5.0,1
AU2025013,2025-02-02,2025-02,Personal Loan,Urban,Uttar Pradesh,Pending Documents,286000.0,Farmer,5.6,0,22.2,0,25.0,0,9.2,0,12.5,0,74.5,3.1,0
AU2025014,2024-09-14,2024-09,Personal Loan,Semi-Urban,Haryana,Disbursed,280000.0,Self-Employed,5.0,0,18.7,0,22.8,0,10.3,0,27.5,1,84.3,3.5,1
AU2025015,2024-08-02,2024-08,Personal Loan,Urban,Karnataka,Disbursed,3044000.0,Self-Employed,2.6,0,20.7,0,30.8,0,5.9,0,9.5,0,69.5,2.9,0
AU2025016,2025-02-22,2025-02,MSME Loan,Rural,Maharashtra,Rejected,227000.0,Self-Employed,9.9,1,40.1,1,82.3,1,17.9,1,0.0,0,150.2,6.3,1
AU2025017,2025-02-14,2025-02,MSME Loan,Urban,Madhya Pradesh,Under Review,113000.0,Salaried,5.4,0,10.4,0,19.4,0,0.0,0,0.0,0,35.2,1.5,0
AU2025018,2024-03-11,2024-03,MSME Loan,Urban,Odisha,Disbursed,50000.0,Salaried,4.8,0,20.2,0,51.0,1,11.8,0,9.2,0,97.0,4.0,1
AU2025019,2024-01-27,2024-01,Home Loan,Urban,Uttar Pradesh,Rejected,284000.0,Self-Employed,6.0,0,29.0,1,34.9,0,10.7,0,0.0,0,80.6,3.4,1
AU2025020,2025-03-23,2025-03,MSME Loan,Semi-Urban,Tamil Nadu,Disbursed,227000.0,Self-Employed,7.0,0,24.6,1,74.7,1,18.9,1,12.9,0,138.1,5.8,1
AU2025021,2024-10-10,2024-10,Business Loan,Semi-Urban,Punjab,Disbursed,257000.0,MSME Owner,7.1,0,25.7,1,68.5,1,17.7,1,12.4,0,131.4,5.5,1
AU2025022,2024-12-30,2024-12,Home Loan,Semi-Urban,Gujarat,Disbursed,263000.0,Self-Employed,5.5,0,42.1,1,41.1,0,10.9,0,10.9,0,110.5,4.6,1
AU2025023,2025-03-11,2025-03,MSME Loan,Urban,Karnataka,Pending Documents,132000.0,Self-Employed,3.3,0,11.9,0,16.4,0,5.9,0,7.7,0,45.2,1.9,0
AU2025024,2024-05-25,2024-05,Vehicle Finance,Urban,Gujarat,Disbursed,50000.0,Salaried,2.1,0,8.4,0,29.7,0,6.5,0,15.6,0,62.3,2.6,0
AU2025025,2025-01-25,2025-01,Business Loan,Semi-Urban,Gujarat,Disbursed,603000.0,MSME Owner,5.6,0,14.9,0,53.4,1,11.9,0,18.0,0,103.8,4.3,1
AU2025026,2024-05-19,2024-05,Vehicle Finance,Semi-Urban,Maharashtra,Disbursed,1679000.0,MSME Owner,7.2,0,28.3,1,44.2,0,13.2,0,17.4,0,110.3,4.6,1
AU2025027,2025-04-08,2025-04,Home Loan,Semi-Urban,Tamil Nadu,Disbursed,376000.0,Farmer,4.2,0,44.2,1,40.8,0,19.4,1,11.0,0,119.6,5.0,1
AU2025028,2024-03-16,2024-03,Vehicle Finance,Semi-Urban,Karnataka,Disbursed,310000.0,Self-Employed,4.6,0,26.7,1,40.1,0,17.2,1,26.3,1,114.9,4.8,1
AU2025029,2024-02-16,2024-02,Business Loan,Rural,Haryana,Under Review,105000.0,Salaried,9.6,1,39.7,1,66.0,1,0.0,0,0.0,0,115.3,4.8,1
AU2025030,2025-02-22,2025-02,Home Loan,Semi-Urban,Madhya Pradesh,Disbursed,167000.0,Farmer,4.7,0,52.4,1,20.7,0,10.8,0,10.8,0,99.4,4.1,1
AU2025031,2025-03-28,2025-03,Home Loan,Rural,Tamil Nadu,Disbursed,652000.0,Farmer,13.9,1,68.2,1,64.6,1,17.3,1,28.6,1,192.6,8.0,1
AU2025032,2025-04-21,2025-04,MSME Loan,Rural,Punjab,Pending Documents,185000.0,Farmer,12.7,1,43.9,1,76.4,1,17.8,1,20.3,0,171.1,7.1,1
AU2025033,2024-07-31,2024-07,MSME Loan,Rural,Rajasthan,Disbursed,1021000.0,MSME Owner,14.3,1,38.7,1,53.8,1,27.5,1,39.0,1,173.3,7.2,1
AU2025034,2024-07-21,2024-07,Vehicle Finance,Semi-Urban,Rajasthan,Disbursed,58000.0,Salaried,8.0,0,33.9,1,30.1,0,10.5,0,21.7,0,104.2,4.3,1
AU2025035,2024-07-10,2024-07,MSME Loan,Semi-Urban,Karnataka,Under Review,236000.0,Self-Employed,8.5,1,15.4,0,42.8,0,0.0,0,0.0,0,66.7,2.8,1
AU2025036,2024-07-16,2024-07,MSME Loan,Rural,Madhya Pradesh,Disbursed,161000.0,Salaried,14.1,1,56.5,1,111.9,1,23.8,1,43.1,1,249.4,10.4,1
AU2025037,2024-07-10,2024-07,Vehicle Finance,Urban,Gujarat,Disbursed,83000.0,Self-Employed,5.0,0,11.5,0,20.8,0,6.9,0,17.5,0,61.7,2.6,0
AU2025038,2024-01-15,2024-01,Business Loan,Rural,Madhya Pradesh,Rejected,462000.0,Farmer,12.8,1,58.0,1,50.6,1,13.3,0,0.0,0,134.7,5.6,1
AU2025039,2025-04-21,2025-04,MSME Loan,Rural,Punjab,Rejected,50000.0,Farmer,16.3,1,54.4,1,79.7,1,18.9,1,0.0,0,169.3,7.1,1
AU2025040,2025-03-05,2025-03,Business Loan,Semi-Urban,Gujarat,Disbursed,75000.0,Salaried,9.3,1,22.7,0,55.0,1,9.7,0,10.1,0,106.8,4.5,1
AU2025041,2025-02-09,2025-02,Personal Loan,Semi-Urban,Punjab,Disbursed,4393000.0,Farmer,5.3,0,16.9,0,23.4,0,8.2,0,23.9,0,77.7,3.2,0
AU2025042,2024-03-11,2024-03,MSME Loan,Semi-Urban,Maharashtra,Disbursed,214000.0,Farmer,5.5,0,29.6,1,47.4,0,11.6,0,18.2,0,112.3,4.7,1
AU2025043,2024-05-26,2024-05,Personal Loan,Rural,Rajasthan,Disbursed,50000.0,MSME Owner,8.7,1,58.4,1,33.3,0,27.9,1,42.3,1,170.6,7.1,1
AU2025044,2024-12-22,2024-12,MSME Loan,Semi-Urban,Tamil Nadu,Rejected,76000.0,Self-Employed,5.0,0,35.6,1,29.9,0,15.1,0,0.0,0,85.6,3.6,1
AU2025045,2025-01-23,2025-01,Vehicle Finance,Semi-Urban,Maharashtra,Disbursed,160000.0,Self-Employed,5.7,0,34.6,1,40.9,0,19.7,1,10.7,0,111.6,4.7,1
AU2025046,2024-08-17,2024-08,Business Loan,Urban,Tamil Nadu,Disbursed,632000.0,Salaried,4.0,0,22.2,0,44.4,0,7.2,0,10.5,0,88.3,3.7,0
AU2025047,2024-01-03,2024-01,Vehicle Finance,Urban,Odisha,Disbursed,78000.0,Self-Employed,5.4,0,20.1,0,26.7,0,6.9,0,8.5,0,67.6,2.8,0
AU2025048,2024-01-10,2024-01,Home Loan,Semi-Urban,Gujarat,Disbursed,161000.0,MSME Owner,5.4,0,35.5,1,31.5,0,15.0,0,25.8,1,113.2,4.7,1
AU2025049,2024-04-20,2024-04,MSME Loan,Semi-Urban,Uttar Pradesh,Disbursed,168000.0,Self-Employed,7.6,0,25.4,1,58.2,1,9.8,0,21.6,0,122.6,5.1,1
AU2025050,2024-10-07,2024-10,Personal Loan,Rural,Maharashtra,Disbursed,240000.0,Self-Employed,15.1,1,32.2,1,62.2,1,23.4,1,35.6,1,168.5,7.0,1
AU2025051,2024-09-27,2024-09,Business Loan,Semi-Urban,Odisha,Disbursed,282000.0,Self-Employed,8.2,1,22.4,0,35.3,0,10.6,0,10.1,0,86.6,3.6,1
AU2025052,2024-02-26,2024-02,Business Loan,Semi-Urban,Haryana,Rejected,685000.0,MSME Owner,8.3,1,14.0,0,36.2,0,8.1,0,0.0,0,66.6,2.8,1
AU2025053,2024-05-01,2024-05,Business Loan,Rural,Uttar Pradesh,Disbursed,270000.0,MSME Owner,9.3,1,30.2,1,61.0,1,19.4,1,28.5,1,148.4,6.2,1
AU2025054,2024-03-03,2024-03,Home Loan,Urban,Uttar Pradesh,Disbursed,202000.0,Self-Employed,5.1,0,25.5,1,27.5,0,10.1,0,7.4,0,75.6,3.2,1
AU2025055,2024-05-02,2024-05,MSME Loan,Semi-Urban,Rajasthan,Disbursed,154000.0,Farmer,8.2,1,16.8,0,46.9,0,13.9,0,11.0,0,96.8,4.0,1
AU2025056,2024-11-23,2024-11,MSME Loan,Urban,Haryana,Rejected,162000.0,Farmer,5.4,0,16.4,0,25.4,0,5.0,0,0.0,0,52.2,2.2,0
AU2025057,2024-08-22,2024-08,Business Loan,Semi-Urban,Odisha,Pending Documents,270000.0,Self-Employed,9.3,1,27.6,1,49.2,1,18.3,1,18.5,0,122.9,5.1,1
AU2025058,2024-02-26,2024-02,MSME Loan,Urban,Gujarat,Disbursed,360000.0,Farmer,5.8,0,8.9,0,36.5,0,7.0,0,13.5,0,71.7,3.0,0
AU2025059,2024-11-01,2024-11,Home Loan,Urban,Tamil Nadu,Disbursed,885000.0,MSME Owner,2.5,0,31.2,1,26.5,0,11.6,0,10.1,0,81.9,3.4,1
AU2025060,2024-01-09,2024-01,Personal Loan,Semi-Urban,Karnataka,Disbursed,321000.0,Self-Employed,4.4,0,26.9,1,35.6,0,11.4,0,26.4,1,104.7,4.4,1
AU2025061,2024-10-21,2024-10,Business Loan,Semi-Urban,Karnataka,Disbursed,1620000.0,Salaried,9.6,1,21.0,0,29.1,0,12.6,0,20.8,0,93.1,3.9,1
AU2025062,2025-01-02,2025-01,Vehicle Finance,Semi-Urban,Madhya Pradesh,Disbursed,681000.0,Salaried,9.1,1,14.2,0,43.0,0,12.3,0,21.0,0,99.6,4.1,1
AU2025063,2024-05-29,2024-05,Personal Loan,Urban,Maharashtra,Disbursed,143000.0,Salaried,3.2,0,16.2,0,26.1,0,10.3,0,13.9,0,69.7,2.9,0
AU2025064,2024-01-01,2024-01,Vehicle Finance,Semi-Urban,Haryana,Disbursed,947000.0,Salaried,4.0,0,27.6,1,24.1,0,18.7,1,25.5,1,99.9,4.2,1
AU2025065,2024-06-29,2024-06,Personal Loan,Urban,Odisha,Disbursed,196000.0,Self-Employed,3.1,0,19.5,0,26.3,0,6.6,0,6.3,0,61.8,2.6,0
AU2025066,2024-10-19,2024-10,Home Loan,Urban,Madhya Pradesh,Under Review,1753000.0,Farmer,5.5,0,19.7,0,17.0,0,0.0,0,0.0,0,42.2,1.8,0
AU2025067,2024-04-05,2024-04,Personal Loan,Rural,Haryana,Disbursed,50000.0,Salaried,8.2,1,46.4,1,55.8,1,17.6,1,27.6,1,155.6,6.5,1
AU2025068,2024-09-25,2024-09,Business Loan,Semi-Urban,Gujarat,Disbursed,122000.0,Salaried,9.2,1,32.6,1,45.6,0,16.4,1,20.0,0,123.8,5.2,1
AU2025069,2024-02-04,2024-02,MSME Loan,Urban,Punjab,Disbursed,584000.0,Self-Employed,3.4,0,22.3,0,22.8,0,5.2,0,12.9,0,66.6,2.8,0
AU2025070,2024-10-05,2024-10,Home Loan,Urban,Karnataka,Disbursed,1000000.0,Self-Employed,5.8,0,29.2,1,23.0,0,8.6,0,14.3,0,80.9,3.4,1
AU2025071,2025-02-06,2025-02,Vehicle Finance,Rural,Karnataka,Disbursed,675000.0,Salaried,10.1,1,25.4,1,26.1,0,27.7,1,38.4,1,127.7,5.3,1
AU2025072,2024-10-10,2024-10,Home Loan,Semi-Urban,Karnataka,Under Review,891000.0,Self-Employed,9.6,1,42.2,1,25.7,0,0.0,0,0.0,0,77.5,3.2,1
AU2025073,2024-07-18,2024-07,Personal Loan,Semi-Urban,Rajasthan,Disbursed,252000.0,Salaried,9.7,1,27.4,1,44.3,0,16.1,1,16.4,0,113.9,4.7,1
AU2025074,2024-01-23,2024-01,Vehicle Finance,Semi-Urban,Tamil Nadu,Pending Documents,492000.0,Farmer,8.0,0,34.4,1,29.9,0,19.4,1,22.7,0,114.4,4.8,1
AU2025075,2024-07-10,2024-07,Personal Loan,Rural,Haryana,Disbursed,180000.0,Self-Employed,13.7,1,29.4,1,46.5,0,27.0,1,18.5,0,135.1,5.6,1
AU2025076,2025-01-17,2025-01,Business Loan,Urban,Uttar Pradesh,Disbursed,682000.0,Farmer,4.4,0,12.1,0,53.9,1,10.2,0,12.9,0,93.5,3.9,1
AU2025077,2024-07-01,2024-07,Home Loan,Rural,Rajasthan,Rejected,547000.0,Self-Employed,15.1,1,33.4,1,42.5,0,19.3,1,0.0,0,110.3,4.6,1
AU2025078,2024-06-25,2024-06,Personal Loan,Urban,Gujarat,Rejected,889000.0,Farmer,2.7,0,19.5,0,30.1,0,4.7,0,0.0,0,57.0,2.4,0
AU2025079,2025-01-10,2025-01,MSME Loan,Urban,Madhya Pradesh,Disbursed,50000.0,Salaried,3.3,0,16.1,0,37.8,0,6.1,0,16.9,0,80.2,3.3,0
AU2025080,2025-01-30,2025-01,Business Loan,Urban,Gujarat,Disbursed,50000.0,Salaried,2.5,0,21.1,0,56.8,1,6.6,0,10.6,0,97.6,4.1,1
AU2025081,2025-01-11,2025-01,Vehicle Finance,Semi-Urban,Odisha,Disbursed,663000.0,Farmer,7.4,0,22.8,0,37.4,0,19.4,1,24.3,1,111.3,4.6,1
AU2025082,2024-03-09,2024-03,Personal Loan,Urban,Punjab,Disbursed,942000.0,MSME Owner,4.9,0,23.8,0,18.5,0,11.0,0,15.2,0,73.4,3.1,0
AU2025083,2024-06-29,2024-06,Business Loan,Semi-Urban,Rajasthan,Disbursed,84000.0,MSME Owner,7.2,0,19.0,0,58.4,1,15.7,0,13.8,0,114.1,4.8,1
AU2025084,2024-06-22,2024-06,Personal Loan,Semi-Urban,Karnataka,Disbursed,1610000.0,Self-Employed,8.5,1,16.9,0,29.1,0,15.6,0,10.3,0,80.4,3.3,1
AU2025085,2025-03-01,2025-03,Home Loan,Rural,Maharashtra,Disbursed,329000.0,Self-Employed,16.5,1,76.8,1,37.8,0,17.8,1,38.4,1,187.3,7.8,1
AU2025086,2024-12-22,2024-12,Vehicle Finance,Urban,Tamil Nadu,Disbursed,373000.0,Farmer,5.1,0,23.1,0,17.2,0,10.2,0,6.2,0,61.8,2.6,0
AU2025087,2024-11-19,2024-11,Home Loan,Semi-Urban,Tamil Nadu,Disbursed,540000.0,Farmer,9.1,1,15.9,0,36.3,0,12.4,0,17.5,0,91.2,3.8,1
AU2025088,2025-02-19,2025-02,MSME Loan,Urban,Maharashtra,Pending Documents,476000.0,MSME Owner,3.0,0,13.2,0,50.2,1,10.1,0,9.9,0,86.4,3.6,1
AU2025089,2024-02-02,2024-02,Vehicle Finance,Urban,Maharashtra,Disbursed,87000.0,Self-Employed,2.3,0,21.5,0,29.2,0,11.5,0,14.3,0,78.8,3.3,0
AU2025090,2024-01-19,2024-01,MSME Loan,Semi-Urban,Tamil Nadu,Disbursed,280000.0,Salaried,8.3,1,33.7,1,65.6,1,15.0,0,22.1,0,144.7,6.0,1
AU2025091,2024-04-13,2024-04,MSME Loan,Urban,Uttar Pradesh,Rejected,310000.0,Salaried,4.6,0,17.7,0,22.3,0,5.7,0,0.0,0,50.3,2.1,0
AU2025092,2025-02-09,2025-02,Personal Loan,Urban,Rajasthan,Under Review,230000.0,Farmer,2.9,0,14.2,0,26.6,0,0.0,0,0.0,0,43.7,1.8,0
AU2025093,2025-03-29,2025-03,MSME Loan,Rural,Madhya Pradesh,Disbursed,50000.0,Salaried,11.8,1,29.1,1,91.3,1,23.9,1,19.3,0,175.4,7.3,1
AU2025094,2024-06-10,2024-06,MSME Loan,Urban,Rajasthan,Disbursed,114000.0,Self-Employed,2.3,0,14.4,0,47.4,0,11.3,0,11.0,0,86.4,3.6,0
AU2025095,2024-09-20,2024-09,Business Loan,Semi-Urban,Uttar Pradesh,Pending Documents,2059000.0,Salaried,6.6,0,31.1,1,56.1,1,9.3,0,21.3,0,124.4,5.2,1
AU2025096,2025-02-21,2025-02,Personal Loan,Semi-Urban,Haryana,Disbursed,239000.0,Salaried,5.4,0,33.0,1,23.1,0,13.1,0,13.4,0,88.0,3.7,1
AU2025097,2024-08-30,2024-08,Home Loan,Semi-Urban,Karnataka,Disbursed,854000.0,Self-Employed,9.1,1,36.6,1,39.5,0,18.8,1,26.2,1,130.2,5.4,1
AU2025098,2024-01-19,2024-01,Business Loan,Rural,Uttar Pradesh,Disbursed,666000.0,Salaried,10.7,1,34.9,1,83.2,1,19.9,1,39.8,1,188.5,7.9,1
AU2025099,2024-05-26,2024-05,MSME Loan,Semi-Urban,Madhya Pradesh,Disbursed,202000.0,Farmer,5.6,0,15.6,0,29.6,0,14.8,0,12.0,0,77.6,3.2,0
AU2025100,2025-03-17,2025-03,Personal Loan,Urban,Punjab,Disbursed,1015000.0,MSME Owner,3.0,0,11.9,0,35.2,0,4.1,0,16.6,0,70.8,3.0,0
AU2025101,2025-03-19,2025-03,Personal Loan,Rural,Rajasthan,Disbursed,416000.0,Self-Employed,15.1,1,45.2,1,39.3,0,22.0,1,39.9,1,161.5,6.7,1
AU2025102,2024-05-19,2024-05,Personal Loan,Urban,Punjab,Disbursed,407000.0,Salaried,3.7,0,11.2,0,25.2,0,4.9,0,6.3,0,51.3,2.1,0
AU2025103,2025-02-13,2025-02,Personal Loan,Rural,Gujarat,Disbursed,106000.0,MSME Owner,8.7,1,27.9,1,48.4,1,20.4,1,46.5,1,151.9,6.3,1
AU2025104,2024-08-11,2024-08,MSME Loan,Rural,Punjab,Disbursed,50000.0,Farmer,14.0,1,44.8,1,52.0,1,12.8,0,46.4,1,170.0,7.1,1
AU2025105,2025-01-15,2025-01,Business Loan,Semi-Urban,Haryana,Disbursed,131000.0,MSME Owner,4.2,0,32.0,1,32.2,0,18.6,1,23.1,0,110.1,4.6,1
AU2025106,2025-04-03,2025-04,Personal Loan,Semi-Urban,Tamil Nadu,Disbursed,366000.0,Self-Employed,6.4,0,16.1,0,29.5,0,18.5,1,16.5,0,87.0,3.6,1
AU2025107,2024-06-22,2024-06,MSME Loan,Rural,Haryana,Disbursed,203000.0,Salaried,16.6,1,38.1,1,33.4,0,16.9,1,35.9,1,140.9,5.9,1
AU2025108,2024-09-11,2024-09,Home Loan,Urban,Maharashtra,Disbursed,312000.0,Self-Employed,5.1,0,21.2,0,30.2,0,7.0,0,8.9,0,72.4,3.0,0
AU2025109,2024-07-07,2024-07,Home Loan,Semi-Urban,Tamil Nadu,Pending Documents,345000.0,Salaried,9.5,1,51.4,1,25.3,0,17.6,1,17.8,0,121.6,5.1,1
AU2025110,2024-05-16,2024-05,MSME Loan,Semi-Urban,Karnataka,Rejected,50000.0,Salaried,6.6,0,30.1,1,55.9,1,16.3,1,0.0,0,108.9,4.5,1
AU2025111,2025-01-07,2025-01,Vehicle Finance,Urban,Gujarat,Under Review,219000.0,Farmer,3.6,0,8.2,0,16.1,0,0.0,0,0.0,0,27.9,1.2,0
AU2025112,2024-02-10,2024-02,Home Loan,Urban,Haryana,Rejected,79000.0,Self-Employed,2.6,0,21.8,0,33.1,0,7.4,0,0.0,0,64.9,2.7,0
AU2025113,2024-11-04,2024-11,Vehicle Finance,Urban,Haryana,Disbursed,986000.0,Self-Employed,3.6,0,9.9,0,22.0,0,4.6,0,7.2,0,47.3,2.0,0
AU2025114,2024-10-06,2024-10,Business Loan,Urban,Maharashtra,Pending Documents,1179000.0,Self-Employed,4.8,0,12.2,0,54.6,1,8.2,0,16.0,0,95.8,4.0,1
AU2025115,2024-06-13,2024-06,Business Loan,Urban,Uttar Pradesh,Rejected,131000.0,Salaried,3.9,0,11.1,0,41.7,0,11.8,0,0.0,0,68.5,2.9,0
AU2025116,2024-02-10,2024-02,MSME Loan,Semi-Urban,Gujarat,Disbursed,126000.0,Self-Employed,5.3,0,22.7,0,49.7,1,18.0,1,26.1,1,121.8,5.1,1
AU2025117,2024-12-04,2024-12,Business Loan,Urban,Punjab,Under Review,779000.0,Salaried,4.5,0,8.4,0,32.4,0,0.0,0,0.0,0,45.3,1.9,0
AU2025118,2024-06-05,2024-06,Business Loan,Urban,Uttar Pradesh,Under Review,180000.0,Salaried,4.5,0,13.4,0,43.6,0,0.0,0,0.0,0,61.5,2.6,0
AU2025119,2024-11-04,2024-11,Home Loan,Urban,Tamil Nadu,Under Review,471000.0,Salaried,2.9,0,36.0,1,22.4,0,0.0,0,0.0,0,61.3,2.6,1
AU2025120,2024-03-26,2024-03,Vehicle Finance,Semi-Urban,Haryana,Disbursed,401000.0,Self-Employed,7.3,0,25.8,1,23.0,0,12.8,0,16.2,0,85.1,3.5,1
AU2025121,2024-06-28,2024-06,Business Loan,Rural,Tamil Nadu,Disbursed,965000.0,Farmer,10.9,1,39.0,1,97.5,1,21.8,1,34.4,1,203.6,8.5,1
AU2025122,2024-01-22,2024-01,Personal Loan,Urban,Tamil Nadu,Disbursed,390000.0,Salaried,4.2,0,21.4,0,33.2,0,5.3,0,10.1,0,74.2,3.1,0
AU2025123,2024-11-10,2024-11,Business Loan,Urban,Punjab,Disbursed,608000.0,Farmer,3.5,0,19.8,0,41.7,0,7.0,0,7.7,0,79.7,3.3,0
AU2025124,2024-05-20,2024-05,Home Loan,Rural,Haryana,Rejected,306000.0,MSME Owner,9.1,1,80.5,1,50.7,1,24.4,1,0.0,0,164.7,6.9,1
AU2025125,2024-02-08,2024-02,Personal Loan,Rural,Rajasthan,Disbursed,120000.0,Self-Employed,16.5,1,56.6,1,48.3,1,22.7,1,39.2,1,183.3,7.6,1
AU2025126,2024-07-05,2024-07,MSME Loan,Urban,Haryana,Under Review,50000.0,Self-Employed,4.0,0,23.1,0,38.5,0,0.0,0,0.0,0,65.6,2.7,0
AU2025127,2025-02-14,2025-02,Home Loan,Rural,Karnataka,Rejected,83000.0,Self-Employed,13.6,1,81.8,1,63.4,1,14.2,0,0.0,0,173.0,7.2,1
AU2025128,2025-05-02,2025-05,Business Loan,Urban,Maharashtra,Under Review,1151000.0,Salaried,2.0,0,15.9,0,20.1,0,0.0,0,0.0,0,38.0,1.6,0
AU2025129,2024-03-14,2024-03,Business Loan,Urban,Rajasthan,Disbursed,195000.0,MSME Owner,2.6,0,18.4,0,53.6,1,9.4,0,15.7,0,99.7,4.2,1
AU2025130,2024-12-13,2024-12,Personal Loan,Urban,Odisha,Under Review,714000.0,MSME Owner,3.7,0,8.7,0,30.8,0,0.0,0,0.0,0,43.2,1.8,0
AU2025131,2024-01-18,2024-01,MSME Loan,Urban,Tamil Nadu,Disbursed,1213000.0,Farmer,5.2,0,16.2,0,21.4,0,5.7,0,13.9,0,62.4,2.6,0
AU2025132,2024-02-04,2024-02,Business Loan,Rural,Maharashtra,Pending Documents,158000.0,MSME Owner,11.5,1,30.0,1,35.7,0,18.9,1,45.1,1,141.2,5.9,1
AU2025133,2025-02-02,2025-02,Personal Loan,Urban,Madhya Pradesh,Pending Documents,1004000.0,Salaried,5.1,0,13.1,0,12.9,0,11.3,0,7.7,0,50.1,2.1,0
AU2025134,2024-07-04,2024-07,Vehicle Finance,Urban,Punjab,Disbursed,50000.0,Self-Employed,5.7,0,22.6,0,29.2,0,11.1,0,9.8,0,78.4,3.3,0
AU2025135,2025-05-01,2025-05,Business Loan,Semi-Urban,Haryana,Disbursed,216000.0,Self-Employed,6.4,0,35.7,1,66.9,1,13.2,0,23.1,0,145.3,6.1,1
AU2025136,2024-01-17,2024-01,Business Loan,Urban,Odisha,Disbursed,208000.0,MSME Owner,3.4,0,17.3,0,19.0,0,5.4,0,16.7,0,61.8,2.6,0
AU2025137,2024-03-19,2024-03,Vehicle Finance,Rural,Odisha,Pending Documents,255000.0,Self-Employed,11.0,1,54.9,1,71.9,1,23.3,1,41.9,1,203.0,8.5,1
AU2025138,2025-04-30,2025-04,Home Loan,Urban,Tamil Nadu,Disbursed,470000.0,Salaried,3.3,0,13.8,0,17.6,0,11.2,0,6.4,0,52.3,2.2,0
AU2025139,2024-07-09,2024-07,Personal Loan,Urban,Punjab,Disbursed,723000.0,Self-Employed,2.9,0,10.6,0,17.7,0,8.0,0,9.3,0,48.5,2.0,0
AU2025140,2025-01-25,2025-01,MSME Loan,Semi-Urban,Tamil Nadu,Disbursed,100000.0,MSME Owner,5.7,0,25.7,1,64.4,1,19.1,1,14.7,0,129.6,5.4,1
AU2025141,2024-10-20,2024-10,Business Loan,Semi-Urban,Gujarat,Pending Documents,1002000.0,Farmer,4.5,0,15.2,0,50.3,1,9.3,0,16.2,0,95.5,4.0,1
AU2025142,2024-09-28,2024-09,Personal Loan,Semi-Urban,Maharashtra,Pending Documents,860000.0,Salaried,8.1,1,21.8,0,24.2,0,12.8,0,11.4,0,78.3,3.3,1
AU2025143,2024-07-22,2024-07,Home Loan,Urban,Punjab,Disbursed,371000.0,Salaried,5.5,0,22.8,0,25.7,0,8.6,0,10.9,0,73.5,3.1,0
AU2025144,2024-11-28,2024-11,Personal Loan,Semi-Urban,Punjab,Disbursed,377000.0,Salaried,5.8,0,23.4,0,31.5,0,16.5,1,21.2,0,98.4,4.1,1
AU2025145,2024-05-07,2024-05,Vehicle Finance,Semi-Urban,Uttar Pradesh,Disbursed,141000.0,Salaried,6.6,0,19.4,0,47.5,0,17.8,1,13.0,0,104.3,4.3,1
AU2025146,2024-01-14,2024-01,Personal Loan,Urban,Gujarat,Disbursed,295000.0,Farmer,4.9,0,11.4,0,21.6,0,8.1,0,15.7,0,61.7,2.6,0
AU2025147,2024-09-12,2024-09,MSME Loan,Rural,Maharashtra,Disbursed,89000.0,MSME Owner,9.1,1,44.4,1,53.4,1,19.8,1,37.0,1,163.7,6.8,1
AU2025148,2024-07-17,2024-07,Business Loan,Urban,Karnataka,Disbursed,197000.0,Salaried,5.9,0,12.9,0,21.2,0,8.4,0,16.3,0,64.7,2.7,0
AU2025149,2024-03-01,2024-03,Home Loan,Urban,Karnataka,Disbursed,169000.0,MSME Owner,4.9,0,27.3,1,32.9,0,11.0,0,12.9,0,89.0,3.7,1
AU2025150,2025-01-31,2025-01,Business Loan,Semi-Urban,Uttar Pradesh,Under Review,234000.0,Farmer,5.4,0,23.4,0,31.8,0,0.0,0,0.0,0,60.6,2.5,0
AU2025151,2024-12-26,2024-12,Business Loan,Urban,Uttar Pradesh,Pending Documents,62000.0,Farmer,2.5,0,19.6,0,18.1,0,4.2,0,7.3,0,51.7,2.2,0
AU2025152,2024-04-19,2024-04,MSME Loan,Rural,Tamil Nadu,Disbursed,157000.0,Self-Employed,13.7,1,32.0,1,95.0,1,17.6,1,45.7,1,204.0,8.5,1
AU2025153,2024-05-26,2024-05,Home Loan,Semi-Urban,Odisha,Rejected,134000.0,MSME Owner,5.7,0,28.2,1,46.1,0,10.0,0,0.0,0,90.0,3.8,1
AU2025154,2024-04-12,2024-04,Vehicle Finance,Rural,Tamil Nadu,Rejected,288000.0,Salaried,13.9,1,52.0,1,28.5,0,15.1,0,0.0,0,109.5,4.6,1
AU2025155,2024-03-10,2024-03,Vehicle Finance,Rural,Gujarat,Rejected,667000.0,Farmer,8.6,1,56.5,1,63.1,1,17.7,1,0.0,0,145.9,6.1,1
AU2025156,2024-08-19,2024-08,Business Loan,Rural,Gujarat,Under Review,408000.0,Salaried,13.3,1,36.8,1,98.0,1,0.0,0,0.0,0,148.1,6.2,1
AU2025157,2025-04-05,2025-04,Personal Loan,Rural,Maharashtra,Pending Documents,1469000.0,MSME Owner,9.3,1,26.9,1,25.0,0,23.3,1,36.9,1,121.4,5.1,1
AU2025158,2024-02-14,2024-02,MSME Loan,Urban,Tamil Nadu,Disbursed,922000.0,Farmer,5.2,0,14.8,0,42.0,0,10.9,0,11.9,0,84.8,3.5,0
AU2025159,2024-12-07,2024-12,Personal Loan,Urban,Punjab,Disbursed,430000.0,MSME Owner,2.4,0,11.9,0,19.1,0,8.5,0,10.8,0,52.7,2.2,0
AU2025160,2024-12-29,2024-12,Home Loan,Urban,Punjab,Disbursed,50000.0,Salaried,2.3,0,33.3,1,28.6,0,5.0,0,6.8,0,76.0,3.2,1
AU2025161,2024-10-08,2024-10,MSME Loan,Semi-Urban,Gujarat,Disbursed,265000.0,MSME Owner,8.5,1,30.7,1,49.4,1,13.2,0,10.2,0,112.0,4.7,1
AU2025162,2024-05-28,2024-05,MSME Loan,Semi-Urban,Karnataka,Disbursed,389000.0,Salaried,4.6,0,35.5,1,40.1,0,18.5,1,10.1,0,108.8,4.5,1
AU2025163,2025-03-11,2025-03,Personal Loan,Semi-Urban,Uttar Pradesh,Disbursed,398000.0,MSME Owner,7.4,0,13.9,0,22.9,0,12.7,0,13.3,0,70.2,2.9,0
AU2025164,2024-12-30,2024-12,Home Loan,Semi-Urban,Maharashtra,Disbursed,100000.0,Salaried,5.4,0,48.5,1,45.7,0,17.9,1,16.0,0,133.5,5.6,1
AU2025165,2025-02-10,2025-02,Business Loan,Semi-Urban,Maharashtra,Rejected,258000.0,Farmer,4.8,0,13.2,0,60.4,1,18.0,1,0.0,0,96.4,4.0,1
AU2025166,2024-09-17,2024-09,Home Loan,Rural,Punjab,Disbursed,161000.0,Salaried,13.5,1,57.7,1,66.1,1,13.8,0,25.7,1,176.8,7.4,1
AU2025167,2024-03-03,2024-03,Home Loan,Urban,Madhya Pradesh,Disbursed,682000.0,Self-Employed,4.5,0,14.1,0,32.7,0,7.6,0,17.0,0,75.9,3.2,0
AU2025168,2025-02-09,2025-02,Vehicle Finance,Urban,Madhya Pradesh,Disbursed,271000.0,Salaried,3.6,0,17.4,0,18.6,0,5.4,0,15.3,0,60.3,2.5,0
AU2025169,2024-05-01,2024-05,MSME Loan,Urban,Maharashtra,Disbursed,228000.0,Farmer,2.2,0,23.6,0,16.2,0,11.0,0,9.7,0,62.7,2.6,0
AU2025170,2024-01-14,2024-01,MSME Loan,Urban,Tamil Nadu,Rejected,233000.0,MSME Owner,4.1,0,22.8,0,33.6,0,11.0,0,0.0,0,71.5,3.0,0
AU2025171,2024-10-10,2024-10,MSME Loan,Rural,Punjab,Disbursed,214000.0,Farmer,16.5,1,31.6,1,84.2,1,13.3,0,43.1,1,188.7,7.9,1
AU2025172,2024-07-07,2024-07,Personal Loan,Urban,Odisha,Disbursed,905000.0,Farmer,3.8,0,9.0,0,30.0,0,8.5,0,11.4,0,62.7,2.6,0
AU2025173,2025-02-15,2025-02,Business Loan,Semi-Urban,Tamil Nadu,Disbursed,349000.0,MSME Owner,7.3,0,33.0,1,52.7,1,10.9,0,25.3,1,129.2,5.4,1
AU2025174,2024-03-07,2024-03,Vehicle Finance,Urban,Karnataka,Disbursed,808000.0,Self-Employed,4.9,0,9.5,0,21.5,0,11.9,0,15.7,0,63.5,2.6,0
AU2025175,2025-03-28,2025-03,Personal Loan,Urban,Odisha,Disbursed,170000.0,MSME Owner,5.0,0,20.0,0,24.2,0,10.5,0,11.2,0,70.9,3.0,0
AU2025176,2024-02-03,2024-02,Personal Loan,Semi-Urban,Gujarat,Pending Documents,402000.0,Self-Employed,9.6,1,22.3,0,27.9,0,19.7,1,25.5,1,105.0,4.4,1
AU2025177,2024-07-22,2024-07,Business Loan,Semi-Urban,Uttar Pradesh,Disbursed,1205000.0,Salaried,9.7,1,21.7,0,69.6,1,10.3,0,19.9,0,131.2,5.5,1
AU2025178,2024-09-26,2024-09,Personal Loan,Rural,Tamil Nadu,Disbursed,152000.0,Salaried,8.7,1,34.4,1,54.1,1,22.2,1,36.4,1,155.8,6.5,1
AU2025179,2025-01-28,2025-01,Vehicle Finance,Urban,Haryana,Disbursed,314000.0,Salaried,5.4,0,17.9,0,16.5,0,5.4,0,16.5,0,61.7,2.6,0
AU2025180,2025-02-25,2025-02,Home Loan,Semi-Urban,Haryana,Disbursed,132000.0,MSME Owner,8.6,1,26.6,1,30.8,0,10.2,0,12.0,0,88.2,3.7,1
AU2025181,2024-02-07,2024-02,Home Loan,Urban,Odisha,Under Review,775000.0,Farmer,2.3,0,22.3,0,31.2,0,0.0,0,0.0,0,55.8,2.3,0
AU2025182,2025-05-12,2025-05,Business Loan,Semi-Urban,Maharashtra,Disbursed,219000.0,Farmer,8.0,0,23.1,0,56.3,1,11.3,0,14.9,0,113.6,4.7,1
AU2025183,2024-11-24,2024-11,Personal Loan,Urban,Punjab,Disbursed,389000.0,MSME Owner,4.4,0,9.6,0,32.5,0,8.8,0,17.5,0,72.8,3.0,0
AU2025184,2024-08-18,2024-08,Home Loan,Urban,Gujarat,Disbursed,215000.0,Salaried,2.5,0,16.5,0,22.3,0,7.9,0,7.7,0,56.9,2.4,0
AU2025185,2024-12-14,2024-12,Home Loan,Semi-Urban,Tamil Nadu,Disbursed,288000.0,Salaried,4.5,0,30.3,1,22.6,0,12.5,0,21.3,0,91.2,3.8,1
AU2025186,2024-06-25,2024-06,Vehicle Finance,Urban,Karnataka,Disbursed,812000.0,MSME Owner,4.2,0,13.8,0,20.8,0,11.0,0,6.5,0,56.3,2.3,0
AU2025187,2025-03-25,2025-03,MSME Loan,Semi-Urban,Maharashtra,Rejected,381000.0,Salaried,7.6,0,23.6,0,30.4,0,11.3,0,0.0,0,72.9,3.0,0
AU2025188,2024-11-23,2024-11,Vehicle Finance,Semi-Urban,Karnataka,Disbursed,805000.0,Self-Employed,7.1,0,22.4,0,35.8,0,10.8,0,26.9,1,103.0,4.3,1
AU2025189,2024-04-03,2024-04,Vehicle Finance,Urban,Odisha,Disbursed,856000.0,MSME Owner,2.6,0,12.7,0,28.3,0,6.5,0,15.5,0,65.6,2.7,0
AU2025190,2024-08-09,2024-08,Personal Loan,Rural,Maharashtra,Disbursed,50000.0,Salaried,14.2,1,42.3,1,71.6,1,29.7,1,37.1,1,194.9,8.1,1
AU2025191,2025-04-11,2025-04,Business Loan,Semi-Urban,Karnataka,Rejected,808000.0,Salaried,6.0,0,13.8,0,28.7,0,10.4,0,0.0,0,58.9,2.5,0
AU2025192,2025-03-01,2025-03,Home Loan,Semi-Urban,Rajasthan,Disbursed,299000.0,Salaried,7.7,0,53.1,1,21.3,0,10.5,0,18.5,0,111.1,4.6,1
AU2025193,2024-09-22,2024-09,MSME Loan,Rural,Gujarat,Under Review,108000.0,Salaried,17.9,1,27.7,1,37.3,0,0.0,0,0.0,0,82.9,3.5,1
AU2025194,2024-06-04,2024-06,Personal Loan,Urban,Maharashtra,Disbursed,225000.0,Farmer,4.7,0,20.5,0,30.6,0,8.3,0,15.6,0,79.7,3.3,0
AU2025195,2024-03-23,2024-03,Vehicle Finance,Urban,Maharashtra,Disbursed,211000.0,Self-Employed,5.3,0,23.7,0,21.9,0,10.1,0,7.2,0,68.2,2.8,0
AU2025196,2025-04-23,2025-04,Home Loan,Urban,Punjab,Disbursed,1104000.0,Salaried,5.7,0,12.0,0,34.3,0,9.7,0,10.0,0,71.7,3.0,0
AU2025197,2024-06-26,2024-06,Business Loan,Semi-Urban,Madhya Pradesh,Disbursed,50000.0,MSME Owner,6.3,0,23.7,0,75.5,1,10.6,0,17.5,0,133.6,5.6,1
AU2025198,2025-04-03,2025-04,Business Loan,Rural,Karnataka,Rejected,161000.0,Salaried,12.3,1,38.8,1,114.0,1,20.5,1,0.0,0,185.6,7.7,1
AU2025199,2025-03-09,2025-03,MSME Loan,Semi-Urban,Uttar Pradesh,Disbursed,208000.0,Salaried,6.3,0,34.7,1,55.1,1,12.1,0,21.3,0,129.5,5.4,1
AU2025200,2024-05-08,2024-05,MSME Loan,Urban,Gujarat,Disbursed,629000.0,MSME Owner,3.4,0,13.0,0,44.1,0,5.7,0,11.0,0,77.2,3.2,0
AU2025201,2024-11-21,2024-11,Personal Loan,Urban,Madhya Pradesh,Pending Documents,1376000.0,Self-Employed,5.9,0,10.2,0,26.1,0,5.6,0,15.5,0,63.3,2.6,0
AU2025202,2024-05-20,2024-05,Home Loan,Urban,Karnataka,Under Review,442000.0,Farmer,5.5,0,34.9,1,20.2,0,0.0,0,0.0,0,60.6,2.5,1
AU2025203,2024-11-16,2024-11,Vehicle Finance,Rural,Maharashtra,Disbursed,69000.0,MSME Owner,11.2,1,36.3,1,55.8,1,20.4,1,42.4,1,166.1,6.9,1
AU2025204,2024-11-10,2024-11,Personal Loan,Rural,Uttar Pradesh,Disbursed,495000.0,Farmer,10.5,1,35.8,1,49.8,1,15.8,0,42.3,1,154.2,6.4,1
AU2025205,2024-02-17,2024-02,Home Loan,Urban,Karnataka,Disbursed,81000.0,MSME Owner,3.3,0,26.5,1,13.2,0,8.9,0,7.8,0,59.7,2.5,1
AU2025206,2024-11-24,2024-11,MSME Loan,Urban,Karnataka,Disbursed,50000.0,Salaried,5.6,0,20.0,0,18.6,0,9.7,0,12.3,0,66.2,2.8,0
AU2025207,2024-10-30,2024-10,MSME Loan,Urban,Maharashtra,Disbursed,64000.0,Self-Employed,4.0,0,15.3,0,24.4,0,10.0,0,11.4,0,65.1,2.7,0
AU2025208,2024-03-19,2024-03,MSME Loan,Urban,Odisha,Rejected,325000.0,Farmer,5.3,0,13.8,0,40.6,0,5.3,0,0.0,0,65.0,2.7,0
AU2025209,2024-12-03,2024-12,Personal Loan,Semi-Urban,Maharashtra,Disbursed,448000.0,Self-Employed,5.6,0,36.0,1,20.2,0,8.5,0,13.9,0,84.2,3.5,1
AU2025210,2025-01-03,2025-01,MSME Loan,Rural,Odisha,Rejected,200000.0,Farmer,9.4,1,27.6,1,42.2,0,22.3,1,0.0,0,101.5,4.2,1
AU2025211,2024-06-21,2024-06,Business Loan,Rural,Odisha,Disbursed,397000.0,Salaried,12.7,1,48.4,1,101.2,1,20.3,1,35.8,1,218.4,9.1,1
AU2025212,2024-01-22,2024-01,Business Loan,Semi-Urban,Odisha,Pending Documents,50000.0,Farmer,6.9,0,20.0,0,34.3,0,10.9,0,25.0,1,97.1,4.0,1
AU2025213,2024-02-11,2024-02,Vehicle Finance,Rural,Rajasthan,Disbursed,416000.0,Salaried,8.1,1,42.3,1,71.9,1,24.5,1,27.3,1,174.1,7.3,1
AU2025214,2025-04-30,2025-04,MSME Loan,Rural,Rajasthan,Disbursed,143000.0,Salaried,10.3,1,40.9,1,67.8,1,17.2,1,23.2,0,159.4,6.6,1
AU2025215,2024-05-15,2024-05,Home Loan,Rural,Odisha,Rejected,730000.0,Salaried,10.4,1,43.8,1,30.6,0,21.9,1,0.0,0,106.7,4.4,1
AU2025216,2025-01-27,2025-01,Home Loan,Semi-Urban,Madhya Pradesh,Disbursed,1029000.0,Salaried,5.3,0,29.6,1,26.2,0,9.1,0,24.9,1,95.1,4.0,1
AU2025217,2024-08-01,2024-08,MSME Loan,Urban,Odisha,Disbursed,76000.0,MSME Owner,2.8,0,14.3,0,18.6,0,5.8,0,15.5,0,57.0,2.4,0
AU2025218,2024-11-23,2024-11,MSME Loan,Urban,Odisha,Disbursed,1486000.0,MSME Owner,5.2,0,8.3,0,23.7,0,9.2,0,10.5,0,56.9,2.4,0
AU2025219,2024-09-11,2024-09,MSME Loan,Semi-Urban,Rajasthan,Pending Documents,352000.0,Salaried,9.2,1,19.7,0,75.5,1,9.9,0,19.3,0,133.6,5.6,1
AU2025220,2024-05-28,2024-05,Home Loan,Semi-Urban,Karnataka,Disbursed,257000.0,Self-Employed,4.3,0,47.8,1,37.4,0,12.8,0,10.3,0,112.6,4.7,1
AU2025221,2024-09-04,2024-09,Vehicle Finance,Urban,Uttar Pradesh,Disbursed,353000.0,Self-Employed,2.8,0,11.1,0,27.7,0,4.4,0,9.8,0,55.8,2.3,0
AU2025222,2025-02-16,2025-02,Personal Loan,Semi-Urban,Madhya Pradesh,Rejected,94000.0,Salaried,4.5,0,22.2,0,46.4,0,10.6,0,0.0,0,83.7,3.5,0
AU2025223,2024-06-01,2024-06,Personal Loan,Semi-Urban,Haryana,Rejected,695000.0,Self-Employed,9.2,1,23.7,0,22.0,0,11.5,0,0.0,0,66.4,2.8,1
AU2025224,2024-02-07,2024-02,Vehicle Finance,Semi-Urban,Tamil Nadu,Rejected,693000.0,Self-Employed,8.7,1,18.0,0,38.3,0,18.8,1,0.0,0,83.8,3.5,1
AU2025225,2024-03-21,2024-03,Home Loan,Semi-Urban,Rajasthan,Disbursed,378000.0,Self-Employed,4.8,0,52.7,1,42.3,0,9.3,0,12.2,0,121.3,5.1,1
AU2025226,2024-07-31,2024-07,Vehicle Finance,Urban,Tamil Nadu,Disbursed,50000.0,Salaried,5.2,0,22.6,0,30.2,0,10.6,0,8.6,0,77.2,3.2,0
AU2025227,2024-08-25,2024-08,Business Loan,Urban,Tamil Nadu,Rejected,670000.0,Farmer,4.9,0,22.1,0,42.2,0,7.1,0,0.0,0,76.3,3.2,0
AU2025228,2024-06-23,2024-06,Personal Loan,Urban,Madhya Pradesh,Rejected,1833000.0,Self-Employed,3.1,0,15.6,0,23.3,0,7.1,0,0.0,0,49.1,2.0,0
AU2025229,2024-03-14,2024-03,Vehicle Finance,Semi-Urban,Odisha,Under Review,50000.0,Farmer,9.3,1,18.5,0,19.0,0,0.0,0,0.0,0,46.8,1.9,1
AU2025230,2025-03-17,2025-03,MSME Loan,Semi-Urban,Punjab,Disbursed,1220000.0,Farmer,9.6,1,16.8,0,40.8,0,10.9,0,16.5,0,94.6,3.9,1
AU2025231,2025-01-10,2025-01,MSME Loan,Semi-Urban,Punjab,Rejected,621000.0,Self-Employed,4.2,0,13.5,0,52.4,1,16.6,1,0.0,0,86.7,3.6,1
AU2025232,2025-05-14,2025-05,Home Loan,Rural,Punjab,Disbursed,142000.0,MSME Owner,15.6,1,89.5,1,40.6,0,19.4,1,23.0,0,188.1,7.8,1
AU2025233,2024-03-07,2024-03,Personal Loan,Semi-Urban,Haryana,Under Review,1378000.0,Self-Employed,5.1,0,18.8,0,31.7,0,0.0,0,0.0,0,55.6,2.3,0
AU2025234,2024-09-20,2024-09,Home Loan,Urban,Punjab,Disbursed,129000.0,Self-Employed,4.7,0,27.0,1,22.7,0,6.8,0,16.0,0,77.2,3.2,1
AU2025235,2024-02-24,2024-02,Home Loan,Urban,Karnataka,Disbursed,674000.0,Salaried,2.4,0,25.2,1,13.2,0,6.7,0,15.0,0,62.5,2.6,1
AU2025236,2024-05-03,2024-05,Business Loan,Rural,Punjab,Rejected,665000.0,MSME Owner,12.0,1,31.6,1,75.7,1,28.6,1,0.0,0,147.9,6.2,1
AU2025237,2024-03-03,2024-03,Personal Loan,Semi-Urban,Tamil Nadu,Disbursed,98000.0,Self-Employed,8.4,1,24.4,1,42.4,0,16.7,1,21.1,0,113.0,4.7,1
AU2025238,2024-08-18,2024-08,Personal Loan,Rural,Uttar Pradesh,Pending Documents,258000.0,Salaried,15.5,1,50.0,1,30.8,0,27.8,1,23.4,0,147.5,6.1,1
AU2025239,2024-03-13,2024-03,Home Loan,Semi-Urban,Madhya Pradesh,Disbursed,77000.0,Salaried,5.0,0,40.8,1,34.5,0,9.5,0,12.0,0,101.8,4.2,1
AU2025240,2024-01-26,2024-01,Personal Loan,Semi-Urban,Gujarat,Rejected,297000.0,Salaried,9.4,1,33.8,1,38.9,0,19.1,1,0.0,0,101.2,4.2,1
AU2025241,2025-04-29,2025-04,MSME Loan,Semi-Urban,Uttar Pradesh,Disbursed,128000.0,Salaried,6.0,0,27.1,1,33.8,0,11.1,0,18.4,0,96.4,4.0,1
AU2025242,2025-03-18,2025-03,Personal Loan,Semi-Urban,Haryana,Pending Documents,647000.0,Self-Employed,6.9,0,16.5,0,44.8,0,11.0,0,11.6,0,90.8,3.8,0
AU2025243,2024-08-02,2024-08,Home Loan,Urban,Odisha,Disbursed,996000.0,Salaried,2.5,0,14.5,0,13.3,0,9.3,0,16.0,0,55.6,2.3,0
AU2025244,2025-05-07,2025-05,Business Loan,Rural,Madhya Pradesh,Disbursed,101000.0,Self-Employed,12.2,1,46.1,1,95.5,1,21.8,1,36.8,1,212.4,8.9,1
AU2025245,2025-02-20,2025-02,MSME Loan,Urban,Maharashtra,Disbursed,165000.0,MSME Owner,4.4,0,10.9,0,31.4,0,7.7,0,11.0,0,65.4,2.7,0
AU2025246,2025-04-23,2025-04,Personal Loan,Rural,Punjab,Rejected,2436000.0,Farmer,9.4,1,33.0,1,50.0,1,26.4,1,0.0,0,118.8,5.0,1
AU2025247,2025-01-04,2025-01,MSME Loan,Semi-Urban,Odisha,Disbursed,214000.0,Salaried,5.0,0,31.0,1,73.7,1,13.0,0,27.1,1,149.8,6.2,1
AU2025248,2024-04-07,2024-04,MSME Loan,Semi-Urban,Punjab,Rejected,1879000.0,Salaried,8.2,1,13.3,0,66.7,1,17.9,1,0.0,0,106.1,4.4,1
AU2025249,2024-09-12,2024-09,Business Loan,Semi-Urban,Maharashtra,Disbursed,50000.0,Salaried,7.6,0,19.1,0,27.8,0,8.0,0,11.8,0,74.3,3.1,0
AU2025250,2024-08-27,2024-08,Home Loan,Rural,Karnataka,Disbursed,73000.0,Self-Employed,9.4,1,67.1,1,68.8,1,15.5,0,40.9,1,201.7,8.4,1
AU2025251,2025-03-26,2025-03,Personal Loan,Urban,Tamil Nadu,Disbursed,281000.0,Self-Employed,2.7,0,14.0,0,22.0,0,6.4,0,13.9,0,59.0,2.5,0
AU2025252,2024-09-11,2024-09,MSME Loan,Semi-Urban,Uttar Pradesh,Disbursed,575000.0,Self-Employed,6.7,0,15.6,0,47.9,0,11.3,0,27.0,1,108.5,4.5,1
AU2025253,2024-02-16,2024-02,MSME Loan,Urban,Rajasthan,Disbursed,164000.0,Salaried,3.6,0,22.0,0,37.6,0,6.7,0,8.5,0,78.4,3.3,0
AU2025254,2024-09-15,2024-09,MSME Loan,Semi-Urban,Haryana,Disbursed,130000.0,Farmer,7.1,0,21.6,0,51.6,1,17.3,1,16.1,0,113.7,4.7,1
AU2025255,2025-05-09,2025-05,Personal Loan,Semi-Urban,Tamil Nadu,Rejected,78000.0,MSME Owner,9.3,1,20.9,0,20.3,0,19.5,1,0.0,0,70.0,2.9,1
AU2025256,2024-04-20,2024-04,Vehicle Finance,Semi-Urban,Madhya Pradesh,Disbursed,550000.0,MSME Owner,7.3,0,23.7,0,21.4,0,9.0,0,16.1,0,77.5,3.2,0
AU2025257,2024-06-29,2024-06,Business Loan,Rural,Odisha,Rejected,117000.0,MSME Owner,13.2,1,30.0,1,113.2,1,18.8,1,0.0,0,175.2,7.3,1
AU2025258,2024-01-26,2024-01,Vehicle Finance,Rural,Rajasthan,Under Review,1329000.0,MSME Owner,15.9,1,56.0,1,50.5,1,0.0,0,0.0,0,122.4,5.1,1
AU2025259,2024-09-10,2024-09,Personal Loan,Rural,Uttar Pradesh,Disbursed,2124000.0,Self-Employed,14.1,1,26.0,1,48.3,1,27.7,1,24.4,1,140.5,5.9,1
AU2025260,2025-03-27,2025-03,Business Loan,Rural,Odisha,Disbursed,106000.0,Self-Employed,14.3,1,52.8,1,70.1,1,26.7,1,34.0,1,197.9,8.2,1
AU2025261,2024-05-26,2024-05,Business Loan,Semi-Urban,Tamil Nadu,Rejected,50000.0,Self-Employed,4.3,0,16.1,0,39.6,0,11.4,0,0.0,0,71.4,3.0,0
AU2025262,2024-01-05,2024-01,Personal Loan,Rural,Karnataka,Disbursed,367000.0,Salaried,16.8,1,27.1,1,45.3,0,27.3,1,36.5,1,153.0,6.4,1
AU2025263,2024-08-08,2024-08,Business Loan,Semi-Urban,Gujarat,Rejected,50000.0,Farmer,9.4,1,20.2,0,75.9,1,8.0,0,0.0,0,113.5,4.7,1
AU2025264,2025-03-27,2025-03,MSME Loan,Urban,Maharashtra,Disbursed,169000.0,MSME Owner,4.5,0,11.8,0,36.6,0,11.4,0,15.8,0,80.1,3.3,0
AU2025265,2025-01-07,2025-01,Business Loan,Rural,Uttar Pradesh,Rejected,52000.0,Salaried,8.4,1,30.1,1,92.7,1,15.3,0,0.0,0,146.5,6.1,1
AU2025266,2025-01-26,2025-01,Personal Loan,Rural,Punjab,Disbursed,264000.0,Salaried,17.1,1,42.7,1,27.6,0,14.0,0,29.5,1,130.9,5.5,1
AU2025267,2024-07-06,2024-07,MSME Loan,Semi-Urban,Haryana,Under Review,216000.0,Self-Employed,4.3,0,35.4,1,25.9,0,0.0,0,0.0,0,65.6,2.7,1
AU2025268,2024-07-24,2024-07,Personal Loan,Semi-Urban,Rajasthan,Pending Documents,359000.0,Self-Employed,8.4,1,16.3,0,46.8,0,15.7,0,25.2,1,112.4,4.7,1
AU2025269,2024-10-18,2024-10,Vehicle Finance,Semi-Urban,Rajasthan,Pending Documents,65000.0,Self-Employed,9.2,1,34.9,1,38.3,0,14.6,0,10.1,0,107.1,4.5,1
AU2025270,2024-04-09,2024-04,Personal Loan,Urban,Karnataka,Disbursed,105000.0,Self-Employed,3.7,0,9.6,0,13.0,0,9.4,0,12.4,0,48.1,2.0,0
AU2025271,2024-10-10,2024-10,Business Loan,Semi-Urban,Punjab,Under Review,83000.0,Self-Employed,7.8,0,34.9,1,67.8,1,0.0,0,0.0,0,110.5,4.6,1
AU2025272,2024-02-07,2024-02,Personal Loan,Semi-Urban,Uttar Pradesh,Pending Documents,638000.0,Self-Employed,10.0,1,25.9,1,19.3,0,15.0,0,14.9,0,85.1,3.5,1
AU2025273,2024-09-15,2024-09,Personal Loan,Rural,Haryana,Disbursed,278000.0,MSME Owner,10.9,1,31.0,1,70.7,1,18.5,1,36.0,1,167.1,7.0,1
AU2025274,2025-01-26,2025-01,Vehicle Finance,Semi-Urban,Tamil Nadu,Under Review,97000.0,Farmer,5.1,0,25.1,1,46.5,0,0.0,0,0.0,0,76.7,3.2,1
AU2025275,2024-05-23,2024-05,Home Loan,Rural,Karnataka,Pending Documents,1702000.0,Salaried,9.7,1,59.6,1,57.7,1,16.1,1,18.1,0,161.2,6.7,1
AU2025276,2024-12-14,2024-12,Business Loan,Rural,Odisha,Rejected,67000.0,Self-Employed,9.7,1,27.8,1,107.4,1,30.0,1,0.0,0,174.9,7.3,1
AU2025277,2024-03-01,2024-03,Personal Loan,Urban,Odisha,Disbursed,172000.0,Salaried,3.2,0,11.2,0,30.6,0,9.7,0,13.6,0,68.3,2.8,0
AU2025278,2025-05-14,2025-05,Business Loan,Rural,Maharashtra,Pending Documents,153000.0,Self-Employed,8.9,1,39.7,1,80.7,1,21.4,1,27.9,1,178.6,7.4,1
AU2025279,2024-07-20,2024-07,Vehicle Finance,Rural,Gujarat,Disbursed,139000.0,MSME Owner,8.4,1,26.4,1,50.5,1,13.9,0,18.7,0,117.9,4.9,1
AU2025280,2025-02-10,2025-02,Personal Loan,Semi-Urban,Punjab,Rejected,523000.0,Salaried,7.7,0,21.9,0,37.6,0,19.9,1,0.0,0,87.1,3.6,1
AU2025281,2024-10-12,2024-10,Personal Loan,Rural,Punjab,Disbursed,82000.0,Farmer,10.8,1,37.8,1,28.4,0,14.0,0,39.8,1,130.8,5.5,1
AU2025282,2025-01-21,2025-01,MSME Loan,Semi-Urban,Punjab,Rejected,112000.0,Salaried,4.0,0,20.4,0,37.3,0,8.7,0,0.0,0,70.4,2.9,0
AU2025283,2024-04-11,2024-04,Personal Loan,Rural,Maharashtra,Disbursed,701000.0,Self-Employed,13.9,1,43.6,1,28.8,0,17.7,1,19.5,0,123.5,5.1,1
AU2025284,2024-09-17,2024-09,Business Loan,Urban,Odisha,Disbursed,381000.0,Self-Employed,3.5,0,21.5,0,25.0,0,9.9,0,15.1,0,75.0,3.1,0
AU2025285,2024-09-13,2024-09,Business Loan,Urban,Haryana,Disbursed,2198000.0,Salaried,2.2,0,9.8,0,23.7,0,8.0,0,16.2,0,59.9,2.5,0
AU2025286,2024-01-24,2024-01,Personal Loan,Rural,Rajasthan,Pending Documents,134000.0,Self-Employed,13.6,1,54.6,1,71.8,1,21.1,1,28.4,1,189.5,7.9,1
AU2025287,2024-03-11,2024-03,Personal Loan,Urban,Rajasthan,Disbursed,215000.0,Self-Employed,5.3,0,16.1,0,34.0,0,9.0,0,16.1,0,80.5,3.4,0
AU2025288,2025-02-15,2025-02,Personal Loan,Rural,Punjab,Rejected,167000.0,Farmer,8.3,1,40.7,1,39.0,0,24.0,1,0.0,0,112.0,4.7,1
AU2025289,2024-09-22,2024-09,Business Loan,Semi-Urban,Tamil Nadu,Pending Documents,162000.0,MSME Owner,9.4,1,22.5,0,36.9,0,12.9,0,22.9,0,104.6,4.4,1
AU2025290,2024-03-17,2024-03,Personal Loan,Urban,Tamil Nadu,Disbursed,1053000.0,Salaried,4.7,0,22.9,0,17.7,0,9.5,0,17.7,0,72.5,3.0,0
AU2025291,2025-04-02,2025-04,MSME Loan,Urban,Odisha,Disbursed,202000.0,Salaried,4.8,0,19.6,0,43.6,0,6.7,0,8.0,0,82.7,3.4,0
AU2025292,2024-03-12,2024-03,Vehicle Finance,Semi-Urban,Karnataka,Rejected,50000.0,Salaried,5.3,0,18.4,0,20.8,0,12.2,0,0.0,0,56.7,2.4,0
AU2025293,2025-04-21,2025-04,Personal Loan,Semi-Urban,Punjab,Disbursed,123000.0,MSME Owner,8.3,1,25.9,1,46.8,0,8.3,0,23.3,0,112.6,4.7,1
AU2025294,2024-06-12,2024-06,MSME Loan,Rural,Odisha,Disbursed,93000.0,Self-Employed,15.1,1,35.4,1,77.2,1,24.4,1,30.6,1,182.7,7.6,1
AU2025295,2024-07-20,2024-07,MSME Loan,Rural,Maharashtra,Disbursed,153000.0,Self-Employed,10.4,1,44.1,1,111.5,1,27.8,1,30.1,1,223.9,9.3,1
AU2025296,2025-01-13,2025-01,Business Loan,Urban,Odisha,Disbursed,309000.0,Salaried,3.3,0,11.5,0,55.8,1,9.8,0,10.2,0,90.6,3.8,1
AU2025297,2024-10-30,2024-10,Personal Loan,Semi-Urban,Uttar Pradesh,Disbursed,90000.0,Self-Employed,9.0,1,26.8,1,37.0,0,14.5,0,26.7,1,114.0,4.8,1
AU2025298,2024-09-16,2024-09,MSME Loan,Semi-Urban,Punjab,Disbursed,61000.0,Self-Employed,7.0,0,14.5,0,35.1,0,13.8,0,26.0,1,96.4,4.0,1
AU2025299,2024-09-29,2024-09,Vehicle Finance,Semi-Urban,Karnataka,Disbursed,222000.0,Self-Employed,6.7,0,27.8,1,19.5,0,13.9,0,15.3,0,83.2,3.5,1
AU2025300,2024-12-28,2024-12,Business Loan,Rural,Tamil Nadu,Disbursed,301000.0,Farmer,12.2,1,50.8,1,103.2,1,17.6,1,29.8,1,213.6,8.9,1
AU2025301,2024-06-02,2024-06,Business Loan,Rural,Odisha,Disbursed,50000.0,Salaried,14.8,1,44.4,1,68.8,1,21.7,1,23.9,0,173.6,7.2,1
AU2025302,2025-02-21,2025-02,Business Loan,Semi-Urban,Tamil Nadu,Under Review,523000.0,Self-Employed,4.1,0,29.4,1,26.8,0,0.0,0,0.0,0,60.3,2.5,1
AU2025303,2024-07-07,2024-07,Business Loan,Urban,Rajasthan,Disbursed,174000.0,Self-Employed,3.5,0,13.1,0,41.5,0,5.3,0,16.2,0,79.6,3.3,0
AU2025304,2024-12-10,2024-12,MSME Loan,Semi-Urban,Punjab,Under Review,114000.0,Self-Employed,9.4,1,35.3,1,57.4,1,0.0,0,0.0,0,102.1,4.3,1
AU2025305,2024-08-01,2024-08,Personal Loan,Semi-Urban,Gujarat,Disbursed,3056000.0,Self-Employed,5.9,0,26.6,1,23.6,0,15.5,0,13.1,0,84.7,3.5,1
AU2025306,2024-06-06,2024-06,Personal Loan,Urban,Odisha,Disbursed,332000.0,Self-Employed,2.2,0,8.1,0,35.7,0,9.3,0,10.4,0,65.7,2.7,0
AU2025307,2024-11-01,2024-11,Vehicle Finance,Urban,Rajasthan,Disbursed,65000.0,Self-Employed,5.5,0,10.9,0,32.2,0,5.0,0,8.6,0,62.2,2.6,0
AU2025308,2024-05-15,2024-05,Personal Loan,Urban,Tamil Nadu,Under Review,110000.0,Farmer,5.5,0,20.1,0,34.4,0,0.0,0,0.0,0,60.0,2.5,0
AU2025309,2024-10-22,2024-10,Home Loan,Rural,Odisha,Rejected,246000.0,Salaried,15.7,1,46.5,1,39.8,0,13.9,0,0.0,0,115.9,4.8,1
AU2025310,2025-01-04,2025-01,Business Loan,Semi-Urban,Madhya Pradesh,Disbursed,240000.0,MSME Owner,9.1,1,22.5,0,44.3,0,17.0,1,26.4,1,119.3,5.0,1
AU2025311,2024-10-25,2024-10,Home Loan,Urban,Rajasthan,Under Review,367000.0,Self-Employed,4.3,0,31.6,1,16.5,0,0.0,0,0.0,0,52.4,2.2,1
AU2025312,2024-03-28,2024-03,MSME Loan,Urban,Tamil Nadu,Disbursed,157000.0,MSME Owner,4.6,0,17.3,0,37.7,0,10.7,0,8.8,0,79.1,3.3,0
AU2025313,2024-11-18,2024-11,Business Loan,Urban,Karnataka,Disbursed,79000.0,Salaried,3.3,0,15.5,0,17.1,0,4.7,0,14.2,0,54.8,2.3,0
AU2025314,2025-01-31,2025-01,Business Loan,Rural,Odisha,Rejected,308000.0,Farmer,13.3,1,48.6,1,52.5,1,19.9,1,0.0,0,134.3,5.6,1
AU2025315,2024-03-16,2024-03,Personal Loan,Urban,Haryana,Disbursed,220000.0,MSME Owner,3.5,0,22.8,0,14.3,0,7.0,0,14.5,0,62.1,2.6,0
AU2025316,2024-01-17,2024-01,Personal Loan,Semi-Urban,Madhya Pradesh,Disbursed,296000.0,MSME Owner,6.0,0,26.2,1,32.8,0,19.3,1,23.5,0,107.8,4.5,1
AU2025317,2025-04-30,2025-04,Home Loan,Urban,Odisha,Disbursed,614000.0,Self-Employed,5.7,0,16.7,0,18.5,0,7.3,0,8.9,0,57.1,2.4,0
AU2025318,2024-04-07,2024-04,Personal Loan,Rural,Gujarat,Disbursed,331000.0,Salaried,13.5,1,27.0,1,67.9,1,19.3,1,29.8,1,157.5,6.6,1
AU2025319,2024-08-13,2024-08,Business Loan,Semi-Urban,Rajasthan,Disbursed,337000.0,Self-Employed,8.8,1,32.0,1,40.5,0,13.6,0,25.7,1,120.6,5.0,1
AU2025320,2024-08-02,2024-08,Personal Loan,Rural,Punjab,Disbursed,655000.0,Self-Employed,16.6,1,27.7,1,40.7,0,21.7,1,42.3,1,149.0,6.2,1
AU2025321,2024-07-30,2024-07,Personal Loan,Rural,Maharashtra,Disbursed,1846000.0,Salaried,15.6,1,27.3,1,48.7,1,13.1,0,28.7,1,133.4,5.6,1
AU2025322,2024-07-29,2024-07,Vehicle Finance,Semi-Urban,Madhya Pradesh,Disbursed,54000.0,Self-Employed,9.7,1,32.4,1,22.4,0,8.4,0,26.8,1,99.7,4.2,1
AU2025323,2025-01-31,2025-01,Vehicle Finance,Semi-Urban,Karnataka,Rejected,177000.0,Salaried,6.9,0,35.2,1,38.2,0,9.8,0,0.0,0,90.1,3.8,1
AU2025324,2025-04-16,2025-04,Personal Loan,Rural,Odisha,Disbursed,115000.0,Self-Employed,17.2,1,55.7,1,45.9,0,19.4,1,34.7,1,172.9,7.2,1
AU2025325,2025-03-22,2025-03,Personal Loan,Urban,Tamil Nadu,Pending Documents,116000.0,Salaried,2.8,0,15.6,0,23.8,0,4.1,0,7.8,0,54.1,2.3,0
AU2025326,2024-12-27,2024-12,Business Loan,Semi-Urban,Rajasthan,Disbursed,1452000.0,Farmer,6.0,0,15.2,0,50.0,1,17.0,1,12.0,0,100.2,4.2,1
AU2025327,2024-09-22,2024-09,Business Loan,Urban,Maharashtra,Disbursed,50000.0,Self-Employed,3.2,0,21.5,0,40.7,0,7.6,0,10.9,0,83.9,3.5,0
AU2025328,2024-10-14,2024-10,Vehicle Finance,Urban,Madhya Pradesh,Under Review,1067000.0,MSME Owner,5.0,0,15.2,0,26.7,0,0.0,0,0.0,0,46.9,2.0,0
AU2025329,2024-12-05,2024-12,Vehicle Finance,Semi-Urban,Punjab,Disbursed,1063000.0,Self-Employed,7.7,0,29.3,1,37.3,0,14.2,0,22.3,0,110.8,4.6,1
AU2025330,2024-09-26,2024-09,Business Loan,Urban,Tamil Nadu,Disbursed,2589000.0,Farmer,3.4,0,14.3,0,24.3,0,4.6,0,15.3,0,61.9,2.6,0
AU2025331,2024-06-09,2024-06,Personal Loan,Semi-Urban,Haryana,Rejected,1202000.0,Self-Employed,9.3,1,22.7,0,26.5,0,18.8,1,0.0,0,77.3,3.2,1
AU2025332,2024-08-23,2024-08,Personal Loan,Urban,Maharashtra,Disbursed,50000.0,Farmer,3.8,0,13.0,0,34.6,0,10.8,0,16.1,0,78.3,3.3,0
AU2025333,2024-06-24,2024-06,Vehicle Finance,Rural,Karnataka,Disbursed,760000.0,Self-Employed,17.8,1,34.5,1,62.1,1,20.8,1,19.2,0,154.4,6.4,1
AU2025334,2024-06-30,2024-06,Home Loan,Urban,Karnataka,Disbursed,92000.0,Salaried,5.8,0,28.5,1,29.8,0,8.0,0,11.7,0,83.8,3.5,1
AU2025335,2024-11-08,2024-11,Personal Loan,Semi-Urban,Uttar Pradesh,Disbursed,119000.0,Farmer,8.8,1,21.9,0,22.5,0,17.4,1,12.2,0,82.8,3.4,1
AU2025336,2024-04-08,2024-04,Personal Loan,Urban,Tamil Nadu,Disbursed,128000.0,Salaried,3.9,0,20.0,0,17.3,0,5.8,0,17.4,0,64.4,2.7,0
AU2025337,2024-05-22,2024-05,MSME Loan,Rural,Madhya Pradesh,Under Review,838000.0,Salaried,10.1,1,36.2,1,59.1,1,0.0,0,0.0,0,105.4,4.4,1
AU2025338,2024-06-01,2024-06,Home Loan,Urban,Karnataka,Under Review,181000.0,Farmer,3.1,0,12.1,0,27.8,0,0.0,0,0.0,0,43.0,1.8,0
AU2025339,2025-04-27,2025-04,Business Loan,Rural,Madhya Pradesh,Rejected,394000.0,MSME Owner,10.1,1,26.8,1,55.7,1,16.5,1,0.0,0,109.1,4.5,1
AU2025340,2025-01-29,2025-01,Personal Loan,Semi-Urban,Uttar Pradesh,Disbursed,163000.0,Self-Employed,4.1,0,23.6,0,19.7,0,19.7,1,24.2,1,91.3,3.8,1
AU2025341,2024-12-26,2024-12,Vehicle Finance,Urban,Uttar Pradesh,Disbursed,446000.0,MSME Owner,2.8,0,17.1,0,31.5,0,10.1,0,15.6,0,77.1,3.2,0
AU2025342,2024-12-19,2024-12,MSME Loan,Rural,Madhya Pradesh,Disbursed,1248000.0,MSME Owner,18.0,1,24.5,1,62.1,1,17.1,1,25.9,1,147.6,6.1,1
AU2025343,2024-06-11,2024-06,Personal Loan,Semi-Urban,Tamil Nadu,Disbursed,386000.0,MSME Owner,8.2,1,18.0,0,25.6,0,15.5,0,23.7,0,91.0,3.8,1
AU2025344,2024-06-27,2024-06,MSME Loan,Rural,Tamil Nadu,Pending Documents,674000.0,MSME Owner,16.9,1,24.4,1,112.2,1,20.5,1,41.9,1,215.9,9.0,1
AU2025345,2025-04-23,2025-04,Personal Loan,Urban,Karnataka,Disbursed,322000.0,Salaried,2.5,0,20.9,0,12.2,0,6.5,0,8.1,0,50.2,2.1,0
AU2025346,2024-05-27,2024-05,Vehicle Finance,Urban,Uttar Pradesh,Disbursed,2917000.0,Salaried,2.7,0,12.0,0,35.4,0,7.2,0,13.2,0,70.5,2.9,0
AU2025347,2024-10-20,2024-10,Personal Loan,Semi-Urban,Gujarat,Disbursed,224000.0,Salaried,6.8,0,21.6,0,22.1,0,16.3,1,27.9,1,94.7,3.9,1
AU2025348,2024-07-13,2024-07,Business Loan,Semi-Urban,Karnataka,Pending Documents,230000.0,MSME Owner,4.8,0,24.3,1,39.2,0,9.9,0,17.7,0,95.9,4.0,1
AU2025349,2025-02-23,2025-02,Personal Loan,Semi-Urban,Haryana,Disbursed,1079000.0,Self-Employed,4.9,0,15.4,0,35.5,0,19.8,1,11.7,0,87.3,3.6,1
AU2025350,2025-05-03,2025-05,Business Loan,Rural,Punjab,Disbursed,289000.0,Self-Employed,11.1,1,34.7,1,58.1,1,27.9,1,39.7,1,171.5,7.1,1
AU2025351,2024-05-28,2024-05,Home Loan,Rural,Maharashtra,Disbursed,863000.0,Self-Employed,12.6,1,77.2,1,38.8,0,23.6,1,44.5,1,196.7,8.2,1
AU2025352,2024-05-27,2024-05,Business Loan,Urban,Rajasthan,Disbursed,1133000.0,Farmer,3.9,0,15.5,0,42.8,0,4.8,0,9.0,0,76.0,3.2,0
AU2025353,2024-06-26,2024-06,MSME Loan,Semi-Urban,Gujarat,Disbursed,74000.0,Salaried,8.1,1,30.3,1,67.8,1,11.5,0,26.8,1,144.5,6.0,1
AU2025354,2024-12-01,2024-12,Vehicle Finance,Semi-Urban,Tamil Nadu,Disbursed,182000.0,MSME Owner,7.7,0,32.1,1,33.5,0,12.5,0,26.6,1,112.4,4.7,1
AU2025355,2025-01-17,2025-01,Personal Loan,Rural,Uttar Pradesh,Disbursed,147000.0,MSME Owner,9.4,1,44.9,1,66.6,1,20.5,1,40.4,1,181.8,7.6,1
AU2025356,2024-04-19,2024-04,MSME Loan,Semi-Urban,Tamil Nadu,Pending Documents,67000.0,Salaried,5.5,0,15.4,0,53.5,1,10.2,0,10.7,0,95.3,4.0,1
AU2025357,2025-02-27,2025-02,Personal Loan,Rural,Madhya Pradesh,Disbursed,214000.0,Self-Employed,16.9,1,26.5,1,71.1,1,23.1,1,23.5,0,161.1,6.7,1
AU2025358,2024-05-18,2024-05,Home Loan,Rural,Karnataka,Disbursed,157000.0,Salaried,10.4,1,85.1,1,27.7,0,19.7,1,34.0,1,176.9,7.4,1
AU2025359,2024-12-22,2024-12,MSME Loan,Rural,Karnataka,Rejected,200000.0,Farmer,15.9,1,58.7,1,91.0,1,13.4,0,0.0,0,179.0,7.5,1
AU2025360,2024-03-11,2024-03,Vehicle Finance,Urban,Uttar Pradesh,Disbursed,581000.0,Salaried,5.1,0,19.6,0,35.1,0,11.4,0,15.1,0,86.3,3.6,0
AU2025361,2024-11-11,2024-11,Vehicle Finance,Urban,Gujarat,Disbursed,308000.0,MSME Owner,5.6,0,20.6,0,16.7,0,8.8,0,10.0,0,61.7,2.6,0
AU2025362,2024-05-02,2024-05,Personal Loan,Urban,Odisha,Disbursed,158000.0,Salaried,5.8,0,14.1,0,12.2,0,6.3,0,7.4,0,45.8,1.9,0
AU2025363,2024-01-26,2024-01,Personal Loan,Urban,Madhya Pradesh,Disbursed,571000.0,Salaried,3.4,0,21.8,0,22.2,0,11.3,0,12.0,0,70.7,2.9,0
AU2025364,2024-04-25,2024-04,Business Loan,Rural,Karnataka,Disbursed,355000.0,Self-Employed,15.9,1,57.0,1,64.8,1,22.7,1,33.0,1,193.4,8.1,1
AU2025365,2024-01-27,2024-01,MSME Loan,Rural,Madhya Pradesh,Under Review,126000.0,Salaried,15.7,1,33.6,1,50.1,1,0.0,0,0.0,0,99.4,4.1,1
AU2025366,2024-07-30,2024-07,MSME Loan,Urban,Gujarat,Under Review,103000.0,Salaried,4.3,0,13.6,0,43.0,0,0.0,0,0.0,0,60.9,2.5,0
AU2025367,2025-01-02,2025-01,Personal Loan,Semi-Urban,Punjab,Under Review,64000.0,Farmer,5.5,0,25.8,1,41.1,0,0.0,0,0.0,0,72.4,3.0,1
AU2025368,2024-02-21,2024-02,Vehicle Finance,Urban,Tamil Nadu,Disbursed,406000.0,Salaried,2.8,0,13.4,0,13.9,0,5.5,0,16.9,0,52.5,2.2,0
AU2025369,2024-01-03,2024-01,Personal Loan,Semi-Urban,Maharashtra,Disbursed,86000.0,MSME Owner,7.5,0,17.4,0,43.4,0,13.9,0,24.8,1,107.0,4.5,1
AU2025370,2025-05-15,2025-05,Business Loan,Rural,Karnataka,Rejected,273000.0,Self-Employed,15.6,1,55.7,1,112.1,1,17.8,1,0.0,0,201.2,8.4,1
AU2025371,2024-07-27,2024-07,Personal Loan,Semi-Urban,Maharashtra,Disbursed,480000.0,Salaried,9.6,1,15.5,0,37.0,0,15.1,0,12.2,0,89.4,3.7,1
AU2025372,2024-09-01,2024-09,Business Loan,Semi-Urban,Tamil Nadu,Disbursed,138000.0,Self-Employed,8.5,1,18.8,0,26.0,0,14.5,0,27.2,1,95.0,4.0,1
AU2025373,2025-01-22,2025-01,Business Loan,Semi-Urban,Madhya Pradesh,Pending Documents,147000.0,MSME Owner,8.3,1,25.5,1,74.7,1,16.3,1,26.1,1,150.9,6.3,1
AU2025374,2024-06-13,2024-06,Home Loan,Semi-Urban,Uttar Pradesh,Disbursed,808000.0,Salaried,7.4,0,24.7,1,42.5,0,9.3,0,24.9,1,108.8,4.5,1
AU2025375,2024-11-26,2024-11,Vehicle Finance,Urban,Uttar Pradesh,Disbursed,125000.0,Salaried,3.3,0,13.6,0,13.5,0,11.9,0,6.4,0,48.7,2.0,0
AU2025376,2025-04-09,2025-04,Home Loan,Urban,Rajasthan,Disbursed,1218000.0,MSME Owner,4.8,0,13.0,0,27.8,0,6.2,0,6.3,0,58.1,2.4,0
AU2025377,2024-11-29,2024-11,Business Loan,Semi-Urban,Gujarat,Disbursed,77000.0,MSME Owner,5.9,0,19.6,0,28.1,0,16.2,1,20.2,0,90.0,3.8,1
AU2025378,2024-04-28,2024-04,Business Loan,Semi-Urban,Odisha,Disbursed,941000.0,Self-Employed,8.0,0,18.9,0,32.2,0,9.9,0,21.5,0,90.5,3.8,0
AU2025379,2025-01-13,2025-01,MSME Loan,Semi-Urban,Karnataka,Disbursed,50000.0,MSME Owner,9.0,1,33.1,1,55.9,1,18.3,1,10.3,0,126.6,5.3,1
AU2025380,2025-04-12,2025-04,Personal Loan,Urban,Rajasthan,Rejected,266000.0,Self-Employed,3.2,0,21.9,0,16.1,0,6.8,0,0.0,0,48.0,2.0,0
AU2025381,2024-08-01,2024-08,Personal Loan,Semi-Urban,Maharashtra,Under Review,115000.0,Farmer,9.3,1,19.7,0,35.6,0,0.0,0,0.0,0,64.6,2.7,1
AU2025382,2025-04-23,2025-04,Personal Loan,Urban,Maharashtra,Under Review,640000.0,Self-Employed,3.8,0,23.5,0,19.1,0,0.0,0,0.0,0,46.4,1.9,0
AU2025383,2025-03-04,2025-03,Personal Loan,Semi-Urban,Rajasthan,Under Review,50000.0,Salaried,4.4,0,15.7,0,40.9,0,0.0,0,0.0,0,61.0,2.5,0
AU2025384,2025-02-07,2025-02,Vehicle Finance,Rural,Haryana,Rejected,464000.0,Self-Employed,12.6,1,55.1,1,68.4,1,12.4,0,0.0,0,148.5,6.2,1
AU2025385,2024-04-05,2024-04,MSME Loan,Urban,Tamil Nadu,Under Review,463000.0,Self-Employed,2.5,0,9.3,0,22.4,0,0.0,0,0.0,0,34.2,1.4,0
AU2025386,2025-03-24,2025-03,Home Loan,Rural,Uttar Pradesh,Disbursed,4695000.0,Self-Employed,13.2,1,31.5,1,24.1,0,13.8,0,21.0,0,103.6,4.3,1
AU2025387,2024-01-05,2024-01,Home Loan,Urban,Rajasthan,Under Review,2916000.0,Farmer,5.9,0,34.4,1,18.5,0,0.0,0,0.0,0,58.8,2.4,1
AU2025388,2024-10-17,2024-10,MSME Loan,Rural,Uttar Pradesh,Under Review,1450000.0,Salaried,8.4,1,51.1,1,67.9,1,0.0,0,0.0,0,127.4,5.3,1
AU2025389,2024-02-24,2024-02,MSME Loan,Semi-Urban,Odisha,Under Review,174000.0,MSME Owner,9.5,1,19.1,0,73.4,1,0.0,0,0.0,0,102.0,4.2,1
AU2025390,2024-05-25,2024-05,Business Loan,Rural,Punjab,Disbursed,484000.0,Salaried,17.5,1,26.2,1,106.7,1,17.5,1,33.0,1,200.9,8.4,1
AU2025391,2024-11-24,2024-11,Business Loan,Urban,Tamil Nadu,Disbursed,625000.0,Salaried,2.8,0,11.0,0,36.0,0,10.4,0,12.8,0,73.0,3.0,0
AU2025392,2024-09-25,2024-09,MSME Loan,Semi-Urban,Karnataka,Rejected,140000.0,MSME Owner,4.4,0,32.6,1,64.7,1,10.9,0,0.0,0,112.6,4.7,1
AU2025393,2025-03-31,2025-03,Personal Loan,Urban,Tamil Nadu,Disbursed,2322000.0,MSME Owner,5.0,0,21.0,0,12.1,0,8.0,0,14.5,0,60.6,2.5,0
AU2025394,2025-03-11,2025-03,Personal Loan,Semi-Urban,Maharashtra,Disbursed,240000.0,MSME Owner,4.9,0,16.4,0,24.1,0,10.9,0,14.1,0,70.4,2.9,0
AU2025395,2024-08-27,2024-08,Business Loan,Semi-Urban,Karnataka,Disbursed,62000.0,MSME Owner,8.3,1,15.0,0,27.5,0,18.5,1,11.4,0,80.7,3.4,1
AU2025396,2024-04-08,2024-04,Personal Loan,Urban,Uttar Pradesh,Disbursed,342000.0,Farmer,3.6,0,13.9,0,19.1,0,5.2,0,7.7,0,49.5,2.1,0
AU2025397,2024-06-18,2024-06,Personal Loan,Urban,Gujarat,Disbursed,280000.0,Salaried,5.8,0,17.3,0,35.7,0,7.0,0,11.5,0,77.3,3.2,0
AU2025398,2025-01-09,2025-01,Business Loan,Urban,Maharashtra,Disbursed,65000.0,Self-Employed,2.5,0,15.3,0,27.1,0,6.8,0,7.1,0,58.8,2.5,0
AU2025399,2024-11-27,2024-11,Business Loan,Rural,Tamil Nadu,Disbursed,190000.0,Farmer,16.4,1,58.3,1,97.8,1,23.9,1,43.7,1,240.1,10.0,1
AU2025400,2025-01-02,2025-01,Personal Loan,Semi-Urban,Uttar Pradesh,Pending Documents,423000.0,MSME Owner,8.6,1,24.6,1,45.7,0,17.9,1,25.2,1,122.0,5.1,1
AU2025401,2024-01-08,2024-01,Home Loan,Urban,Maharashtra,Disbursed,377000.0,Farmer,4.3,0,17.8,0,15.6,0,10.6,0,16.0,0,64.3,2.7,0
AU2025402,2025-02-08,2025-02,MSME Loan,Semi-Urban,Punjab,Disbursed,290000.0,Self-Employed,9.6,1,12.8,0,64.4,1,8.6,0,10.7,0,106.1,4.4,1
AU2025403,2024-10-17,2024-10,Business Loan,Urban,Uttar Pradesh,Rejected,3424000.0,Self-Employed,2.1,0,8.6,0,41.1,0,10.4,0,0.0,0,62.2,2.6,0
AU2025404,2024-03-30,2024-03,Vehicle Finance,Rural,Madhya Pradesh,Disbursed,490000.0,Self-Employed,15.3,1,46.4,1,70.5,1,15.6,0,46.5,1,194.3,8.1,1
AU2025405,2025-03-14,2025-03,Vehicle Finance,Semi-Urban,Odisha,Disbursed,62000.0,Self-Employed,8.6,1,29.0,1,19.2,0,14.6,0,11.6,0,83.0,3.5,1
AU2025406,2025-02-27,2025-02,MSME Loan,Rural,Haryana,Disbursed,1159000.0,Self-Employed,14.6,1,36.3,1,59.4,1,19.6,1,22.4,0,152.3,6.3,1
AU2025407,2024-09-20,2024-09,MSME Loan,Urban,Haryana,Disbursed,101000.0,Farmer,4.0,0,16.7,0,55.2,1,11.1,0,8.0,0,95.0,4.0,1
AU2025408,2024-02-14,2024-02,Vehicle Finance,Rural,Punjab,Disbursed,73000.0,Salaried,15.4,1,51.7,1,70.5,1,25.9,1,25.3,1,188.8,7.9,1
AU2025409,2024-12-08,2024-12,Personal Loan,Rural,Haryana,Disbursed,155000.0,Salaried,17.1,1,45.1,1,34.3,0,28.0,1,47.8,1,172.3,7.2,1
AU2025410,2024-04-04,2024-04,Personal Loan,Rural,Gujarat,Disbursed,690000.0,Farmer,10.6,1,31.7,1,27.9,0,22.1,1,18.4,0,110.7,4.6,1
AU2025411,2024-09-01,2024-09,Business Loan,Urban,Maharashtra,Disbursed,283000.0,Salaried,5.3,0,11.4,0,29.5,0,11.0,0,15.0,0,72.2,3.0,0
AU2025412,2025-04-24,2025-04,Personal Loan,Urban,Punjab,Rejected,1218000.0,Self-Employed,3.4,0,15.2,0,30.0,0,11.2,0,0.0,0,59.8,2.5,0
AU2025413,2024-01-04,2024-01,Vehicle Finance,Urban,Madhya Pradesh,Disbursed,144000.0,Farmer,3.4,0,22.9,0,27.1,0,11.5,0,15.1,0,80.0,3.3,0
AU2025414,2024-07-15,2024-07,Personal Loan,Urban,Uttar Pradesh,Disbursed,263000.0,Self-Employed,5.8,0,14.9,0,30.9,0,11.5,0,16.5,0,79.6,3.3,0
AU2025415,2024-08-16,2024-08,Personal Loan,Semi-Urban,Madhya Pradesh,Disbursed,65000.0,Self-Employed,6.2,0,31.8,1,31.6,0,14.3,0,27.7,1,111.6,4.6,1
AU2025416,2025-05-03,2025-05,Personal Loan,Semi-Urban,Uttar Pradesh,Rejected,390000.0,Salaried,9.2,1,19.9,0,27.9,0,15.2,0,0.0,0,72.2,3.0,1
AU2025417,2024-06-03,2024-06,Business Loan,Semi-Urban,Punjab,Disbursed,83000.0,Self-Employed,7.6,0,25.6,1,58.4,1,11.7,0,12.3,0,115.6,4.8,1
AU2025418,2025-01-05,2025-01,Home Loan,Rural,Odisha,Disbursed,257000.0,Self-Employed,14.6,1,33.5,1,58.6,1,13.1,0,32.0,1,151.8,6.3,1
AU2025419,2024-01-06,2024-01,MSME Loan,Semi-Urban,Odisha,Disbursed,50000.0,Farmer,9.3,1,30.5,1,46.0,0,10.2,0,26.9,1,122.9,5.1,1
AU2025420,2024-11-30,2024-11,Vehicle Finance,Rural,Uttar Pradesh,Disbursed,76000.0,Salaried,12.8,1,25.5,1,46.2,0,19.5,1,41.4,1,145.4,6.1,1
AU2025421,2024-12-20,2024-12,Business Loan,Rural,Punjab,Disbursed,290000.0,Self-Employed,8.9,1,50.4,1,114.6,1,26.7,1,34.7,1,235.3,9.8,1
AU2025422,2024-02-01,2024-02,Vehicle Finance,Rural,Madhya Pradesh,Pending Documents,182000.0,Salaried,15.7,1,54.7,1,61.4,1,23.4,1,33.4,1,188.6,7.9,1
AU2025423,2024-08-26,2024-08,Home Loan,Urban,Gujarat,Under Review,213000.0,MSME Owner,4.8,0,23.9,0,33.2,0,0.0,0,0.0,0,61.9,2.6,0
AU2025424,2024-03-22,2024-03,Home Loan,Semi-Urban,Uttar Pradesh,Under Review,69000.0,Farmer,6.8,0,35.1,1,28.0,0,0.0,0,0.0,0,69.9,2.9,1
AU2025425,2024-12-17,2024-12,Personal Loan,Rural,Haryana,Rejected,54000.0,Salaried,14.9,1,45.7,1,32.9,0,16.9,1,0.0,0,110.4,4.6,1
AU2025426,2025-04-17,2025-04,Home Loan,Semi-Urban,Karnataka,Disbursed,614000.0,Self-Employed,8.7,1,28.0,1,44.4,0,15.4,0,24.8,1,121.3,5.1,1
AU2025427,2024-12-19,2024-12,Vehicle Finance,Urban,Uttar Pradesh,Disbursed,635000.0,Self-Employed,4.8,0,15.6,0,32.1,0,9.4,0,14.2,0,76.1,3.2,0
AU2025428,2024-11-23,2024-11,Personal Loan,Rural,Gujarat,Under Review,133000.0,Self-Employed,9.4,1,43.4,1,31.0,0,0.0,0,0.0,0,83.8,3.5,1
AU2025429,2024-07-07,2024-07,Business Loan,Semi-Urban,Uttar Pradesh,Under Review,891000.0,Salaried,8.8,1,16.1,0,26.9,0,0.0,0,0.0,0,51.8,2.2,1
AU2025430,2024-04-23,2024-04,Business Loan,Rural,Odisha,Disbursed,336000.0,Salaried,11.5,1,51.4,1,111.2,1,18.7,1,42.9,1,235.7,9.8,1
AU2025431,2025-05-05,2025-05,Personal Loan,Rural,Madhya Pradesh,Rejected,198000.0,Salaried,11.0,1,28.7,1,42.4,0,15.7,0,0.0,0,97.8,4.1,1
AU2025432,2024-09-01,2024-09,MSME Loan,Urban,Maharashtra,Disbursed,660000.0,Self-Employed,4.2,0,15.5,0,27.0,0,4.4,0,10.9,0,62.0,2.6,0
AU2025433,2024-08-20,2024-08,Personal Loan,Semi-Urban,Maharashtra,Disbursed,315000.0,Self-Employed,4.8,0,34.4,1,44.8,0,10.3,0,16.2,0,110.5,4.6,1
AU2025434,2024-07-10,2024-07,Vehicle Finance,Urban,Odisha,Disbursed,376000.0,Farmer,4.3,0,16.3,0,34.3,0,11.5,0,17.6,0,84.0,3.5,0
AU2025435,2024-12-25,2024-12,Personal Loan,Urban,Haryana,Rejected,219000.0,Self-Employed,2.1,0,9.0,0,33.3,0,11.0,0,0.0,0,55.4,2.3,0
AU2025436,2025-04-12,2025-04,MSME Loan,Semi-Urban,Karnataka,Under Review,93000.0,Self-Employed,6.7,0,25.2,1,30.4,0,0.0,0,0.0,0,62.3,2.6,1
AU2025437,2025-01-22,2025-01,Personal Loan,Semi-Urban,Tamil Nadu,Disbursed,220000.0,Self-Employed,8.6,1,24.4,1,36.3,0,16.7,1,10.5,0,96.5,4.0,1
AU2025438,2025-02-14,2025-02,Vehicle Finance,Rural,Karnataka,Disbursed,592000.0,Self-Employed,12.6,1,59.3,1,33.6,0,13.2,0,43.8,1,162.5,6.8,1
AU2025439,2025-01-25,2025-01,MSME Loan,Semi-Urban,Madhya Pradesh,Disbursed,225000.0,MSME Owner,8.4,1,18.4,0,25.9,0,13.8,0,25.5,1,92.0,3.8,1
AU2025440,2024-12-14,2024-12,MSME Loan,Rural,Madhya Pradesh,Under Review,54000.0,MSME Owner,15.4,1,43.4,1,40.2,0,0.0,0,0.0,0,99.0,4.1,1
AU2025441,2025-03-23,2025-03,Business Loan,Semi-Urban,Odisha,Rejected,2715000.0,Salaried,9.0,1,19.0,0,34.5,0,12.9,0,0.0,0,75.4,3.1,1
AU2025442,2024-09-26,2024-09,MSME Loan,Rural,Gujarat,Pending Documents,50000.0,MSME Owner,14.7,1,58.9,1,53.9,1,20.7,1,33.0,1,181.2,7.5,1
AU2025443,2024-09-27,2024-09,Personal Loan,Semi-Urban,Tamil Nadu,Disbursed,457000.0,Self-Employed,6.2,0,12.4,0,33.7,0,12.0,0,10.0,0,74.3,3.1,0
AU2025444,2024-02-09,2024-02,Business Loan,Urban,Punjab,Disbursed,275000.0,MSME Owner,4.5,0,20.9,0,34.5,0,8.2,0,15.7,0,83.8,3.5,0
AU2025445,2024-02-27,2024-02,Business Loan,Semi-Urban,Odisha,Disbursed,79000.0,Self-Employed,8.6,1,16.2,0,42.3,0,10.7,0,16.5,0,94.3,3.9,1
AU2025446,2025-02-28,2025-02,Personal Loan,Semi-Urban,Rajasthan,Rejected,142000.0,Farmer,7.6,0,21.6,0,43.1,0,16.8,1,0.0,0,89.1,3.7,1
AU2025447,2025-04-07,2025-04,Personal Loan,Semi-Urban,Karnataka,Under Review,1027000.0,Self-Employed,8.1,1,26.1,1,43.3,0,0.0,0,0.0,0,77.5,3.2,1
AU2025448,2024-04-13,2024-04,Personal Loan,Semi-Urban,Karnataka,Rejected,301000.0,Self-Employed,4.7,0,22.1,0,23.8,0,13.0,0,0.0,0,63.6,2.6,0
AU2025449,2024-10-01,2024-10,Home Loan,Rural,Odisha,Disbursed,200000.0,Salaried,17.3,1,71.5,1,25.6,0,26.7,1,24.0,0,165.1,6.9,1
AU2025450,2024-03-25,2024-03,Vehicle Finance,Semi-Urban,Maharashtra,Disbursed,226000.0,Salaried,9.7,1,34.1,1,38.5,0,13.6,0,11.7,0,107.6,4.5,1
AU2025451,2025-03-13,2025-03,Home Loan,Urban,Punjab,Disbursed,772000.0,Self-Employed,2.6,0,10.2,0,22.2,0,5.1,0,7.9,0,48.0,2.0,0
AU2025452,2024-08-14,2024-08,Personal Loan,Urban,Karnataka,Rejected,213000.0,Self-Employed,2.1,0,9.1,0,18.2,0,8.4,0,0.0,0,37.8,1.6,0
AU2025453,2024-12-14,2024-12,Vehicle Finance,Urban,Gujarat,Disbursed,1191000.0,MSME Owner,3.5,0,19.8,0,24.3,0,9.9,0,16.9,0,74.4,3.1,0
AU2025454,2025-01-02,2025-01,MSME Loan,Semi-Urban,Madhya Pradesh,Disbursed,327000.0,Self-Employed,4.8,0,22.4,0,31.5,0,14.0,0,20.1,0,92.8,3.9,0
AU2025455,2024-09-07,2024-09,Business Loan,Urban,Odisha,Pending Documents,241000.0,MSME Owner,5.4,0,13.9,0,47.2,0,7.9,0,8.4,0,82.8,3.5,0
AU2025456,2025-04-05,2025-04,Personal Loan,Urban,Gujarat,Disbursed,50000.0,Salaried,4.3,0,10.4,0,30.8,0,6.7,0,13.1,0,65.3,2.7,0
AU2025457,2024-08-16,2024-08,Home Loan,Rural,Karnataka,Under Review,50000.0,Self-Employed,11.9,1,60.7,1,60.9,1,0.0,0,0.0,0,133.5,5.6,1
AU2025458,2024-08-20,2024-08,Business Loan,Rural,Rajasthan,Disbursed,98000.0,Self-Employed,18.0,1,41.7,1,50.1,1,14.9,0,19.3,0,144.0,6.0,1
AU2025459,2024-09-19,2024-09,Vehicle Finance,Semi-Urban,Maharashtra,Disbursed,50000.0,MSME Owner,8.4,1,18.2,0,28.3,0,19.9,1,16.7,0,91.5,3.8,1
AU2025460,2024-08-21,2024-08,Home Loan,Semi-Urban,Haryana,Rejected,589000.0,Farmer,9.6,1,37.6,1,25.1,0,12.8,0,0.0,0,85.1,3.5,1
AU2025461,2024-01-30,2024-01,Home Loan,Urban,Odisha,Disbursed,946000.0,MSME Owner,3.0,0,23.0,0,29.9,0,8.5,0,7.0,0,71.4,3.0,0
AU2025462,2024-08-24,2024-08,Personal Loan,Urban,Karnataka,Disbursed,324000.0,Salaried,2.3,0,10.7,0,35.6,0,7.7,0,16.4,0,72.7,3.0,0
AU2025463,2025-01-05,2025-01,MSME Loan,Semi-Urban,Uttar Pradesh,Rejected,5000000.0,Salaried,8.1,1,18.5,0,67.4,1,9.0,0,0.0,0,103.0,4.3,1
AU2025464,2024-07-21,2024-07,Personal Loan,Rural,Rajasthan,Disbursed,221000.0,Self-Employed,14.5,1,58.1,1,26.0,0,28.5,1,36.3,1,163.4,6.8,1
AU2025465,2025-02-22,2025-02,MSME Loan,Urban,Uttar Pradesh,Disbursed,2881000.0,Farmer,3.7,0,16.6,0,16.8,0,5.3,0,13.7,0,56.1,2.3,0
AU2025466,2025-01-16,2025-01,Home Loan,Semi-Urban,Rajasthan,Disbursed,50000.0,Self-Employed,9.2,1,45.3,1,20.5,0,18.7,1,18.5,0,112.2,4.7,1
AU2025467,2024-10-23,2024-10,Home Loan,Urban,Madhya Pradesh,Rejected,116000.0,Salaried,3.8,0,10.4,0,15.6,0,4.7,0,0.0,0,34.5,1.4,0
AU2025468,2024-01-24,2024-01,Personal Loan,Semi-Urban,Gujarat,Disbursed,89000.0,Farmer,9.6,1,17.4,0,36.4,0,8.3,0,26.8,1,98.5,4.1,1
AU2025469,2024-06-25,2024-06,Vehicle Finance,Urban,Haryana,Disbursed,385000.0,Salaried,3.6,0,18.7,0,23.3,0,7.1,0,7.4,0,60.1,2.5,0
AU2025470,2024-10-04,2024-10,Personal Loan,Urban,Gujarat,Under Review,361000.0,Salaried,2.9,0,18.2,0,23.0,0,0.0,0,0.0,0,44.1,1.8,0
AU2025471,2025-04-23,2025-04,Vehicle Finance,Urban,Rajasthan,Disbursed,87000.0,MSME Owner,2.1,0,15.5,0,13.4,0,5.5,0,12.7,0,49.2,2.1,0
AU2025472,2025-04-23,2025-04,MSME Loan,Rural,Gujarat,Disbursed,1803000.0,Salaried,15.7,1,50.8,1,107.1,1,12.2,0,24.5,1,210.3,8.8,1
AU2025473,2024-01-17,2024-01,MSME Loan,Semi-Urban,Tamil Nadu,Under Review,50000.0,Salaried,7.6,0,25.7,1,26.8,0,0.0,0,0.0,0,60.1,2.5,1
AU2025474,2024-07-28,2024-07,Personal Loan,Urban,Uttar Pradesh,Disbursed,945000.0,Salaried,3.1,0,23.8,0,33.9,0,4.2,0,15.2,0,80.2,3.3,0
AU2025475,2025-01-28,2025-01,Personal Loan,Urban,Maharashtra,Disbursed,240000.0,Salaried,5.3,0,19.4,0,35.6,0,9.7,0,11.0,0,81.0,3.4,0
AU2025476,2025-01-27,2025-01,Home Loan,Rural,Maharashtra,Rejected,391000.0,Farmer,17.5,1,43.4,1,48.2,1,24.2,1,0.0,0,133.3,5.6,1
AU2025477,2024-07-10,2024-07,Vehicle Finance,Urban,Haryana,Disbursed,132000.0,Self-Employed,4.1,0,15.2,0,23.8,0,6.4,0,7.9,0,57.4,2.4,0
AU2025478,2024-08-17,2024-08,Personal Loan,Urban,Haryana,Disbursed,146000.0,Salaried,5.0,0,12.9,0,34.8,0,9.7,0,9.9,0,72.3,3.0,0
AU2025479,2024-07-11,2024-07,Business Loan,Semi-Urban,Haryana,Disbursed,454000.0,Salaried,5.1,0,30.6,1,51.2,1,8.1,0,22.1,0,117.1,4.9,1
AU2025480,2024-12-15,2024-12,Business Loan,Semi-Urban,Gujarat,Disbursed,408000.0,Salaried,5.7,0,17.8,0,37.7,0,12.5,0,24.7,1,98.4,4.1,1
AU2025481,2024-03-09,2024-03,MSME Loan,Urban,Karnataka,Disbursed,281000.0,Self-Employed,4.1,0,14.9,0,23.9,0,7.9,0,10.8,0,61.6,2.6,0
AU2025482,2024-03-01,2024-03,Home Loan,Rural,Punjab,Disbursed,943000.0,Salaried,13.3,1,62.8,1,65.3,1,13.8,0,25.2,1,180.4,7.5,1
AU2025483,2024-10-02,2024-10,Business Loan,Rural,Maharashtra,Pending Documents,304000.0,Farmer,17.6,1,24.2,1,36.9,0,14.7,0,28.5,1,121.9,5.1,1
AU2025484,2024-09-27,2024-09,MSME Loan,Rural,Haryana,Disbursed,594000.0,Self-Employed,9.0,1,40.5,1,63.8,1,22.4,1,31.2,1,166.9,7.0,1
AU2025485,2025-01-07,2025-01,Personal Loan,Rural,Maharashtra,Disbursed,337000.0,Self-Employed,17.5,1,29.6,1,33.1,0,26.5,1,25.8,1,132.5,5.5,1
AU2025486,2025-03-03,2025-03,Home Loan,Urban,Madhya Pradesh,Disbursed,57000.0,MSME Owner,4.6,0,34.0,1,30.8,0,5.4,0,15.6,0,90.4,3.8,1
AU2025487,2025-01-22,2025-01,Vehicle Finance,Semi-Urban,Rajasthan,Under Review,293000.0,Self-Employed,6.8,0,27.3,1,26.9,0,0.0,0,0.0,0,61.0,2.5,1
AU2025488,2025-05-15,2025-05,Personal Loan,Urban,Rajasthan,Disbursed,50000.0,MSME Owner,3.5,0,15.8,0,21.8,0,9.2,0,10.3,0,60.6,2.5,0
AU2025489,2024-08-25,2024-08,MSME Loan,Rural,Uttar Pradesh,Under Review,1079000.0,Farmer,12.5,1,43.3,1,93.9,1,0.0,0,0.0,0,149.7,6.2,1
AU2025490,2024-08-05,2024-08,Home Loan,Rural,Karnataka,Disbursed,473000.0,MSME Owner,11.3,1,77.4,1,67.2,1,15.9,0,36.8,1,208.6,8.7,1
AU2025491,2024-07-13,2024-07,Business Loan,Rural,Karnataka,Disbursed,698000.0,Salaried,11.8,1,47.5,1,39.2,0,22.9,1,45.9,1,167.3,7.0,1
AU2025492,2024-05-06,2024-05,MSME Loan,Urban,Madhya Pradesh,Pending Documents,105000.0,Salaried,2.7,0,21.4,0,16.9,0,5.9,0,15.1,0,62.0,2.6,0
AU2025493,2024-06-26,2024-06,Vehicle Finance,Rural,Tamil Nadu,Rejected,465000.0,Salaried,16.9,1,32.2,1,50.6,1,23.6,1,0.0,0,123.3,5.1,1
AU2025494,2024-05-21,2024-05,MSME Loan,Semi-Urban,Maharashtra,Disbursed,310000.0,MSME Owner,7.2,0,32.0,1,26.7,0,11.2,0,18.5,0,95.6,4.0,1
AU2025495,2025-04-24,2025-04,Personal Loan,Semi-Urban,Madhya Pradesh,Disbursed,558000.0,Salaried,4.0,0,29.3,1,43.0,0,12.7,0,20.2,0,109.2,4.5,1
AU2025496,2024-01-17,2024-01,Personal Loan,Semi-Urban,Gujarat,Disbursed,3086000.0,Farmer,6.3,0,30.4,1,35.9,0,19.1,1,17.2,0,108.9,4.5,1
AU2025497,2024-11-10,2024-11,Business Loan,Rural,Haryana,Disbursed,221000.0,Salaried,8.8,1,54.4,1,33.9,0,27.5,1,31.5,1,156.1,6.5,1
AU2025498,2024-05-03,2024-05,Personal Loan,Semi-Urban,Rajasthan,Disbursed,1391000.0,Self-Employed,4.2,0,27.7,1,43.3,0,16.6,1,24.9,1,116.7,4.9,1
AU2025499,2024-02-04,2024-02,Personal Loan,Rural,Madhya Pradesh,Disbursed,840000.0,Salaried,16.4,1,57.9,1,55.5,1,16.2,1,25.6,1,171.6,7.1,1
AU2025500,2024-10-31,2024-10,Vehicle Finance,Rural,Gujarat,Disbursed,147000.0,MSME Owner,17.2,1,39.4,1,41.5,0,26.4,1,33.9,1,158.4,6.6,1
AU2025501,2024-08-16,2024-08,Home Loan,Semi-Urban,Rajasthan,Disbursed,685000.0,MSME Owner,5.2,0,51.4,1,25.5,0,16.8,1,15.1,0,114.0,4.7,1
AU2025502,2024-12-10,2024-12,Business Loan,Urban,Odisha,Rejected,807000.0,Salaried,4.8,0,20.0,0,22.2,0,7.2,0,0.0,0,54.2,2.3,0
AU2025503,2024-05-05,2024-05,Business Loan,Urban,Rajasthan,Rejected,316000.0,Salaried,4.8,0,23.0,0,39.2,0,8.9,0,0.0,0,75.9,3.2,0
AU2025504,2024-07-24,2024-07,MSME Loan,Urban,Rajasthan,Disbursed,287000.0,MSME Owner,3.8,0,9.0,0,48.7,1,4.3,0,14.4,0,80.2,3.3,1
AU2025505,2024-04-29,2024-04,Personal Loan,Rural,Tamil Nadu,Disbursed,373000.0,Self-Employed,14.0,1,40.5,1,40.4,0,20.4,1,27.3,1,142.6,5.9,1
AU2025506,2024-04-21,2024-04,Business Loan,Urban,Karnataka,Disbursed,57000.0,Self-Employed,5.5,0,8.3,0,43.9,0,8.4,0,8.0,0,74.1,3.1,0
AU2025507,2024-03-12,2024-03,MSME Loan,Urban,Rajasthan,Disbursed,270000.0,MSME Owner,4.6,0,22.4,0,41.8,0,9.9,0,16.0,0,94.7,3.9,0
AU2025508,2024-05-28,2024-05,Personal Loan,Rural,Karnataka,Disbursed,273000.0,Salaried,15.4,1,43.7,1,69.8,1,15.3,0,36.2,1,180.4,7.5,1
AU2025509,2025-02-21,2025-02,Personal Loan,Semi-Urban,Madhya Pradesh,Rejected,115000.0,MSME Owner,8.9,1,32.5,1,20.3,0,12.1,0,0.0,0,73.8,3.1,1
AU2025510,2024-06-12,2024-06,Vehicle Finance,Urban,Odisha,Disbursed,50000.0,MSME Owner,3.6,0,8.4,0,13.4,0,10.8,0,17.5,0,53.7,2.2,0
AU2025511,2024-11-02,2024-11,Home Loan,Urban,Odisha,Pending Documents,55000.0,MSME Owner,5.4,0,29.9,1,21.1,0,7.8,0,8.2,0,72.4,3.0,1
AU2025512,2024-05-01,2024-05,Business Loan,Rural,Punjab,Under Review,199000.0,Salaried,8.6,1,37.5,1,71.0,1,0.0,0,0.0,0,117.1,4.9,1
AU2025513,2025-03-24,2025-03,MSME Loan,Urban,Uttar Pradesh,Under Review,1851000.0,Self-Employed,2.5,0,20.8,0,45.1,0,0.0,0,0.0,0,68.4,2.9,0
AU2025514,2024-12-04,2024-12,Personal Loan,Semi-Urban,Maharashtra,Under Review,204000.0,Farmer,5.7,0,27.7,1,34.0,0,0.0,0,0.0,0,67.4,2.8,1
AU2025515,2024-04-23,2024-04,Business Loan,Urban,Karnataka,Rejected,168000.0,MSME Owner,4.7,0,18.3,0,26.0,0,4.2,0,0.0,0,53.2,2.2,0
AU2025516,2024-06-02,2024-06,Vehicle Finance,Urban,Haryana,Disbursed,220000.0,MSME Owner,5.7,0,22.3,0,34.1,0,11.3,0,12.3,0,85.7,3.6,0
AU2025517,2024-02-01,2024-02,Personal Loan,Rural,Uttar Pradesh,Disbursed,150000.0,Salaried,10.3,1,42.5,1,39.4,0,14.8,0,31.6,1,138.6,5.8,1
AU2025518,2025-04-30,2025-04,MSME Loan,Semi-Urban,Karnataka,Under Review,159000.0,Self-Employed,6.8,0,27.8,1,65.5,1,0.0,0,0.0,0,100.1,4.2,1
AU2025519,2025-03-26,2025-03,Business Loan,Urban,Odisha,Disbursed,167000.0,Salaried,3.2,0,11.3,0,32.3,0,4.9,0,6.4,0,58.1,2.4,0
AU2025520,2024-11-16,2024-11,Home Loan,Semi-Urban,Maharashtra,Rejected,113000.0,Salaried,4.8,0,47.9,1,40.4,0,10.4,0,0.0,0,103.5,4.3,1
AU2025521,2024-10-11,2024-10,MSME Loan,Semi-Urban,Haryana,Under Review,384000.0,Salaried,5.3,0,30.8,1,60.0,1,0.0,0,0.0,0,96.1,4.0,1
AU2025522,2024-01-25,2024-01,Vehicle Finance,Semi-Urban,Tamil Nadu,Disbursed,706000.0,Salaried,7.3,0,28.9,1,48.0,0,13.2,0,17.7,0,115.1,4.8,1
AU2025523,2025-04-27,2025-04,MSME Loan,Rural,Punjab,Rejected,183000.0,Self-Employed,11.2,1,45.9,1,104.9,1,27.9,1,0.0,0,189.9,7.9,1
AU2025524,2025-02-06,2025-02,Business Loan,Semi-Urban,Haryana,Pending Documents,102000.0,Salaried,7.4,0,14.3,0,67.6,1,17.0,1,18.3,0,124.6,5.2,1
AU2025525,2024-06-12,2024-06,Business Loan,Rural,Karnataka,Disbursed,1730000.0,Salaried,17.4,1,53.1,1,100.3,1,15.5,0,22.3,0,208.6,8.7,1
AU2025526,2024-07-28,2024-07,Personal Loan,Urban,Haryana,Rejected,647000.0,Salaried,3.6,0,23.7,0,17.9,0,7.0,0,0.0,0,52.2,2.2,0
AU2025527,2024-06-02,2024-06,Personal Loan,Semi-Urban,Maharashtra,Disbursed,99000.0,MSME Owner,8.9,1,25.1,1,19.0,0,15.4,0,11.0,0,79.4,3.3,1
AU2025528,2024-04-04,2024-04,Vehicle Finance,Semi-Urban,Haryana,Disbursed,141000.0,Self-Employed,9.5,1,19.7,0,42.6,0,8.1,0,10.1,0,90.0,3.7,1
AU2025529,2024-08-30,2024-08,Home Loan,Rural,Karnataka,Rejected,752000.0,Farmer,9.2,1,44.7,1,67.4,1,15.2,0,0.0,0,136.5,5.7,1
AU2025530,2025-03-10,2025-03,Vehicle Finance,Urban,Madhya Pradesh,Disbursed,981000.0,MSME Owner,4.5,0,15.9,0,19.2,0,5.0,0,10.9,0,55.5,2.3,0
AU2025531,2024-06-02,2024-06,Personal Loan,Urban,Madhya Pradesh,Disbursed,289000.0,Self-Employed,2.2,0,17.4,0,25.2,0,4.6,0,17.3,0,66.7,2.8,0
AU2025532,2025-02-16,2025-02,Personal Loan,Rural,Maharashtra,Disbursed,125000.0,MSME Owner,12.0,1,26.6,1,60.8,1,13.3,0,45.7,1,158.4,6.6,1
AU2025533,2025-04-13,2025-04,Personal Loan,Semi-Urban,Tamil Nadu,Rejected,1109000.0,Self-Employed,5.3,0,30.2,1,41.5,0,19.1,1,0.0,0,96.1,4.0,1
AU2025534,2024-10-14,2024-10,Vehicle Finance,Urban,Rajasthan,Disbursed,114000.0,Self-Employed,3.6,0,19.4,0,34.0,0,9.3,0,11.7,0,78.0,3.2,0
AU2025535,2025-05-10,2025-05,Home Loan,Semi-Urban,Haryana,Disbursed,1019000.0,Salaried,4.2,0,32.8,1,42.8,0,11.8,0,16.9,0,108.5,4.5,1
AU2025536,2024-10-12,2024-10,MSME Loan,Rural,Haryana,Rejected,144000.0,Salaried,9.1,1,34.5,1,78.2,1,13.2,0,0.0,0,135.0,5.6,1
AU2025537,2024-03-09,2024-03,Personal Loan,Semi-Urban,Karnataka,Disbursed,184000.0,Self-Employed,5.5,0,20.9,0,20.9,0,10.7,0,26.2,1,84.2,3.5,1
AU2025538,2024-05-04,2024-05,MSME Loan,Semi-Urban,Haryana,Under Review,194000.0,Farmer,4.6,0,28.4,1,37.9,0,0.0,0,0.0,0,70.9,3.0,1
AU2025539,2024-04-14,2024-04,Business Loan,Urban,Uttar Pradesh,Disbursed,296000.0,Salaried,5.8,0,20.8,0,34.8,0,5.6,0,15.7,0,82.7,3.4,0
AU2025540,2024-11-27,2024-11,Personal Loan,Urban,Punjab,Disbursed,263000.0,Salaried,4.3,0,15.2,0,22.4,0,4.9,0,7.7,0,54.5,2.3,0
AU2025541,2025-04-17,2025-04,MSME Loan,Rural,Gujarat,Disbursed,84000.0,Salaried,8.5,1,45.9,1,91.7,1,18.7,1,38.4,1,203.2,8.5,1
AU2025542,2025-03-09,2025-03,Home Loan,Rural,Tamil Nadu,Disbursed,377000.0,Self-Employed,8.8,1,47.1,1,38.3,0,22.1,1,25.7,1,142.0,5.9,1
AU2025543,2024-02-17,2024-02,Personal Loan,Semi-Urban,Punjab,Disbursed,411000.0,Self-Employed,4.8,0,31.3,1,35.0,0,18.8,1,18.9,0,108.8,4.5,1
AU2025544,2025-01-05,2025-01,MSME Loan,Rural,Karnataka,Disbursed,217000.0,Self-Employed,8.5,1,45.2,1,92.2,1,25.9,1,22.5,0,194.3,8.1,1
AU2025545,2024-01-27,2024-01,Business Loan,Urban,Madhya Pradesh,Rejected,451000.0,Salaried,5.6,0,11.7,0,27.9,0,10.8,0,0.0,0,56.0,2.3,0
AU2025546,2024-07-12,2024-07,Personal Loan,Semi-Urban,Uttar Pradesh,Disbursed,281000.0,Salaried,7.4,0,13.8,0,42.0,0,19.1,1,25.7,1,108.0,4.5,1
AU2025547,2024-11-04,2024-11,Business Loan,Urban,Odisha,Disbursed,345000.0,MSME Owner,4.1,0,15.3,0,53.2,1,5.3,0,6.1,0,84.0,3.5,1
AU2025548,2025-03-23,2025-03,Personal Loan,Urban,Rajasthan,Disbursed,50000.0,Salaried,5.0,0,11.3,0,28.5,0,6.8,0,12.1,0,63.7,2.7,0
AU2025549,2024-04-06,2024-04,MSME Loan,Urban,Gujarat,Disbursed,277000.0,Farmer,4.4,0,12.4,0,32.3,0,9.4,0,16.7,0,75.2,3.1,0
AU2025550,2025-01-05,2025-01,Personal Loan,Urban,Odisha,Disbursed,115000.0,Salaried,2.8,0,10.1,0,34.4,0,5.2,0,8.5,0,61.0,2.5,0
AU2025551,2024-04-21,2024-04,Personal Loan,Rural,Karnataka,Rejected,102000.0,MSME Owner,9.0,1,54.1,1,43.6,0,16.7,1,0.0,0,123.4,5.1,1
AU2025552,2024-04-16,2024-04,MSME Loan,Rural,Tamil Nadu,Under Review,201000.0,Farmer,9.5,1,55.0,1,60.0,1,0.0,0,0.0,0,124.5,5.2,1
AU2025553,2024-06-04,2024-06,Business Loan,Rural,Punjab,Disbursed,256000.0,Self-Employed,8.3,1,37.4,1,47.2,0,16.5,1,44.3,1,153.7,6.4,1
AU2025554,2024-04-18,2024-04,Business Loan,Urban,Rajasthan,Disbursed,167000.0,Self-Employed,3.0,0,18.9,0,36.2,0,10.2,0,17.4,0,85.7,3.6,0
AU2025555,2025-05-07,2025-05,Personal Loan,Urban,Madhya Pradesh,Disbursed,133000.0,Salaried,5.2,0,20.2,0,23.6,0,8.3,0,6.7,0,64.0,2.7,0
AU2025556,2025-01-17,2025-01,Vehicle Finance,Rural,Gujarat,Disbursed,693000.0,Self-Employed,13.4,1,41.6,1,42.3,0,24.9,1,44.5,1,166.7,6.9,1
AU2025557,2025-04-13,2025-04,Personal Loan,Rural,Tamil Nadu,Disbursed,71000.0,MSME Owner,16.6,1,40.8,1,64.1,1,15.2,0,22.8,0,159.5,6.6,1
AU2025558,2024-12-22,2024-12,Home Loan,Rural,Madhya Pradesh,Under Review,411000.0,Salaried,17.8,1,49.9,1,59.7,1,0.0,0,0.0,0,127.4,5.3,1
AU2025559,2024-12-26,2024-12,Business Loan,Rural,Odisha,Disbursed,2968000.0,Farmer,8.1,1,44.6,1,91.8,1,25.4,1,45.1,1,215.0,9.0,1
AU2025560,2024-07-22,2024-07,Personal Loan,Urban,Madhya Pradesh,Disbursed,228000.0,Salaried,4.1,0,14.1,0,13.1,0,6.7,0,10.7,0,48.7,2.0,0
AU2025561,2024-10-09,2024-10,MSME Loan,Urban,Madhya Pradesh,Disbursed,50000.0,Farmer,5.2,0,23.9,0,55.7,1,7.9,0,14.4,0,107.1,4.5,1
AU2025562,2025-02-01,2025-02,Personal Loan,Semi-Urban,Punjab,Under Review,2168000.0,MSME Owner,5.5,0,33.0,1,31.8,0,0.0,0,0.0,0,70.3,2.9,1
AU2025563,2024-07-13,2024-07,Business Loan,Rural,Uttar Pradesh,Disbursed,284000.0,Self-Employed,16.1,1,45.0,1,65.0,1,14.0,0,44.9,1,185.0,7.7,1
AU2025564,2024-09-30,2024-09,Personal Loan,Rural,Tamil Nadu,Disbursed,549000.0,Salaried,13.7,1,51.5,1,60.4,1,21.5,1,36.7,1,183.8,7.7,1
AU2025565,2024-06-06,2024-06,Home Loan,Rural,Punjab,Rejected,340000.0,Self-Employed,18.0,1,56.6,1,25.2,0,18.5,1,0.0,0,118.3,4.9,1
AU2025566,2024-07-03,2024-07,Personal Loan,Urban,Uttar Pradesh,Disbursed,157000.0,Salaried,2.4,0,9.0,0,18.4,0,8.6,0,17.6,0,56.0,2.3,0
AU2025567,2025-03-27,2025-03,MSME Loan,Rural,Karnataka,Disbursed,340000.0,Salaried,8.8,1,52.0,1,38.7,0,22.0,1,25.4,1,146.9,6.1,1
AU2025568,2024-08-26,2024-08,Personal Loan,Rural,Tamil Nadu,Rejected,355000.0,Farmer,14.5,1,58.1,1,37.5,0,22.7,1,0.0,0,132.8,5.5,1
AU2025569,2025-02-15,2025-02,Business Loan,Rural,Gujarat,Pending Documents,997000.0,Self-Employed,11.9,1,41.0,1,102.9,1,23.6,1,19.3,0,198.7,8.3,1
AU2025570,2025-01-24,2025-01,Vehicle Finance,Urban,Tamil Nadu,Rejected,187000.0,MSME Owner,2.2,0,10.5,0,21.6,0,5.8,0,0.0,0,40.1,1.7,0
AU2025571,2025-04-13,2025-04,MSME Loan,Rural,Punjab,Under Review,50000.0,Farmer,11.4,1,34.7,1,52.2,1,0.0,0,0.0,0,98.3,4.1,1
AU2025572,2024-07-08,2024-07,Personal Loan,Urban,Madhya Pradesh,Disbursed,802000.0,Self-Employed,5.6,0,15.1,0,29.9,0,11.4,0,16.9,0,78.9,3.3,0
AU2025573,2024-07-30,2024-07,Personal Loan,Urban,Punjab,Disbursed,290000.0,Self-Employed,4.6,0,23.1,0,14.7,0,7.6,0,8.3,0,58.3,2.4,0
AU2025574,2024-10-15,2024-10,MSME Loan,Rural,Rajasthan,Disbursed,328000.0,MSME Owner,11.5,1,55.9,1,113.0,1,22.0,1,35.0,1,237.4,9.9,1
AU2025575,2025-01-14,2025-01,Business Loan,Semi-Urban,Madhya Pradesh,Disbursed,203000.0,Salaried,4.4,0,18.1,0,35.1,0,14.5,0,20.8,0,92.9,3.9,0
AU2025576,2024-01-09,2024-01,Vehicle Finance,Urban,Maharashtra,Disbursed,243000.0,Farmer,3.8,0,18.4,0,13.2,0,9.2,0,16.2,0,60.8,2.5,0
AU2025577,2024-10-10,2024-10,MSME Loan,Rural,Uttar Pradesh,Disbursed,1076000.0,Self-Employed,12.5,1,44.3,1,45.9,0,27.4,1,45.3,1,175.4,7.3,1
AU2025578,2024-10-23,2024-10,Business Loan,Urban,Odisha,Disbursed,76000.0,Farmer,4.7,0,18.3,0,38.9,0,4.4,0,17.2,0,83.5,3.5,0
AU2025579,2024-05-31,2024-05,Vehicle Finance,Rural,Haryana,Disbursed,922000.0,MSME Owner,8.6,1,46.7,1,60.7,1,26.0,1,41.1,1,183.1,7.6,1
AU2025580,2024-04-10,2024-04,Personal Loan,Rural,Maharashtra,Pending Documents,814000.0,Salaried,17.7,1,27.7,1,47.9,0,19.7,1,27.8,1,140.8,5.9,1
AU2025581,2024-04-27,2024-04,Vehicle Finance,Urban,Punjab,Rejected,78000.0,Farmer,5.2,0,21.8,0,20.6,0,6.6,0,0.0,0,54.2,2.3,0
AU2025582,2024-10-18,2024-10,Personal Loan,Rural,Haryana,Disbursed,186000.0,Salaried,15.2,1,34.1,1,58.3,1,22.0,1,21.3,0,150.9,6.3,1
AU2025583,2024-09-12,2024-09,MSME Loan,Semi-Urban,Madhya Pradesh,Rejected,378000.0,Self-Employed,7.6,0,19.3,0,35.2,0,14.5,0,0.0,0,76.6,3.2,0
AU2025584,2024-12-01,2024-12,Business Loan,Semi-Urban,Karnataka,Rejected,233000.0,Self-Employed,4.6,0,17.7,0,27.6,0,20.0,1,0.0,0,69.9,2.9,1
AU2025585,2024-05-11,2024-05,Personal Loan,Urban,Punjab,Rejected,180000.0,Self-Employed,5.1,0,22.8,0,26.4,0,5.5,0,0.0,0,59.8,2.5,0
AU2025586,2025-05-09,2025-05,MSME Loan,Semi-Urban,Tamil Nadu,Rejected,78000.0,MSME Owner,9.6,1,27.1,1,65.3,1,10.1,0,0.0,0,112.1,4.7,1
AU2025587,2024-08-23,2024-08,Vehicle Finance,Urban,Tamil Nadu,Disbursed,50000.0,Salaried,5.2,0,20.9,0,23.1,0,5.4,0,13.8,0,68.4,2.9,0
AU2025588,2025-01-10,2025-01,MSME Loan,Semi-Urban,Maharashtra,Disbursed,480000.0,MSME Owner,5.6,0,19.8,0,37.0,0,18.9,1,19.0,0,100.3,4.2,1
AU2025589,2024-03-27,2024-03,Home Loan,Semi-Urban,Punjab,Disbursed,153000.0,Self-Employed,6.0,0,39.7,1,35.7,0,11.5,0,12.7,0,105.6,4.4,1
AU2025590,2025-01-03,2025-01,Business Loan,Semi-Urban,Maharashtra,Disbursed,121000.0,Self-Employed,6.6,0,29.5,1,37.4,0,15.1,0,25.9,1,114.5,4.8,1
AU2025591,2024-09-07,2024-09,MSME Loan,Rural,Karnataka,Rejected,137000.0,Farmer,10.3,1,31.1,1,33.5,0,24.7,1,0.0,0,99.6,4.2,1
AU2025592,2025-04-14,2025-04,Personal Loan,Semi-Urban,Maharashtra,Rejected,337000.0,Farmer,6.1,0,20.4,0,34.3,0,12.6,0,0.0,0,73.4,3.1,0
AU2025593,2024-11-24,2024-11,Home Loan,Rural,Karnataka,Rejected,519000.0,Salaried,13.2,1,52.2,1,24.8,0,22.1,1,0.0,0,112.3,4.7,1
AU2025594,2024-09-25,2024-09,Personal Loan,Rural,Rajasthan,Disbursed,274000.0,Farmer,8.6,1,45.0,1,40.8,0,27.2,1,28.8,1,150.4,6.3,1
AU2025595,2025-03-05,2025-03,Business Loan,Rural,Rajasthan,Disbursed,509000.0,Salaried,11.9,1,47.6,1,53.9,1,19.8,1,19.7,0,152.9,6.4,1
AU2025596,2025-04-28,2025-04,Vehicle Finance,Rural,Gujarat,Disbursed,108000.0,Salaried,9.5,1,41.3,1,49.4,1,29.1,1,20.2,0,149.5,6.2,1
AU2025597,2025-01-26,2025-01,Vehicle Finance,Semi-Urban,Rajasthan,Disbursed,225000.0,Farmer,5.2,0,13.0,0,38.2,0,12.1,0,10.3,0,78.8,3.3,0
AU2025598,2024-07-30,2024-07,Business Loan,Urban,Rajasthan,Disbursed,189000.0,Self-Employed,3.8,0,23.6,0,17.9,0,11.6,0,13.0,0,69.9,2.9,0
AU2025599,2025-03-07,2025-03,Home Loan,Semi-Urban,Maharashtra,Disbursed,71000.0,Farmer,9.4,1,24.3,1,24.0,0,14.0,0,26.2,1,97.9,4.1,1
AU2025600,2024-02-04,2024-02,Business Loan,Semi-Urban,Madhya Pradesh,Rejected,388000.0,Self-Employed,9.8,1,26.7,1,62.2,1,12.1,0,0.0,0,110.8,4.6,1
AU2025601,2024-01-05,2024-01,Business Loan,Urban,Maharashtra,Rejected,1333000.0,Self-Employed,4.7,0,12.3,0,40.5,0,7.6,0,0.0,0,65.1,2.7,0
AU2025602,2024-09-15,2024-09,Business Loan,Semi-Urban,Madhya Pradesh,Under Review,102000.0,MSME Owner,8.2,1,28.9,1,59.8,1,0.0,0,0.0,0,96.9,4.0,1
AU2025603,2024-07-10,2024-07,Business Loan,Urban,Tamil Nadu,Rejected,84000.0,Salaried,5.8,0,21.2,0,51.2,1,11.3,0,0.0,0,89.5,3.7,1
AU2025604,2024-11-12,2024-11,MSME Loan,Urban,Rajasthan,Disbursed,109000.0,MSME Owner,2.2,0,21.4,0,23.0,0,9.6,0,8.7,0,64.9,2.7,0
AU2025605,2025-04-12,2025-04,Personal Loan,Semi-Urban,Odisha,Disbursed,656000.0,MSME Owner,5.4,0,20.2,0,35.0,0,11.4,0,16.8,0,88.8,3.7,0
AU2025606,2024-12-03,2024-12,MSME Loan,Urban,Tamil Nadu,Disbursed,111000.0,Self-Employed,3.5,0,20.6,0,17.6,0,7.5,0,10.6,0,59.8,2.5,0
AU2025607,2024-01-09,2024-01,Vehicle Finance,Rural,Tamil Nadu,Disbursed,50000.0,Farmer,11.0,1,25.1,1,32.0,0,19.1,1,27.5,1,114.7,4.8,1
AU2025608,2024-09-29,2024-09,Personal Loan,Semi-Urban,Rajasthan,Disbursed,178000.0,Farmer,5.8,0,29.1,1,36.4,0,13.1,0,14.3,0,98.7,4.1,1
AU2025609,2024-07-29,2024-07,Business Loan,Semi-Urban,Karnataka,Disbursed,126000.0,Salaried,4.7,0,33.1,1,47.5,0,15.5,0,18.8,0,119.6,5.0,1
AU2025610,2024-01-09,2024-01,MSME Loan,Semi-Urban,Rajasthan,Disbursed,332000.0,Salaried,5.1,0,30.9,1,67.6,1,14.5,0,20.0,0,138.1,5.8,1
AU2025611,2025-01-04,2025-01,Vehicle Finance,Semi-Urban,Karnataka,Rejected,406000.0,Salaried,9.8,1,30.0,1,36.9,0,11.8,0,0.0,0,88.5,3.7,1
AU2025612,2024-10-01,2024-10,Business Loan,Semi-Urban,Uttar Pradesh,Disbursed,1352000.0,MSME Owner,4.2,0,22.8,0,63.7,1,14.6,0,21.7,0,127.0,5.3,1
AU2025613,2024-01-09,2024-01,Vehicle Finance,Rural,Uttar Pradesh,Disbursed,50000.0,Self-Employed,8.9,1,29.8,1,42.4,0,14.8,0,46.9,1,142.8,5.9,1
AU2025614,2025-02-20,2025-02,MSME Loan,Urban,Karnataka,Disbursed,1173000.0,Self-Employed,2.0,0,20.2,0,46.6,0,8.1,0,16.8,0,93.7,3.9,0
AU2025615,2025-02-16,2025-02,MSME Loan,Semi-Urban,Haryana,Disbursed,314000.0,Farmer,5.8,0,19.8,0,34.3,0,18.8,1,23.4,0,102.1,4.3,1
AU2025616,2024-02-24,2024-02,Personal Loan,Rural,Maharashtra,Rejected,2220000.0,Self-Employed,14.7,1,53.4,1,42.0,0,27.3,1,0.0,0,137.4,5.7,1
AU2025617,2024-09-25,2024-09,Business Loan,Urban,Gujarat,Disbursed,283000.0,Self-Employed,5.2,0,18.5,0,33.9,0,9.2,0,6.6,0,73.4,3.1,0
AU2025618,2024-05-03,2024-05,Personal Loan,Semi-Urban,Maharashtra,Disbursed,156000.0,MSME Owner,8.1,1,35.1,1,24.5,0,14.6,0,20.8,0,103.1,4.3,1
AU2025619,2024-11-13,2024-11,MSME Loan,Urban,Madhya Pradesh,Disbursed,1235000.0,Salaried,4.1,0,11.7,0,18.0,0,8.6,0,10.0,0,52.4,2.2,0
AU2025620,2024-05-09,2024-05,Personal Loan,Urban,Karnataka,Disbursed,301000.0,MSME Owner,3.7,0,22.5,0,23.6,0,8.6,0,11.9,0,70.3,2.9,0
AU2025621,2024-05-16,2024-05,Home Loan,Semi-Urban,Punjab,Disbursed,511000.0,Salaried,7.6,0,34.1,1,20.9,0,12.7,0,19.3,0,94.6,3.9,1
AU2025622,2024-02-10,2024-02,MSME Loan,Urban,Haryana,Disbursed,459000.0,Salaried,5.4,0,15.9,0,36.4,0,11.8,0,17.4,0,86.9,3.6,0
AU2025623,2025-05-06,2025-05,Business Loan,Urban,Punjab,Disbursed,864000.0,Salaried,2.1,0,14.3,0,54.6,1,11.0,0,12.1,0,94.1,3.9,1
AU2025624,2024-08-23,2024-08,Vehicle Finance,Urban,Haryana,Disbursed,69000.0,Salaried,4.5,0,22.4,0,29.2,0,6.8,0,13.0,0,75.9,3.2,0
AU2025625,2024-05-04,2024-05,Business Loan,Rural,Odisha,Rejected,552000.0,Self-Employed,12.2,1,46.3,1,61.0,1,12.5,0,0.0,0,132.0,5.5,1
AU2025626,2024-06-02,2024-06,MSME Loan,Semi-Urban,Madhya Pradesh,Disbursed,185000.0,Salaried,5.8,0,25.9,1,52.8,1,13.9,0,22.9,0,121.3,5.1,1
AU2025627,2024-11-30,2024-11,Business Loan,Rural,Gujarat,Disbursed,498000.0,MSME Owner,14.6,1,48.6,1,72.5,1,24.0,1,20.4,0,180.1,7.5,1
AU2025628,2024-02-17,2024-02,MSME Loan,Urban,Rajasthan,Disbursed,1524000.0,Salaried,5.7,0,23.6,0,40.8,0,7.8,0,14.9,0,92.8,3.9,0
AU2025629,2024-07-13,2024-07,Business Loan,Semi-Urban,Haryana,Under Review,468000.0,Farmer,9.6,1,18.3,0,36.9,0,0.0,0,0.0,0,64.8,2.7,1
AU2025630,2024-10-09,2024-10,Business Loan,Urban,Haryana,Disbursed,639000.0,MSME Owner,2.1,0,8.8,0,48.4,1,8.3,0,12.9,0,80.5,3.4,1
AU2025631,2024-01-29,2024-01,Personal Loan,Urban,Tamil Nadu,Disbursed,706000.0,Farmer,5.7,0,16.0,0,25.1,0,10.7,0,12.5,0,70.0,2.9,0
AU2025632,2024-12-25,2024-12,Vehicle Finance,Rural,Rajasthan,Rejected,242000.0,Self-Employed,16.4,1,28.0,1,62.1,1,15.3,0,0.0,0,121.8,5.1,1
AU2025633,2024-02-12,2024-02,Vehicle Finance,Urban,Maharashtra,Disbursed,311000.0,MSME Owner,4.5,0,14.8,0,33.6,0,8.2,0,12.1,0,73.2,3.1,0
AU2025634,2025-03-08,2025-03,Personal Loan,Rural,Tamil Nadu,Disbursed,1252000.0,Salaried,13.3,1,32.7,1,60.5,1,22.2,1,43.7,1,172.4,7.2,1
AU2025635,2024-11-26,2024-11,MSME Loan,Semi-Urban,Haryana,Rejected,310000.0,Self-Employed,6.3,0,27.6,1,71.3,1,13.0,0,0.0,0,118.2,4.9,1
AU2025636,2024-10-16,2024-10,Business Loan,Semi-Urban,Punjab,Disbursed,50000.0,Self-Employed,6.2,0,26.7,1,69.8,1,19.5,1,20.5,0,142.7,5.9,1
AU2025637,2025-04-03,2025-04,Personal Loan,Rural,Gujarat,Rejected,79000.0,Salaried,9.5,1,29.2,1,32.1,0,12.8,0,0.0,0,83.6,3.5,1
AU2025638,2025-04-15,2025-04,Vehicle Finance,Semi-Urban,Karnataka,Under Review,379000.0,Farmer,6.6,0,34.8,1,39.7,0,0.0,0,0.0,0,81.1,3.4,1
AU2025639,2024-04-27,2024-04,Home Loan,Rural,Rajasthan,Disbursed,349000.0,Self-Employed,8.1,1,50.6,1,27.0,0,21.4,1,42.5,1,149.6,6.2,1
AU2025640,2025-04-06,2025-04,Personal Loan,Semi-Urban,Madhya Pradesh,Disbursed,277000.0,Salaried,7.5,0,12.8,0,21.2,0,14.6,0,20.6,0,76.7,3.2,0
AU2025641,2024-08-31,2024-08,Personal Loan,Semi-Urban,Odisha,Under Review,85000.0,MSME Owner,4.8,0,26.2,1,38.2,0,0.0,0,0.0,0,69.2,2.9,1
AU2025642,2024-01-24,2024-01,MSME Loan,Rural,Uttar Pradesh,Under Review,600000.0,MSME Owner,16.1,1,47.8,1,59.9,1,0.0,0,0.0,0,123.8,5.2,1
AU2025643,2024-12-16,2024-12,Personal Loan,Semi-Urban,Gujarat,Pending Documents,1174000.0,MSME Owner,10.0,1,28.5,1,19.0,0,17.9,1,15.1,0,90.5,3.8,1
AU2025644,2025-04-05,2025-04,Business Loan,Urban,Uttar Pradesh,Disbursed,50000.0,Self-Employed,5.3,0,12.8,0,24.8,0,9.3,0,14.0,0,66.2,2.8,0
AU2025645,2024-10-15,2024-10,MSME Loan,Urban,Karnataka,Under Review,79000.0,Self-Employed,4.5,0,9.5,0,33.7,0,0.0,0,0.0,0,47.7,2.0,0
AU2025646,2024-04-01,2024-04,Vehicle Finance,Rural,Rajasthan,Rejected,816000.0,Self-Employed,17.7,1,44.2,1,36.2,0,16.1,1,0.0,0,114.2,4.8,1
AU2025647,2024-01-09,2024-01,Vehicle Finance,Urban,Punjab,Under Review,3498000.0,MSME Owner,4.6,0,9.1,0,20.7,0,0.0,0,0.0,0,34.4,1.4,0
AU2025648,2024-10-27,2024-10,Business Loan,Urban,Madhya Pradesh,Disbursed,1215000.0,Farmer,3.5,0,9.0,0,52.8,1,4.3,0,17.4,0,87.0,3.6,1
AU2025649,2025-01-20,2025-01,Home Loan,Rural,Maharashtra,Disbursed,81000.0,Salaried,12.9,1,57.6,1,39.9,0,29.2,1,42.7,1,182.3,7.6,1
AU2025650,2025-04-20,2025-04,Home Loan,Urban,Haryana,Rejected,148000.0,Farmer,2.7,0,17.0,0,13.5,0,10.4,0,0.0,0,43.6,1.8,0
AU2025651,2024-06-02,2024-06,Business Loan,Urban,Gujarat,Disbursed,1615000.0,Salaried,3.8,0,12.0,0,26.6,0,11.0,0,12.2,0,65.6,2.7,0
AU2025652,2024-10-15,2024-10,Home Loan,Urban,Maharashtra,Disbursed,60000.0,Salaried,5.5,0,34.4,1,13.9,0,6.8,0,17.5,0,78.1,3.3,1
AU2025653,2024-10-17,2024-10,Personal Loan,Semi-Urban,Madhya Pradesh,Pending Documents,243000.0,Farmer,6.8,0,15.9,0,24.1,0,18.7,1,26.4,1,91.9,3.8,1
AU2025654,2024-12-12,2024-12,Vehicle Finance,Rural,Haryana,Rejected,811000.0,MSME Owner,13.3,1,32.5,1,59.7,1,20.5,1,0.0,0,126.0,5.2,1
AU2025655,2024-06-18,2024-06,MSME Loan,Semi-Urban,Karnataka,Pending Documents,464000.0,Salaried,7.9,0,17.9,0,71.1,1,9.2,0,21.8,0,127.9,5.3,1
AU2025656,2025-01-21,2025-01,Home Loan,Urban,Haryana,Pending Documents,162000.0,Salaried,3.2,0,17.3,0,33.4,0,11.7,0,6.8,0,72.4,3.0,0
AU2025657,2025-02-08,2025-02,Vehicle Finance,Semi-Urban,Maharashtra,Disbursed,637000.0,Self-Employed,5.9,0,24.9,1,37.8,0,16.4,1,12.5,0,97.5,4.1,1
AU2025658,2024-09-13,2024-09,MSME Loan,Semi-Urban,Gujarat,Under Review,765000.0,Farmer,6.6,0,21.1,0,72.6,1,0.0,0,0.0,0,100.3,4.2,1
AU2025659,2024-01-28,2024-01,Home Loan,Semi-Urban,Punjab,Disbursed,235000.0,Salaried,9.8,1,27.5,1,20.8,0,16.5,1,23.2,0,97.8,4.1,1
AU2025660,2024-08-11,2024-08,Business Loan,Urban,Gujarat,Disbursed,682000.0,MSME Owner,4.6,0,13.2,0,37.2,0,7.6,0,10.1,0,72.7,3.0,0
AU2025661,2025-03-05,2025-03,MSME Loan,Semi-Urban,Madhya Pradesh,Under Review,166000.0,Salaried,4.8,0,35.5,1,55.0,1,0.0,0,0.0,0,95.3,4.0,1
AU2025662,2024-06-23,2024-06,Personal Loan,Semi-Urban,Gujarat,Disbursed,1843000.0,Farmer,7.2,0,15.3,0,35.2,0,9.1,0,13.7,0,80.5,3.4,0
AU2025663,2025-01-28,2025-01,Personal Loan,Semi-Urban,Odisha,Disbursed,1976000.0,Self-Employed,9.6,1,29.3,1,20.3,0,10.7,0,22.1,0,92.0,3.8,1
AU2025664,2025-05-03,2025-05,MSME Loan,Urban,Odisha,Under Review,1620000.0,Farmer,5.0,0,21.6,0,30.5,0,0.0,0,0.0,0,57.1,2.4,0
AU2025665,2024-07-22,2024-07,Business Loan,Semi-Urban,Odisha,Disbursed,2992000.0,Salaried,6.2,0,29.7,1,71.7,1,13.5,0,21.6,0,142.7,5.9,1
AU2025666,2024-01-16,2024-01,Personal Loan,Rural,Punjab,Disbursed,554000.0,Salaried,13.3,1,58.6,1,28.3,0,24.3,1,46.9,1,171.4,7.1,1
AU2025667,2025-02-05,2025-02,Business Loan,Rural,Uttar Pradesh,Pending Documents,535000.0,MSME Owner,10.3,1,36.0,1,35.9,0,27.0,1,43.5,1,152.7,6.4,1
AU2025668,2024-09-08,2024-09,Vehicle Finance,Urban,Tamil Nadu,Disbursed,668000.0,Farmer,4.9,0,21.3,0,29.9,0,9.0,0,11.1,0,76.2,3.2,0
AU2025669,2024-07-01,2024-07,MSME Loan,Semi-Urban,Madhya Pradesh,Disbursed,744000.0,Salaried,5.7,0,25.0,1,39.1,0,10.7,0,19.5,0,100.0,4.2,1
AU2025670,2025-04-26,2025-04,Personal Loan,Rural,Karnataka,Disbursed,78000.0,Salaried,12.1,1,53.1,1,61.0,1,16.0,0,36.5,1,178.7,7.4,1
AU2025671,2024-08-09,2024-08,Personal Loan,Rural,Haryana,Pending Documents,347000.0,Self-Employed,15.0,1,52.9,1,58.6,1,24.6,1,46.8,1,197.9,8.2,1
AU2025672,2024-12-14,2024-12,Vehicle Finance,Semi-Urban,Maharashtra,Under Review,1003000.0,Salaried,6.2,0,15.5,0,33.2,0,0.0,0,0.0,0,54.9,2.3,0
AU2025673,2024-12-04,2024-12,Vehicle Finance,Rural,Odisha,Disbursed,702000.0,MSME Owner,14.2,1,49.1,1,38.1,0,21.9,1,37.0,1,160.3,6.7,1
AU2025674,2024-02-13,2024-02,Vehicle Finance,Rural,Haryana,Under Review,272000.0,Farmer,16.3,1,33.7,1,44.5,0,0.0,0,0.0,0,94.5,3.9,1
AU2025675,2024-05-31,2024-05,Personal Loan,Urban,Odisha,Rejected,278000.0,Self-Employed,3.3,0,20.2,0,32.0,0,11.8,0,0.0,0,67.3,2.8,0
AU2025676,2024-12-31,2024-12,Vehicle Finance,Urban,Madhya Pradesh,Disbursed,167000.0,Farmer,2.0,0,11.2,0,16.5,0,9.7,0,10.2,0,49.6,2.1,0
AU2025677,2024-02-12,2024-02,Vehicle Finance,Urban,Gujarat,Disbursed,60000.0,Salaried,4.1,0,9.6,0,31.0,0,8.5,0,14.7,0,67.9,2.8,0
AU2025678,2024-03-19,2024-03,Business Loan,Urban,Uttar Pradesh,Disbursed,1870000.0,Self-Employed,5.0,0,21.3,0,46.8,0,5.2,0,13.5,0,91.8,3.8,0
AU2025679,2024-12-30,2024-12,Personal Loan,Semi-Urban,Haryana,Disbursed,5000000.0,Salaried,9.2,1,26.7,1,28.6,0,8.4,0,19.7,0,92.6,3.9,1
AU2025680,2025-01-13,2025-01,MSME Loan,Semi-Urban,Maharashtra,Pending Documents,335000.0,MSME Owner,7.2,0,14.2,0,54.7,1,15.3,0,23.1,0,114.5,4.8,1
AU2025681,2024-06-11,2024-06,Home Loan,Rural,Haryana,Rejected,82000.0,Salaried,12.0,1,76.8,1,69.8,1,13.4,0,0.0,0,172.0,7.2,1
AU2025682,2024-02-24,2024-02,Business Loan,Urban,Punjab,Disbursed,522000.0,Farmer,2.7,0,17.5,0,33.5,0,6.7,0,12.8,0,73.2,3.1,0
AU2025683,2024-01-03,2024-01,Home Loan,Urban,Gujarat,Pending Documents,481000.0,MSME Owner,5.0,0,29.8,1,21.3,0,10.0,0,10.6,0,76.7,3.2,1
AU2025684,2024-08-15,2024-08,MSME Loan,Urban,Uttar Pradesh,Disbursed,50000.0,Self-Employed,4.0,0,21.7,0,37.5,0,6.9,0,9.0,0,79.1,3.3,0
AU2025685,2025-01-24,2025-01,Business Loan,Semi-Urban,Punjab,Rejected,486000.0,Salaried,5.3,0,21.1,0,43.4,0,12.7,0,0.0,0,82.5,3.4,0
AU2025686,2024-02-22,2024-02,Business Loan,Semi-Urban,Uttar Pradesh,Disbursed,625000.0,Self-Employed,6.7,0,31.4,1,37.4,0,18.6,1,20.1,0,114.2,4.8,1
AU2025687,2024-02-14,2024-02,Vehicle Finance,Rural,Maharashtra,Under Review,95000.0,Self-Employed,15.5,1,39.6,1,50.3,1,0.0,0,0.0,0,105.4,4.4,1
AU2025688,2024-08-08,2024-08,MSME Loan,Urban,Maharashtra,Disbursed,536000.0,Self-Employed,5.1,0,16.1,0,36.9,0,9.8,0,12.0,0,79.9,3.3,0
AU2025689,2024-10-12,2024-10,Vehicle Finance,Rural,Tamil Nadu,Disbursed,50000.0,Self-Employed,8.0,0,46.1,1,25.4,0,21.1,1,42.1,1,142.7,5.9,1
AU2025690,2024-09-19,2024-09,Vehicle Finance,Urban,Karnataka,Rejected,742000.0,Self-Employed,2.7,0,22.5,0,16.8,0,11.9,0,0.0,0,53.9,2.2,0
AU2025691,2024-02-22,2024-02,Business Loan,Urban,Haryana,Disbursed,98000.0,MSME Owner,4.8,0,20.7,0,26.5,0,7.6,0,13.9,0,73.5,3.1,0
AU2025692,2024-02-15,2024-02,Business Loan,Semi-Urban,Rajasthan,Disbursed,356000.0,MSME Owner,7.9,0,15.7,0,38.7,0,12.7,0,15.0,0,90.0,3.8,0
AU2025693,2024-10-10,2024-10,Personal Loan,Rural,Punjab,Disbursed,182000.0,Self-Employed,10.3,1,57.1,1,33.2,0,26.3,1,47.0,1,173.9,7.2,1
AU2025694,2024-11-01,2024-11,Home Loan,Rural,Gujarat,Rejected,132000.0,Salaried,8.1,1,71.2,1,36.9,0,26.7,1,0.0,0,142.9,6.0,1
AU2025695,2025-02-05,2025-02,Vehicle Finance,Rural,Odisha,Disbursed,136000.0,MSME Owner,15.6,1,32.0,1,48.0,0,18.3,1,41.2,1,155.1,6.5,1
AU2025696,2025-03-18,2025-03,Vehicle Finance,Semi-Urban,Punjab,Rejected,626000.0,Farmer,9.3,1,30.8,1,30.2,0,19.8,1,0.0,0,90.1,3.8,1
AU2025697,2024-01-07,2024-01,Vehicle Finance,Urban,Haryana,Pending Documents,111000.0,MSME Owner,5.0,0,9.1,0,30.3,0,10.2,0,14.1,0,68.7,2.9,0
AU2025698,2024-07-30,2024-07,Business Loan,Semi-Urban,Uttar Pradesh,Disbursed,50000.0,Salaried,5.0,0,17.5,0,28.9,0,19.0,1,19.5,0,89.9,3.7,1
AU2025699,2025-02-02,2025-02,Business Loan,Semi-Urban,Haryana,Disbursed,220000.0,Farmer,5.1,0,19.1,0,74.8,1,12.5,0,10.4,0,121.9,5.1,1
AU2025700,2025-01-06,2025-01,Personal Loan,Urban,Gujarat,Pending Documents,407000.0,Farmer,4.4,0,8.5,0,14.0,0,7.9,0,10.9,0,45.7,1.9,0
AU2025701,2025-04-08,2025-04,Vehicle Finance,Semi-Urban,Karnataka,Pending Documents,216000.0,Self-Employed,8.2,1,33.5,1,22.4,0,10.8,0,11.9,0,86.8,3.6,1
AU2025702,2024-10-19,2024-10,Personal Loan,Semi-Urban,Madhya Pradesh,Disbursed,373000.0,Salaried,7.2,0,14.4,0,27.6,0,14.3,0,27.0,1,90.5,3.8,1
AU2025703,2024-03-27,2024-03,Business Loan,Urban,Karnataka,Disbursed,255000.0,Salaried,2.9,0,17.9,0,18.8,0,7.7,0,13.3,0,60.6,2.5,0
AU2025704,2024-03-27,2024-03,Business Loan,Urban,Haryana,Pending Documents,1066000.0,Salaried,3.9,0,14.2,0,30.0,0,4.2,0,10.3,0,62.6,2.6,0
AU2025705,2024-05-17,2024-05,MSME Loan,Semi-Urban,Maharashtra,Disbursed,139000.0,Self-Employed,9.4,1,28.8,1,32.6,0,18.4,1,15.4,0,104.6,4.4,1
AU2025706,2024-05-17,2024-05,Vehicle Finance,Semi-Urban,Uttar Pradesh,Under Review,50000.0,Self-Employed,6.9,0,34.4,1,25.2,0,0.0,0,0.0,0,66.5,2.8,1
AU2025707,2024-03-15,2024-03,Personal Loan,Semi-Urban,Tamil Nadu,Rejected,2616000.0,Self-Employed,8.2,1,16.1,0,43.6,0,9.7,0,0.0,0,77.6,3.2,1
AU2025708,2024-03-26,2024-03,Personal Loan,Semi-Urban,Gujarat,Rejected,609000.0,Self-Employed,7.4,0,26.3,1,30.3,0,18.1,1,0.0,0,82.1,3.4,1
AU2025709,2024-05-21,2024-05,Vehicle Finance,Semi-Urban,Haryana,Under Review,290000.0,Farmer,7.1,0,27.4,1,29.8,0,0.0,0,0.0,0,64.3,2.7,1
AU2025710,2024-06-02,2024-06,MSME Loan,Rural,Haryana,Disbursed,373000.0,MSME Owner,13.6,1,59.8,1,70.4,1,24.9,1,41.8,1,210.5,8.8,1
AU2025711,2025-02-04,2025-02,Vehicle Finance,Rural,Tamil Nadu,Disbursed,50000.0,Self-Employed,9.1,1,38.2,1,59.2,1,28.6,1,25.6,1,160.7,6.7,1
AU2025712,2024-07-03,2024-07,Business Loan,Urban,Gujarat,Rejected,304000.0,Self-Employed,4.2,0,9.4,0,45.9,0,8.8,0,0.0,0,68.3,2.8,0
AU2025713,2025-04-28,2025-04,MSME Loan,Rural,Uttar Pradesh,Rejected,405000.0,Farmer,17.9,1,44.9,1,41.9,0,20.3,1,0.0,0,125.0,5.2,1
AU2025714,2025-01-04,2025-01,Personal Loan,Urban,Madhya Pradesh,Disbursed,271000.0,Self-Employed,2.4,0,19.7,0,19.7,0,6.1,0,13.8,0,61.7,2.6,0
AU2025715,2024-10-31,2024-10,Vehicle Finance,Urban,Tamil Nadu,Disbursed,1854000.0,Salaried,5.2,0,11.7,0,15.8,0,10.3,0,14.5,0,57.5,2.4,0
AU2025716,2024-04-10,2024-04,Personal Loan,Urban,Odisha,Under Review,125000.0,MSME Owner,2.5,0,16.1,0,12.4,0,0.0,0,0.0,0,31.0,1.3,0
AU2025717,2024-02-24,2024-02,Vehicle Finance,Semi-Urban,Tamil Nadu,Disbursed,909000.0,Salaried,6.2,0,30.2,1,29.1,0,16.6,1,16.7,0,98.8,4.1,1
AU2025718,2024-06-04,2024-06,Business Loan,Semi-Urban,Maharashtra,Pending Documents,490000.0,Farmer,6.9,0,23.2,0,57.9,1,14.7,0,21.4,0,124.1,5.2,1
AU2025719,2025-04-30,2025-04,MSME Loan,Semi-Urban,Rajasthan,Disbursed,310000.0,Self-Employed,7.8,0,22.9,0,48.3,1,8.2,0,13.1,0,100.3,4.2,1
AU2025720,2024-06-19,2024-06,Vehicle Finance,Rural,Haryana,Disbursed,50000.0,Salaried,17.6,1,54.8,1,27.8,0,25.0,1,28.4,1,153.6,6.4,1
AU2025721,2024-07-13,2024-07,MSME Loan,Urban,Odisha,Disbursed,378000.0,Self-Employed,5.3,0,11.1,0,45.1,0,4.5,0,17.0,0,83.0,3.5,0
AU2025722,2024-08-13,2024-08,Personal Loan,Rural,Punjab,Disbursed,435000.0,Farmer,14.5,1,28.6,1,48.3,1,21.5,1,33.4,1,146.3,6.1,1
AU2025723,2024-08-08,2024-08,Vehicle Finance,Urban,Punjab,Rejected,254000.0,MSME Owner,2.5,0,17.1,0,25.6,0,9.5,0,0.0,0,54.7,2.3,0
AU2025724,2024-03-10,2024-03,Vehicle Finance,Urban,Odisha,Disbursed,606000.0,Salaried,4.4,0,23.5,0,15.8,0,10.8,0,14.4,0,68.9,2.9,0
AU2025725,2024-06-13,2024-06,Home Loan,Urban,Uttar Pradesh,Disbursed,793000.0,Farmer,3.4,0,11.6,0,26.4,0,5.0,0,15.6,0,62.0,2.6,0
AU2025726,2025-04-30,2025-04,Vehicle Finance,Rural,Odisha,Rejected,200000.0,MSME Owner,12.2,1,59.0,1,59.3,1,12.3,0,0.0,0,142.8,6.0,1
AU2025727,2024-09-02,2024-09,Personal Loan,Urban,Madhya Pradesh,Rejected,103000.0,Farmer,4.1,0,12.6,0,20.4,0,6.7,0,0.0,0,43.8,1.8,0
AU2025728,2024-03-31,2024-03,Personal Loan,Semi-Urban,Punjab,Under Review,95000.0,MSME Owner,8.5,1,34.3,1,23.0,0,0.0,0,0.0,0,65.8,2.7,1
AU2025729,2025-05-10,2025-05,Vehicle Finance,Semi-Urban,Haryana,Disbursed,142000.0,Salaried,6.9,0,27.8,1,31.0,0,16.2,1,18.1,0,100.0,4.2,1
AU2025730,2024-05-29,2024-05,Business Loan,Urban,Punjab,Disbursed,170000.0,Salaried,5.9,0,12.2,0,21.2,0,7.0,0,14.9,0,61.2,2.5,0
AU2025731,2025-05-10,2025-05,Business Loan,Semi-Urban,Tamil Nadu,Disbursed,798000.0,Salaried,6.0,0,29.4,1,56.2,1,9.4,0,12.9,0,113.9,4.7,1
AU2025732,2025-02-04,2025-02,Vehicle Finance,Rural,Odisha,Disbursed,73000.0,Salaried,8.2,1,51.7,1,43.2,0,26.7,1,39.3,1,169.1,7.0,1
AU2025733,2024-06-15,2024-06,MSME Loan,Urban,Madhya Pradesh,Disbursed,391000.0,Farmer,4.9,0,21.3,0,16.5,0,6.8,0,14.9,0,64.4,2.7,0
AU2025734,2024-05-23,2024-05,Personal Loan,Semi-Urban,Haryana,Disbursed,138000.0,Self-Employed,5.5,0,18.7,0,44.9,0,13.6,0,17.1,0,99.8,4.2,0
AU2025735,2024-07-05,2024-07,Home Loan,Rural,Haryana,Disbursed,186000.0,Self-Employed,14.1,1,49.8,1,61.1,1,29.5,1,46.3,1,200.8,8.4,1
AU2025736,2025-04-22,2025-04,Business Loan,Urban,Gujarat,Pending Documents,55000.0,MSME Owner,3.1,0,12.3,0,52.0,1,5.3,0,6.8,0,79.5,3.3,1
AU2025737,2024-04-12,2024-04,Business Loan,Semi-Urban,Odisha,Disbursed,214000.0,Self-Employed,7.8,0,32.4,1,36.7,0,17.8,1,14.2,0,108.9,4.5,1
AU2025738,2024-10-06,2024-10,Home Loan,Semi-Urban,Odisha,Disbursed,96000.0,Salaried,6.1,0,40.5,1,25.0,0,10.2,0,10.2,0,92.0,3.8,1
AU2025739,2024-12-15,2024-12,Vehicle Finance,Semi-Urban,Maharashtra,Disbursed,586000.0,Salaried,6.6,0,30.9,1,39.5,0,18.3,1,10.2,0,105.5,4.4,1
AU2025740,2024-01-14,2024-01,MSME Loan,Urban,Karnataka,Pending Documents,218000.0,Self-Employed,3.4,0,21.5,0,46.6,0,11.9,0,13.4,0,96.8,4.0,0
AU2025741,2025-04-27,2025-04,Vehicle Finance,Urban,Tamil Nadu,Pending Documents,50000.0,Self-Employed,4.8,0,14.5,0,25.1,0,11.5,0,8.0,0,63.9,2.7,0
AU2025742,2024-08-12,2024-08,Business Loan,Urban,Madhya Pradesh,Rejected,311000.0,Self-Employed,2.2,0,23.3,0,55.1,1,6.2,0,0.0,0,86.8,3.6,1
AU2025743,2025-03-01,2025-03,Vehicle Finance,Urban,Uttar Pradesh,Disbursed,50000.0,Self-Employed,3.7,0,12.7,0,31.4,0,7.9,0,13.9,0,69.6,2.9,0
AU2025744,2025-02-23,2025-02,Personal Loan,Semi-Urban,Gujarat,Disbursed,1407000.0,MSME Owner,6.1,0,28.7,1,46.2,0,15.5,0,12.7,0,109.2,4.5,1
AU2025745,2024-12-10,2024-12,Home Loan,Urban,Haryana,Under Review,314000.0,Self-Employed,3.5,0,11.5,0,21.1,0,0.0,0,0.0,0,36.1,1.5,0
AU2025746,2024-03-12,2024-03,Vehicle Finance,Rural,Tamil Nadu,Disbursed,2022000.0,Self-Employed,9.7,1,24.7,1,53.3,1,28.6,1,21.2,0,137.5,5.7,1
AU2025747,2024-05-03,2024-05,Personal Loan,Urban,Uttar Pradesh,Under Review,50000.0,Salaried,5.5,0,8.9,0,34.6,0,0.0,0,0.0,0,49.0,2.0,0
AU2025748,2024-12-03,2024-12,Business Loan,Rural,Uttar Pradesh,Disbursed,234000.0,Farmer,15.5,1,42.6,1,79.9,1,14.3,0,43.2,1,195.5,8.1,1
AU2025749,2025-01-01,2025-01,Home Loan,Semi-Urban,Maharashtra,Disbursed,148000.0,Farmer,9.3,1,40.1,1,29.2,0,15.4,0,20.4,0,114.4,4.8,1
AU2025750,2025-02-08,2025-02,Business Loan,Urban,Haryana,Disbursed,50000.0,Salaried,5.0,0,16.5,0,18.8,0,6.9,0,16.6,0,63.8,2.7,0
AU2025751,2024-02-07,2024-02,Home Loan,Urban,Haryana,Pending Documents,1947000.0,Salaried,5.8,0,16.4,0,12.2,0,7.5,0,10.3,0,52.2,2.2,0
AU2025752,2024-11-02,2024-11,Vehicle Finance,Rural,Tamil Nadu,Under Review,59000.0,Salaried,8.5,1,47.1,1,27.1,0,0.0,0,0.0,0,82.7,3.4,1
AU2025753,2024-10-25,2024-10,Personal Loan,Semi-Urban,Tamil Nadu,Disbursed,50000.0,Self-Employed,8.8,1,23.1,0,22.5,0,16.7,1,13.4,0,84.5,3.5,1
AU2025754,2024-09-30,2024-09,Home Loan,Semi-Urban,Haryana,Disbursed,444000.0,Salaried,5.8,0,49.0,1,18.5,0,14.5,0,23.1,0,110.9,4.6,1
AU2025755,2025-04-17,2025-04,Vehicle Finance,Rural,Karnataka,Rejected,628000.0,MSME Owner,16.2,1,47.2,1,43.3,0,20.5,1,0.0,0,127.2,5.3,1
AU2025756,2024-10-05,2024-10,MSME Loan,Urban,Haryana,Disbursed,310000.0,Salaried,4.7,0,23.9,0,49.8,1,10.0,0,8.5,0,96.9,4.0,1
AU2025757,2025-02-08,2025-02,MSME Loan,Semi-Urban,Rajasthan,Under Review,590000.0,Salaried,4.4,0,23.4,0,38.8,0,0.0,0,0.0,0,66.6,2.8,0
AU2025758,2024-12-25,2024-12,Home Loan,Rural,Punjab,Disbursed,504000.0,MSME Owner,13.1,1,67.9,1,57.6,1,16.6,1,42.3,1,197.5,8.2,1
AU2025759,2024-10-31,2024-10,MSME Loan,Semi-Urban,Karnataka,Rejected,442000.0,MSME Owner,8.0,0,25.1,1,70.0,1,13.4,0,0.0,0,116.5,4.9,1
AU2025760,2024-02-25,2024-02,MSME Loan,Semi-Urban,Gujarat,Under Review,455000.0,MSME Owner,4.8,0,28.0,1,70.3,1,0.0,0,0.0,0,103.1,4.3,1
AU2025761,2024-12-02,2024-12,Business Loan,Urban,Madhya Pradesh,Under Review,445000.0,Farmer,6.0,0,17.4,0,46.8,0,0.0,0,0.0,0,70.2,2.9,0
AU2025762,2024-03-26,2024-03,Vehicle Finance,Rural,Punjab,Under Review,389000.0,Self-Employed,8.6,1,48.4,1,39.8,0,0.0,0,0.0,0,96.8,4.0,1
AU2025763,2024-01-23,2024-01,MSME Loan,Rural,Odisha,Disbursed,884000.0,Self-Employed,10.4,1,37.4,1,42.1,0,29.5,1,35.2,1,154.6,6.4,1
AU2025764,2024-11-26,2024-11,Personal Loan,Urban,Odisha,Disbursed,149000.0,Farmer,3.1,0,8.3,0,13.8,0,8.6,0,7.7,0,41.5,1.7,0
AU2025765,2025-05-10,2025-05,Personal Loan,Urban,Haryana,Disbursed,280000.0,Salaried,3.3,0,14.7,0,15.8,0,8.0,0,7.0,0,48.8,2.0,0
AU2025766,2025-05-09,2025-05,Personal Loan,Semi-Urban,Punjab,Disbursed,224000.0,Farmer,8.3,1,31.6,1,44.2,0,19.7,1,23.7,0,127.5,5.3,1
AU2025767,2024-02-24,2024-02,Vehicle Finance,Urban,Haryana,Disbursed,103000.0,MSME Owner,6.0,0,15.5,0,29.4,0,8.0,0,11.2,0,70.1,2.9,0
AU2025768,2024-02-20,2024-02,Business Loan,Semi-Urban,Rajasthan,Disbursed,488000.0,Farmer,5.4,0,33.5,1,42.4,0,11.7,0,23.1,0,116.1,4.8,1
AU2025769,2024-04-23,2024-04,Business Loan,Urban,Uttar Pradesh,Disbursed,399000.0,MSME Owner,3.3,0,18.1,0,43.1,0,9.9,0,16.8,0,91.2,3.8,0
AU2025770,2025-01-17,2025-01,Business Loan,Urban,Karnataka,Disbursed,1753000.0,Salaried,3.3,0,20.5,0,43.5,0,9.9,0,15.7,0,92.9,3.9,0
AU2025771,2024-10-12,2024-10,Home Loan,Semi-Urban,Karnataka,Disbursed,148000.0,Farmer,7.4,0,22.9,0,26.8,0,16.3,1,26.6,1,100.0,4.2,1
AU2025772,2024-12-18,2024-12,Personal Loan,Urban,Odisha,Under Review,209000.0,Self-Employed,4.6,0,13.3,0,33.1,0,0.0,0,0.0,0,51.0,2.1,0
AU2025773,2024-04-23,2024-04,Personal Loan,Urban,Odisha,Disbursed,428000.0,Salaried,5.0,0,10.6,0,33.9,0,6.9,0,14.0,0,70.4,2.9,0
AU2025774,2024-07-10,2024-07,Personal Loan,Urban,Tamil Nadu,Disbursed,1407000.0,MSME Owner,4.7,0,15.2,0,33.4,0,9.0,0,17.9,0,80.2,3.3,0
AU2025775,2024-08-25,2024-08,MSME Loan,Urban,Haryana,Disbursed,390000.0,Self-Employed,4.9,0,16.8,0,48.2,1,6.3,0,8.2,0,84.4,3.5,1
AU2025776,2024-12-19,2024-12,Personal Loan,Semi-Urban,Odisha,Rejected,829000.0,Salaried,4.6,0,28.8,1,29.0,0,16.1,1,0.0,0,78.5,3.3,1
AU2025777,2024-03-18,2024-03,MSME Loan,Urban,Karnataka,Disbursed,50000.0,MSME Owner,5.1,0,20.6,0,25.4,0,5.5,0,13.1,0,69.7,2.9,0
AU2025778,2024-01-13,2024-01,Home Loan,Urban,Punjab,Disbursed,91000.0,Salaried,2.6,0,18.2,0,26.2,0,6.9,0,6.2,0,60.1,2.5,0
AU2025779,2024-02-23,2024-02,Personal Loan,Urban,Tamil Nadu,Rejected,867000.0,Salaried,4.2,0,9.9,0,17.1,0,5.4,0,0.0,0,36.6,1.5,0
AU2025780,2024-07-31,2024-07,Home Loan,Semi-Urban,Uttar Pradesh,Under Review,849000.0,Salaried,6.5,0,26.8,1,20.4,0,0.0,0,0.0,0,53.7,2.2,1
AU2025781,2024-02-29,2024-02,Home Loan,Semi-Urban,Gujarat,Disbursed,116000.0,Salaried,7.9,0,21.1,0,30.4,0,15.5,0,24.1,1,99.0,4.1,1
AU2025782,2024-06-27,2024-06,Home Loan,Semi-Urban,Maharashtra,Disbursed,181000.0,MSME Owner,9.7,1,25.3,1,20.6,0,13.7,0,25.4,1,94.7,3.9,1
AU2025783,2024-06-24,2024-06,Vehicle Finance,Urban,Uttar Pradesh,Pending Documents,235000.0,MSME Owner,2.5,0,22.7,0,22.8,0,7.0,0,11.5,0,66.5,2.8,0
AU2025784,2025-02-05,2025-02,MSME Loan,Semi-Urban,Tamil Nadu,Disbursed,603000.0,Salaried,5.0,0,32.9,1,46.4,0,15.9,0,19.1,0,119.3,5.0,1
AU2025785,2024-09-23,2024-09,Home Loan,Semi-Urban,Madhya Pradesh,Disbursed,1157000.0,Self-Employed,9.2,1,33.3,1,24.4,0,19.2,1,24.3,1,110.4,4.6,1
AU2025786,2024-06-27,2024-06,Personal Loan,Rural,Tamil Nadu,Rejected,159000.0,MSME Owner,15.8,1,32.6,1,36.3,0,17.5,1,0.0,0,102.2,4.3,1
AU2025787,2024-02-19,2024-02,Personal Loan,Urban,Tamil Nadu,Rejected,136000.0,MSME Owner,4.0,0,13.8,0,22.4,0,7.1,0,0.0,0,47.3,2.0,0
AU2025788,2025-01-04,2025-01,Home Loan,Urban,Tamil Nadu,Disbursed,3079000.0,Self-Employed,5.2,0,30.0,1,24.1,0,10.8,0,15.0,0,85.1,3.5,1
AU2025789,2024-06-12,2024-06,Home Loan,Rural,Tamil Nadu,Disbursed,694000.0,Salaried,16.9,1,76.6,1,68.5,1,13.1,0,36.8,1,211.9,8.8,1
AU2025790,2024-06-02,2024-06,Personal Loan,Semi-Urban,Gujarat,Disbursed,55000.0,Salaried,5.9,0,16.1,0,46.3,0,11.8,0,16.0,0,96.1,4.0,0
AU2025791,2025-02-18,2025-02,MSME Loan,Semi-Urban,Rajasthan,Rejected,1156000.0,Self-Employed,9.7,1,17.0,0,75.4,1,18.0,1,0.0,0,120.1,5.0,1
AU2025792,2024-01-12,2024-01,Home Loan,Semi-Urban,Gujarat,Disbursed,50000.0,MSME Owner,7.1,0,15.5,0,40.1,0,16.8,1,13.0,0,92.5,3.9,1
AU2025793,2024-11-27,2024-11,MSME Loan,Urban,Punjab,Disbursed,541000.0,Salaried,4.4,0,14.0,0,30.5,0,10.6,0,6.1,0,65.6,2.7,0
AU2025794,2024-12-12,2024-12,Home Loan,Semi-Urban,Gujarat,Pending Documents,137000.0,Salaried,9.3,1,47.8,1,28.4,0,15.4,0,18.8,0,119.7,5.0,1
AU2025795,2025-04-21,2025-04,MSME Loan,Rural,Maharashtra,Pending Documents,307000.0,Farmer,17.1,1,31.8,1,101.1,1,24.8,1,46.9,1,221.7,9.2,1
AU2025796,2024-09-21,2024-09,Vehicle Finance,Urban,Madhya Pradesh,Disbursed,85000.0,Self-Employed,4.4,0,14.0,0,21.0,0,5.1,0,17.3,0,61.8,2.6,0
AU2025797,2024-10-09,2024-10,Home Loan,Urban,Maharashtra,Rejected,579000.0,MSME Owner,2.0,0,19.6,0,26.6,0,7.6,0,0.0,0,55.8,2.3,0
AU2025798,2024-06-18,2024-06,Business Loan,Urban,Maharashtra,Pending Documents,653000.0,Salaried,3.3,0,15.1,0,23.9,0,7.6,0,7.9,0,57.8,2.4,0
AU2025799,2024-08-06,2024-08,Vehicle Finance,Semi-Urban,Karnataka,Disbursed,94000.0,Farmer,5.1,0,17.4,0,37.8,0,13.6,0,19.0,0,92.9,3.9,0
AU2025800,2024-04-28,2024-04,Personal Loan,Rural,Tamil Nadu,Disbursed,186000.0,MSME Owner,13.7,1,27.9,1,41.9,0,16.4,1,33.5,1,133.4,5.6,1
AU2025801,2024-11-18,2024-11,MSME Loan,Semi-Urban,Haryana,Disbursed,93000.0,Farmer,7.5,0,25.6,1,38.4,0,15.3,0,20.4,0,107.2,4.5,1
AU2025802,2024-04-05,2024-04,Business Loan,Rural,Maharashtra,Under Review,351000.0,Self-Employed,9.8,1,35.0,1,96.5,1,0.0,0,0.0,0,141.3,5.9,1
AU2025803,2024-07-21,2024-07,Personal Loan,Semi-Urban,Haryana,Disbursed,1622000.0,Self-Employed,9.3,1,35.7,1,21.5,0,9.6,0,12.3,0,88.4,3.7,1
AU2025804,2025-01-12,2025-01,Home Loan,Urban,Rajasthan,Rejected,1782000.0,MSME Owner,4.2,0,24.0,0,14.1,0,7.3,0,0.0,0,49.6,2.1,0
AU2025805,2025-03-28,2025-03,Vehicle Finance,Rural,Odisha,Under Review,66000.0,MSME Owner,11.8,1,49.8,1,43.0,0,0.0,0,0.0,0,104.6,4.4,1
AU2025806,2024-08-18,2024-08,Personal Loan,Urban,Madhya Pradesh,Disbursed,242000.0,Farmer,2.9,0,11.1,0,24.5,0,9.4,0,6.5,0,54.4,2.3,0
AU2025807,2024-08-07,2024-08,Personal Loan,Semi-Urban,Odisha,Disbursed,346000.0,MSME Owner,7.1,0,15.8,0,44.8,0,11.5,0,23.2,0,102.4,4.3,0
AU2025808,2024-01-03,2024-01,Home Loan,Rural,Haryana,Disbursed,50000.0,MSME Owner,12.6,1,56.8,1,65.1,1,12.9,0,44.5,1,191.9,8.0,1
AU2025809,2024-04-15,2024-04,MSME Loan,Semi-Urban,Madhya Pradesh,Disbursed,894000.0,Self-Employed,10.0,1,14.7,0,55.1,1,16.2,1,26.8,1,122.8,5.1,1
AU2025810,2025-01-20,2025-01,Home Loan,Semi-Urban,Uttar Pradesh,Disbursed,92000.0,Farmer,8.5,1,44.5,1,37.6,0,14.1,0,12.7,0,117.4,4.9,1
AU2025811,2024-10-22,2024-10,Business Loan,Urban,Gujarat,Rejected,184000.0,Salaried,4.8,0,19.1,0,34.8,0,5.1,0,0.0,0,63.8,2.7,0
AU2025812,2025-02-13,2025-02,Business Loan,Semi-Urban,Gujarat,Disbursed,475000.0,Salaried,8.3,1,28.0,1,63.2,1,10.3,0,12.8,0,122.6,5.1,1
AU2025813,2024-04-05,2024-04,Personal Loan,Urban,Karnataka,Rejected,551000.0,MSME Owner,5.7,0,8.9,0,12.3,0,9.6,0,0.0,0,36.5,1.5,0
AU2025814,2024-06-15,2024-06,Business Loan,Semi-Urban,Punjab,Disbursed,59000.0,Self-Employed,9.0,1,16.1,0,72.5,1,14.4,0,26.6,1,138.6,5.8,1
AU2025815,2024-08-22,2024-08,Personal Loan,Semi-Urban,Madhya Pradesh,Disbursed,928000.0,MSME Owner,7.6,0,23.9,0,45.4,0,12.5,0,14.0,0,103.4,4.3,0
AU2025816,2024-05-14,2024-05,Vehicle Finance,Semi-Urban,Gujarat,Disbursed,507000.0,MSME Owner,4.7,0,17.1,0,47.3,0,16.7,1,26.5,1,112.3,4.7,1
AU2025817,2024-09-27,2024-09,Business Loan,Semi-Urban,Tamil Nadu,Rejected,263000.0,Salaried,7.3,0,27.1,1,49.5,1,17.9,1,0.0,0,101.8,4.2,1
AU2025818,2024-11-01,2024-11,MSME Loan,Rural,Punjab,Disbursed,916000.0,Self-Employed,10.5,1,42.3,1,44.6,0,24.4,1,28.1,1,149.9,6.2,1
AU2025819,2024-11-08,2024-11,Business Loan,Rural,Haryana,Rejected,173000.0,MSME Owner,14.2,1,54.2,1,95.3,1,22.8,1,0.0,0,186.5,7.8,1
AU2025820,2024-10-27,2024-10,Personal Loan,Rural,Haryana,Disbursed,84000.0,Self-Employed,14.1,1,59.9,1,70.8,1,29.4,1,28.5,1,202.7,8.4,1
AU2025821,2024-06-27,2024-06,MSME Loan,Semi-Urban,Gujarat,Under Review,293000.0,Salaried,7.0,0,35.2,1,73.3,1,0.0,0,0.0,0,115.5,4.8,1
AU2025822,2025-03-08,2025-03,Personal Loan,Semi-Urban,Punjab,Disbursed,381000.0,Salaried,6.8,0,20.6,0,34.5,0,16.5,1,22.3,0,100.7,4.2,1
AU2025823,2024-11-12,2024-11,Vehicle Finance,Semi-Urban,Tamil Nadu,Disbursed,146000.0,Farmer,6.0,0,18.2,0,40.3,0,12.3,0,25.2,1,102.0,4.2,1
AU2025824,2025-02-20,2025-02,Business Loan,Semi-Urban,Maharashtra,Disbursed,50000.0,MSME Owner,9.8,1,23.1,0,67.1,1,16.4,1,27.4,1,143.8,6.0,1
AU2025825,2025-04-15,2025-04,MSME Loan,Urban,Uttar Pradesh,Rejected,76000.0,Self-Employed,2.1,0,12.0,0,53.8,1,11.4,0,0.0,0,79.3,3.3,1
AU2025826,2024-10-29,2024-10,MSME Loan,Rural,Odisha,Disbursed,233000.0,Self-Employed,16.5,1,55.0,1,83.5,1,28.7,1,33.0,1,216.7,9.0,1
AU2025827,2024-12-10,2024-12,MSME Loan,Semi-Urban,Gujarat,Disbursed,219000.0,Farmer,6.3,0,24.1,1,41.8,0,16.0,0,27.9,1,116.1,4.8,1
AU2025828,2024-06-09,2024-06,Personal Loan,Rural,Maharashtra,Disbursed,83000.0,MSME Owner,8.5,1,43.9,1,38.2,0,14.4,0,41.2,1,146.2,6.1,1
AU2025829,2024-05-02,2024-05,Personal Loan,Urban,Gujarat,Disbursed,166000.0,Self-Employed,4.6,0,8.3,0,17.8,0,7.4,0,10.0,0,48.1,2.0,0
AU2025830,2024-02-29,2024-02,MSME Loan,Rural,Uttar Pradesh,Disbursed,1081000.0,MSME Owner,13.9,1,52.2,1,94.4,1,22.3,1,27.4,1,210.2,8.8,1
AU2025831,2024-07-10,2024-07,Home Loan,Urban,Maharashtra,Rejected,87000.0,MSME Owner,5.3,0,22.3,0,16.6,0,4.8,0,0.0,0,49.0,2.0,0
AU2025832,2024-09-18,2024-09,MSME Loan,Semi-Urban,Maharashtra,Disbursed,2366000.0,MSME Owner,8.4,1,35.2,1,30.9,0,15.0,0,22.5,0,112.0,4.7,1
AU2025833,2024-08-02,2024-08,MSME Loan,Rural,Haryana,Pending Documents,58000.0,Self-Employed,16.3,1,39.4,1,67.6,1,16.6,1,42.5,1,182.4,7.6,1
AU2025834,2024-03-11,2024-03,MSME Loan,Urban,Odisha,Disbursed,438000.0,Farmer,3.0,0,9.1,0,36.2,0,4.7,0,9.1,0,62.1,2.6,0
AU2025835,2024-07-15,2024-07,Personal Loan,Urban,Odisha,Disbursed,973000.0,Farmer,3.1,0,15.1,0,33.6,0,9.4,0,13.4,0,74.6,3.1,0
AU2025836,2024-04-05,2024-04,Home Loan,Rural,Haryana,Under Review,654000.0,Self-Employed,10.8,1,82.9,1,50.0,1,0.0,0,0.0,0,143.7,6.0,1
AU2025837,2024-11-21,2024-11,Business Loan,Rural,Tamil Nadu,Disbursed,372000.0,Farmer,17.5,1,55.8,1,79.2,1,23.6,1,44.1,1,220.2,9.2,1
AU2025838,2024-12-21,2024-12,Home Loan,Semi-Urban,Karnataka,Pending Documents,50000.0,MSME Owner,5.0,0,53.1,1,27.5,0,13.1,0,14.9,0,113.6,4.7,1
AU2025839,2024-10-11,2024-10,Vehicle Finance,Urban,Maharashtra,Disbursed,98000.0,MSME Owner,2.7,0,11.8,0,31.0,0,4.7,0,11.2,0,61.4,2.6,0
AU2025840,2024-09-07,2024-09,Personal Loan,Urban,Maharashtra,Rejected,1841000.0,Salaried,5.3,0,19.5,0,20.4,0,9.9,0,0.0,0,55.1,2.3,0
AU2025841,2024-03-12,2024-03,Personal Loan,Urban,Uttar Pradesh,Disbursed,69000.0,Self-Employed,4.2,0,12.8,0,28.0,0,9.2,0,12.9,0,67.1,2.8,0
AU2025842,2024-06-10,2024-06,Personal Loan,Semi-Urban,Maharashtra,Disbursed,664000.0,Self-Employed,4.1,0,22.5,0,42.6,0,17.4,1,19.2,0,105.8,4.4,1
AU2025843,2024-11-13,2024-11,Personal Loan,Semi-Urban,Tamil Nadu,Disbursed,263000.0,Farmer,7.9,0,28.7,1,32.7,0,12.3,0,24.6,1,106.2,4.4,1
AU2025844,2025-03-19,2025-03,Vehicle Finance,Rural,Rajasthan,Disbursed,333000.0,Salaried,10.5,1,36.7,1,59.5,1,20.9,1,18.9,0,146.5,6.1,1
AU2025845,2025-05-02,2025-05,Vehicle Finance,Semi-Urban,Punjab,Pending Documents,161000.0,Self-Employed,8.3,1,17.3,0,40.8,0,16.7,1,26.3,1,109.4,4.6,1
AU2025846,2024-09-05,2024-09,Personal Loan,Semi-Urban,Rajasthan,Rejected,219000.0,Farmer,6.6,0,35.6,1,19.7,0,16.6,1,0.0,0,78.5,3.3,1
AU2025847,2024-04-09,2024-04,Vehicle Finance,Rural,Maharashtra,Disbursed,106000.0,Farmer,14.9,1,33.3,1,67.3,1,19.7,1,42.4,1,177.6,7.4,1
AU2025848,2025-05-08,2025-05,Business Loan,Rural,Haryana,Disbursed,410000.0,Salaried,12.1,1,30.1,1,34.8,0,15.8,0,34.1,1,126.9,5.3,1
AU2025849,2024-09-15,2024-09,Vehicle Finance,Semi-Urban,Karnataka,Disbursed,97000.0,MSME Owner,8.2,1,20.6,0,44.4,0,15.7,0,22.8,0,111.7,4.7,1
AU2025850,2024-07-28,2024-07,Business Loan,Urban,Tamil Nadu,Under Review,231000.0,Self-Employed,4.6,0,18.4,0,51.3,1,0.0,0,0.0,0,74.3,3.1,1
AU2025851,2024-07-31,2024-07,Personal Loan,Urban,Tamil Nadu,Disbursed,305000.0,Farmer,4.1,0,21.6,0,13.4,0,5.8,0,9.1,0,54.0,2.2,0
AU2025852,2024-09-07,2024-09,Business Loan,Rural,Tamil Nadu,Disbursed,303000.0,Self-Employed,15.3,1,48.6,1,44.1,0,14.6,0,40.7,1,163.3,6.8,1
AU2025853,2024-02-12,2024-02,Home Loan,Urban,Maharashtra,Disbursed,220000.0,Salaried,3.2,0,10.2,0,17.5,0,7.4,0,7.5,0,45.8,1.9,0
AU2025854,2024-01-16,2024-01,Personal Loan,Rural,Odisha,Disbursed,218000.0,MSME Owner,10.0,1,46.3,1,30.2,0,12.0,0,45.9,1,144.4,6.0,1
AU2025855,2024-05-29,2024-05,Vehicle Finance,Rural,Madhya Pradesh,Disbursed,484000.0,Salaried,12.0,1,49.4,1,51.2,1,28.7,1,18.8,0,160.1,6.7,1
AU2025856,2024-05-20,2024-05,Home Loan,Urban,Rajasthan,Disbursed,1741000.0,Salaried,2.8,0,20.6,0,21.8,0,6.5,0,7.8,0,59.5,2.5,0
AU2025857,2024-10-02,2024-10,Personal Loan,Rural,Madhya Pradesh,Pending Documents,5000000.0,Self-Employed,18.0,1,48.3,1,27.3,0,14.1,0,45.5,1,153.2,6.4,1
AU2025858,2024-03-27,2024-03,Vehicle Finance,Rural,Uttar Pradesh,Under Review,137000.0,Salaried,8.7,1,30.8,1,43.7,0,0.0,0,0.0,0,83.2,3.5,1
AU2025859,2024-10-16,2024-10,Business Loan,Urban,Tamil Nadu,Disbursed,248000.0,Self-Employed,4.6,0,23.0,0,20.4,0,4.8,0,16.2,0,69.0,2.9,0
AU2025860,2024-10-08,2024-10,Vehicle Finance,Rural,Tamil Nadu,Disbursed,110000.0,Farmer,15.9,1,51.0,1,25.8,0,26.4,1,22.1,0,141.2,5.9,1
AU2025861,2024-02-27,2024-02,Personal Loan,Semi-Urban,Karnataka,Disbursed,364000.0,MSME Owner,7.6,0,14.6,0,37.7,0,19.1,1,12.9,0,91.9,3.8,1
AU2025862,2024-02-28,2024-02,Vehicle Finance,Urban,Odisha,Disbursed,98000.0,Salaried,5.9,0,18.0,0,24.0,0,7.1,0,12.5,0,67.5,2.8,0
AU2025863,2025-01-31,2025-01,Business Loan,Urban,Uttar Pradesh,Disbursed,61000.0,Salaried,2.7,0,16.9,0,50.6,1,5.2,0,6.4,0,81.8,3.4,1
AU2025864,2025-02-25,2025-02,Personal Loan,Rural,Karnataka,Under Review,579000.0,Self-Employed,17.8,1,34.7,1,35.5,0,0.0,0,0.0,0,88.0,3.7,1
AU2025865,2024-10-04,2024-10,Vehicle Finance,Urban,Punjab,Disbursed,319000.0,Salaried,2.2,0,22.6,0,33.2,0,11.8,0,14.6,0,84.4,3.5,0
AU2025866,2025-01-24,2025-01,Home Loan,Semi-Urban,Rajasthan,Disbursed,139000.0,Farmer,5.0,0,51.0,1,33.7,0,16.6,1,12.0,0,118.3,4.9,1
AU2025867,2024-10-06,2024-10,Business Loan,Rural,Tamil Nadu,Disbursed,101000.0,Salaried,10.0,1,28.6,1,52.1,1,23.6,1,31.7,1,146.0,6.1,1
AU2025868,2024-08-05,2024-08,Vehicle Finance,Urban,Madhya Pradesh,Under Review,132000.0,MSME Owner,4.9,0,22.4,0,17.7,0,0.0,0,0.0,0,45.0,1.9,0
AU2025869,2025-01-11,2025-01,Business Loan,Semi-Urban,Gujarat,Disbursed,221000.0,MSME Owner,7.3,0,31.9,1,38.9,0,18.8,1,28.0,1,124.9,5.2,1
AU2025870,2024-06-01,2024-06,MSME Loan,Rural,Madhya Pradesh,Under Review,64000.0,MSME Owner,15.1,1,59.5,1,77.4,1,0.0,0,0.0,0,152.0,6.3,1
AU2025871,2024-08-18,2024-08,MSME Loan,Urban,Rajasthan,Disbursed,378000.0,Self-Employed,2.7,0,8.4,0,29.8,0,10.9,0,6.5,0,58.3,2.4,0
AU2025872,2024-06-27,2024-06,Business Loan,Rural,Uttar Pradesh,Pending Documents,256000.0,Farmer,8.4,1,50.9,1,85.7,1,16.5,1,33.2,1,194.7,8.1,1
AU2025873,2024-08-12,2024-08,Personal Loan,Rural,Gujarat,Disbursed,355000.0,Self-Employed,9.6,1,31.4,1,71.6,1,25.6,1,46.9,1,185.1,7.7,1
AU2025874,2025-02-01,2025-02,Business Loan,Urban,Gujarat,Disbursed,63000.0,MSME Owner,3.4,0,11.0,0,29.6,0,8.5,0,14.7,0,67.2,2.8,0
AU2025875,2024-04-17,2024-04,Vehicle Finance,Semi-Urban,Madhya Pradesh,Disbursed,262000.0,Farmer,9.6,1,28.4,1,18.5,0,14.4,0,21.3,0,92.2,3.8,1
AU2025876,2024-12-18,2024-12,MSME Loan,Rural,Odisha,Under Review,1056000.0,Self-Employed,11.2,1,40.7,1,45.0,0,0.0,0,0.0,0,96.9,4.0,1
AU2025877,2025-03-16,2025-03,Personal Loan,Urban,Punjab,Disbursed,448000.0,Self-Employed,6.0,0,10.8,0,15.5,0,11.3,0,16.6,0,60.2,2.5,0
AU2025878,2024-11-19,2024-11,Personal Loan,Rural,Odisha,Rejected,259000.0,Farmer,8.4,1,32.4,1,43.0,0,20.1,1,0.0,0,103.9,4.3,1
AU2025879,2024-03-25,2024-03,Vehicle Finance,Urban,Haryana,Disbursed,1526000.0,Self-Employed,5.9,0,17.6,0,27.3,0,9.7,0,15.2,0,75.7,3.2,0
AU2025880,2024-03-12,2024-03,Vehicle Finance,Urban,Odisha,Under Review,732000.0,Farmer,5.2,0,21.3,0,34.8,0,0.0,0,0.0,0,61.3,2.6,0
AU2025881,2025-02-20,2025-02,Vehicle Finance,Urban,Madhya Pradesh,Under Review,703000.0,MSME Owner,4.9,0,24.0,0,18.2,0,0.0,0,0.0,0,47.1,2.0,0
AU2025882,2025-02-16,2025-02,Business Loan,Urban,Madhya Pradesh,Under Review,1002000.0,Self-Employed,2.9,0,13.4,0,31.6,0,0.0,0,0.0,0,47.9,2.0,0
AU2025883,2024-10-18,2024-10,MSME Loan,Rural,Rajasthan,Pending Documents,395000.0,Self-Employed,17.6,1,38.2,1,35.2,0,16.0,0,46.4,1,153.4,6.4,1
AU2025884,2024-09-29,2024-09,Personal Loan,Semi-Urban,Punjab,Disbursed,157000.0,Farmer,7.5,0,33.7,1,38.7,0,19.7,1,19.2,0,118.8,5.0,1
AU2025885,2024-11-01,2024-11,Vehicle Finance,Semi-Urban,Uttar Pradesh,Disbursed,203000.0,MSME Owner,7.9,0,31.2,1,41.6,0,10.3,0,21.7,0,112.7,4.7,1
AU2025886,2024-03-27,2024-03,Personal Loan,Semi-Urban,Karnataka,Rejected,1001000.0,MSME Owner,8.4,1,33.5,1,27.7,0,9.1,0,0.0,0,78.7,3.3,1
AU2025887,2024-12-26,2024-12,MSME Loan,Semi-Urban,Punjab,Rejected,177000.0,Salaried,6.3,0,35.0,1,28.3,0,17.3,1,0.0,0,86.9,3.6,1
AU2025888,2024-05-28,2024-05,Personal Loan,Semi-Urban,Uttar Pradesh,Disbursed,774000.0,Self-Employed,8.7,1,25.9,1,26.6,0,16.8,1,20.6,0,98.6,4.1,1
AU2025889,2024-05-16,2024-05,Personal Loan,Rural,Odisha,Disbursed,833000.0,Farmer,16.8,1,40.0,1,48.4,1,19.5,1,31.5,1,156.2,6.5,1
AU2025890,2025-04-05,2025-04,MSME Loan,Rural,Karnataka,Disbursed,1184000.0,MSME Owner,11.5,1,37.4,1,92.4,1,21.0,1,35.1,1,197.4,8.2,1
AU2025891,2024-03-10,2024-03,Home Loan,Rural,Gujarat,Disbursed,441000.0,Salaried,10.9,1,60.9,1,40.4,0,22.2,1,19.6,0,154.0,6.4,1
AU2025892,2025-04-15,2025-04,Vehicle Finance,Urban,Haryana,Disbursed,50000.0,Farmer,2.7,0,18.9,0,34.2,0,8.3,0,16.5,0,80.6,3.4,0
AU2025893,2024-05-21,2024-05,Personal Loan,Semi-Urban,Rajasthan,Disbursed,139000.0,Salaried,6.7,0,20.9,0,38.1,0,19.3,1,11.5,0,96.5,4.0,1
AU2025894,2024-12-25,2024-12,Business Loan,Semi-Urban,Maharashtra,Disbursed,192000.0,Salaried,8.3,1,33.2,1,51.2,1,15.0,0,12.9,0,120.6,5.0,1
AU2025895,2024-05-07,2024-05,Personal Loan,Urban,Maharashtra,Disbursed,1380000.0,Farmer,4.1,0,11.1,0,18.4,0,7.1,0,13.5,0,54.2,2.3,0
AU2025896,2024-12-30,2024-12,Business Loan,Urban,Maharashtra,Disbursed,218000.0,Salaried,3.0,0,9.5,0,29.8,0,10.2,0,14.6,0,67.1,2.8,0
AU2025897,2025-02-28,2025-02,Vehicle Finance,Rural,Punjab,Disbursed,236000.0,Farmer,12.0,1,38.4,1,43.5,0,13.8,0,47.3,1,155.0,6.5,1
AU2025898,2025-01-24,2025-01,Personal Loan,Urban,Madhya Pradesh,Disbursed,177000.0,Salaried,4.6,0,23.9,0,17.6,0,6.2,0,17.7,0,70.0,2.9,0
AU2025899,2024-09-07,2024-09,Personal Loan,Semi-Urban,Haryana,Disbursed,694000.0,Farmer,9.9,1,31.6,1,27.4,0,12.8,0,14.4,0,96.1,4.0,1
AU2025900,2024-10-22,2024-10,MSME Loan,Rural,Maharashtra,Disbursed,90000.0,Self-Employed,14.3,1,37.9,1,62.3,1,12.0,0,42.1,1,168.6,7.0,1
AU2025901,2024-11-17,2024-11,MSME Loan,Rural,Uttar Pradesh,Rejected,448000.0,Self-Employed,10.7,1,60.0,1,81.4,1,24.3,1,0.0,0,176.4,7.4,1
AU2025902,2024-07-11,2024-07,MSME Loan,Urban,Haryana,Disbursed,596000.0,MSME Owner,3.7,0,13.8,0,46.3,0,9.9,0,13.3,0,87.0,3.6,0
AU2025903,2024-02-08,2024-02,Business Loan,Rural,Tamil Nadu,Disbursed,375000.0,MSME Owner,10.1,1,36.4,1,104.7,1,12.9,0,33.4,1,197.5,8.2,1
AU2025904,2024-07-25,2024-07,Vehicle Finance,Rural,Gujarat,Disbursed,97000.0,Salaried,18.0,1,31.0,1,53.3,1,19.6,1,44.6,1,166.5,6.9,1
AU2025905,2025-01-18,2025-01,Home Loan,Semi-Urban,Karnataka,Disbursed,322000.0,Farmer,6.7,0,51.3,1,32.9,0,16.3,1,11.2,0,118.4,4.9,1
AU2025906,2024-12-21,2024-12,Home Loan,Urban,Uttar Pradesh,Disbursed,146000.0,Farmer,3.5,0,28.8,1,14.0,0,8.7,0,11.8,0,66.8,2.8,1
AU2025907,2024-08-20,2024-08,MSME Loan,Rural,Punjab,Disbursed,88000.0,MSME Owner,9.9,1,44.2,1,39.1,0,18.3,1,24.8,1,136.3,5.7,1
AU2025908,2024-06-16,2024-06,Home Loan,Semi-Urban,Tamil Nadu,Rejected,103000.0,MSME Owner,9.0,1,50.2,1,35.2,0,17.0,1,0.0,0,111.4,4.6,1
AU2025909,2024-01-02,2024-01,Personal Loan,Urban,Odisha,Disbursed,278000.0,Salaried,3.9,0,24.0,0,22.3,0,9.8,0,14.3,0,74.3,3.1,0
AU2025910,2025-01-09,2025-01,Personal Loan,Urban,Gujarat,Disbursed,634000.0,Self-Employed,4.8,0,17.6,0,13.3,0,4.6,0,6.2,0,46.5,1.9,0
AU2025911,2024-11-21,2024-11,Business Loan,Semi-Urban,Tamil Nadu,Disbursed,197000.0,Self-Employed,5.7,0,31.1,1,65.7,1,17.3,1,19.4,0,139.2,5.8,1
AU2025912,2025-03-11,2025-03,Business Loan,Rural,Punjab,Disbursed,103000.0,MSME Owner,14.9,1,47.5,1,67.1,1,13.8,0,45.3,1,188.6,7.9,1
AU2025913,2025-02-11,2025-02,Vehicle Finance,Semi-Urban,Gujarat,Disbursed,142000.0,Salaried,4.8,0,21.7,0,24.8,0,10.9,0,26.1,1,88.3,3.7,1
AU2025914,2024-07-22,2024-07,Vehicle Finance,Semi-Urban,Karnataka,Rejected,373000.0,Salaried,5.8,0,23.6,0,38.7,0,10.9,0,0.0,0,79.0,3.3,0
AU2025915,2025-05-10,2025-05,Home Loan,Semi-Urban,Madhya Pradesh,Under Review,989000.0,Farmer,6.8,0,52.9,1,20.3,0,0.0,0,0.0,0,80.0,3.3,1
AU2025916,2025-02-26,2025-02,Vehicle Finance,Semi-Urban,Haryana,Disbursed,254000.0,Farmer,9.2,1,28.2,1,37.9,0,15.2,0,13.7,0,104.2,4.3,1
AU2025917,2024-09-10,2024-09,Business Loan,Semi-Urban,Madhya Pradesh,Disbursed,252000.0,Salaried,9.7,1,32.3,1,38.3,0,15.4,0,26.6,1,122.3,5.1,1
AU2025918,2024-06-14,2024-06,Personal Loan,Semi-Urban,Uttar Pradesh,Disbursed,967000.0,Self-Employed,4.4,0,13.6,0,19.3,0,12.9,0,22.9,0,73.1,3.0,0
AU2025919,2024-06-21,2024-06,Personal Loan,Semi-Urban,Uttar Pradesh,Rejected,190000.0,Salaried,7.6,0,28.4,1,32.0,0,12.0,0,0.0,0,80.0,3.3,1
AU2025920,2024-10-22,2024-10,MSME Loan,Semi-Urban,Karnataka,Disbursed,111000.0,Self-Employed,6.0,0,14.9,0,48.8,1,8.0,0,17.2,0,94.9,4.0,1
AU2025921,2024-10-16,2024-10,Personal Loan,Urban,Maharashtra,Under Review,249000.0,Farmer,2.8,0,16.6,0,18.7,0,0.0,0,0.0,0,38.1,1.6,0
AU2025922,2025-02-07,2025-02,Business Loan,Semi-Urban,Tamil Nadu,Disbursed,263000.0,Self-Employed,7.0,0,22.5,0,45.0,0,14.0,0,19.5,0,108.0,4.5,0
AU2025923,2025-04-02,2025-04,Home Loan,Semi-Urban,Punjab,Disbursed,2705000.0,Self-Employed,6.2,0,35.9,1,31.6,0,18.7,1,22.5,0,114.9,4.8,1
AU2025924,2024-01-24,2024-01,MSME Loan,Semi-Urban,Rajasthan,Pending Documents,397000.0,Salaried,4.3,0,25.9,1,75.2,1,13.0,0,13.8,0,132.2,5.5,1
AU2025925,2024-11-16,2024-11,Vehicle Finance,Semi-Urban,Gujarat,Disbursed,301000.0,MSME Owner,9.9,1,33.5,1,26.7,0,11.9,0,16.7,0,98.7,4.1,1
AU2025926,2024-01-09,2024-01,Business Loan,Urban,Tamil Nadu,Rejected,703000.0,Farmer,2.1,0,23.8,0,45.1,0,8.2,0,0.0,0,79.2,3.3,0
AU2025927,2025-04-20,2025-04,Vehicle Finance,Urban,Gujarat,Disbursed,191000.0,Salaried,4.5,0,12.4,0,12.4,0,8.4,0,12.9,0,50.6,2.1,0
AU2025928,2024-08-13,2024-08,Business Loan,Urban,Maharashtra,Under Review,99000.0,Self-Employed,4.0,0,9.0,0,40.9,0,0.0,0,0.0,0,53.9,2.2,0
AU2025929,2024-01-01,2024-01,Personal Loan,Rural,Tamil Nadu,Disbursed,358000.0,Farmer,8.7,1,41.5,1,52.7,1,16.5,1,41.1,1,160.5,6.7,1
AU2025930,2024-04-13,2024-04,Vehicle Finance,Urban,Haryana,Disbursed,57000.0,Farmer,5.6,0,12.7,0,25.0,0,6.5,0,15.3,0,65.1,2.7,0
AU2025931,2025-03-27,2025-03,MSME Loan,Urban,Maharashtra,Under Review,257000.0,Self-Employed,3.6,0,23.0,0,36.9,0,0.0,0,0.0,0,63.5,2.6,0
AU2025932,2024-03-22,2024-03,Business Loan,Urban,Uttar Pradesh,Pending Documents,766000.0,Salaried,4.2,0,23.5,0,29.1,0,5.3,0,12.1,0,74.2,3.1,0
AU2025933,2024-02-17,2024-02,Business Loan,Urban,Uttar Pradesh,Under Review,476000.0,Farmer,4.3,0,20.4,0,51.2,1,0.0,0,0.0,0,75.9,3.2,1
AU2025934,2024-05-08,2024-05,Personal Loan,Urban,Punjab,Disbursed,103000.0,Salaried,2.3,0,16.5,0,18.6,0,10.4,0,6.1,0,53.9,2.2,0
AU2025935,2024-07-09,2024-07,MSME Loan,Rural,Gujarat,Rejected,50000.0,MSME Owner,17.3,1,31.5,1,114.6,1,25.9,1,0.0,0,189.3,7.9,1
AU2025936,2024-01-27,2024-01,Business Loan,Semi-Urban,Maharashtra,Rejected,1378000.0,Salaried,6.1,0,22.4,0,38.3,0,10.1,0,0.0,0,76.9,3.2,0
AU2025937,2024-11-16,2024-11,Business Loan,Semi-Urban,Haryana,Disbursed,701000.0,Farmer,8.6,1,29.5,1,33.8,0,15.2,0,19.5,0,106.6,4.4,1
AU2025938,2025-01-06,2025-01,MSME Loan,Semi-Urban,Uttar Pradesh,Disbursed,221000.0,Salaried,8.1,1,14.4,0,30.9,0,16.9,1,14.9,0,85.2,3.6,1
AU2025939,2024-08-07,2024-08,Vehicle Finance,Rural,Madhya Pradesh,Disbursed,328000.0,Salaried,9.1,1,28.7,1,27.0,0,13.6,0,31.0,1,109.4,4.6,1
AU2025940,2024-12-26,2024-12,Business Loan,Semi-Urban,Gujarat,Under Review,320000.0,Salaried,8.3,1,20.7,0,29.4,0,0.0,0,0.0,0,58.4,2.4,1
AU2025941,2024-01-01,2024-01,Personal Loan,Rural,Gujarat,Under Review,1373000.0,Salaried,11.5,1,44.9,1,59.2,1,0.0,0,0.0,0,115.6,4.8,1
AU2025942,2024-09-01,2024-09,MSME Loan,Urban,Madhya Pradesh,Under Review,111000.0,MSME Owner,5.2,0,12.0,0,45.4,0,0.0,0,0.0,0,62.6,2.6,0
AU2025943,2024-03-08,2024-03,Personal Loan,Urban,Gujarat,Disbursed,636000.0,Farmer,5.3,0,15.0,0,24.9,0,6.2,0,8.0,0,59.4,2.5,0
AU2025944,2024-04-25,2024-04,Vehicle Finance,Semi-Urban,Odisha,Disbursed,307000.0,Self-Employed,4.8,0,35.9,1,41.2,0,18.5,1,17.5,0,117.9,4.9,1
AU2025945,2024-12-14,2024-12,Vehicle Finance,Semi-Urban,Karnataka,Disbursed,480000.0,MSME Owner,9.4,1,15.9,0,20.6,0,16.9,1,14.9,0,77.7,3.2,1
AU2025946,2024-01-05,2024-01,Vehicle Finance,Semi-Urban,Tamil Nadu,Disbursed,338000.0,Farmer,8.6,1,32.8,1,18.6,0,10.9,0,11.6,0,82.5,3.4,1
AU2025947,2024-12-22,2024-12,Business Loan,Rural,Rajasthan,Disbursed,1151000.0,MSME Owner,11.3,1,36.2,1,106.4,1,19.7,1,41.7,1,215.3,9.0,1
AU2025948,2025-02-22,2025-02,Personal Loan,Rural,Punjab,Disbursed,195000.0,Self-Employed,17.0,1,55.6,1,26.2,0,17.5,1,31.3,1,147.6,6.1,1
AU2025949,2025-03-16,2025-03,Personal Loan,Semi-Urban,Gujarat,Disbursed,328000.0,Salaried,8.0,0,23.6,0,40.2,0,19.5,1,12.1,0,103.4,4.3,1
AU2025950,2024-12-21,2024-12,Home Loan,Urban,Haryana,Disbursed,77000.0,Farmer,5.0,0,35.3,1,26.4,0,5.9,0,9.9,0,82.5,3.4,1
AU2025951,2024-09-01,2024-09,Business Loan,Urban,Maharashtra,Rejected,65000.0,Self-Employed,3.5,0,10.4,0,16.9,0,5.8,0,0.0,0,36.6,1.5,0
AU2025952,2024-04-27,2024-04,Home Loan,Urban,Gujarat,Rejected,127000.0,MSME Owner,4.3,0,16.1,0,33.5,0,4.4,0,0.0,0,58.3,2.4,0
AU2025953,2024-02-15,2024-02,Home Loan,Semi-Urban,Haryana,Disbursed,220000.0,Salaried,9.1,1,27.2,1,23.9,0,14.2,0,26.4,1,100.8,4.2,1
AU2025954,2024-02-22,2024-02,Personal Loan,Rural,Gujarat,Disbursed,1507000.0,Farmer,10.3,1,29.2,1,67.8,1,24.0,1,31.1,1,162.4,6.8,1
AU2025955,2024-07-07,2024-07,Vehicle Finance,Semi-Urban,Punjab,Rejected,158000.0,Farmer,6.6,0,19.0,0,37.2,0,13.0,0,0.0,0,75.8,3.2,0
AU2025956,2024-03-11,2024-03,Business Loan,Urban,Uttar Pradesh,Disbursed,795000.0,Self-Employed,2.7,0,14.6,0,48.2,1,7.3,0,14.4,0,87.2,3.6,1
AU2025957,2025-01-31,2025-01,Vehicle Finance,Urban,Haryana,Rejected,536000.0,Salaried,4.1,0,11.3,0,13.6,0,8.0,0,0.0,0,37.0,1.5,0
AU2025958,2024-11-24,2024-11,Home Loan,Semi-Urban,Maharashtra,Rejected,1862000.0,Self-Employed,6.5,0,38.3,1,46.4,0,10.3,0,0.0,0,101.5,4.2,1
AU2025959,2024-02-05,2024-02,Personal Loan,Urban,Maharashtra,Disbursed,71000.0,Self-Employed,2.5,0,22.1,0,31.9,0,9.2,0,11.5,0,77.2,3.2,0
AU2025960,2024-10-15,2024-10,MSME Loan,Rural,Karnataka,Disbursed,509000.0,Self-Employed,11.3,1,40.6,1,39.4,0,18.4,1,38.9,1,148.6,6.2,1
AU2025961,2024-11-08,2024-11,MSME Loan,Rural,Rajasthan,Disbursed,1850000.0,Self-Employed,9.9,1,49.0,1,38.8,0,17.1,1,38.1,1,152.9,6.4,1
AU2025962,2024-08-13,2024-08,Business Loan,Urban,Maharashtra,Under Review,172000.0,Salaried,3.0,0,10.8,0,47.7,0,0.0,0,0.0,0,61.5,2.6,0
AU2025963,2025-01-04,2025-01,Personal Loan,Semi-Urban,Punjab,Rejected,221000.0,MSME Owner,7.6,0,34.2,1,24.9,0,13.9,0,0.0,0,80.6,3.4,1
AU2025964,2024-11-17,2024-11,Personal Loan,Urban,Madhya Pradesh,Disbursed,60000.0,Salaried,3.8,0,17.8,0,18.0,0,6.4,0,13.4,0,59.4,2.5,0
AU2025965,2025-04-15,2025-04,MSME Loan,Semi-Urban,Maharashtra,Rejected,613000.0,Self-Employed,5.6,0,22.9,0,66.2,1,13.5,0,0.0,0,108.2,4.5,1
AU2025966,2024-11-11,2024-11,MSME Loan,Urban,Haryana,Disbursed,184000.0,Salaried,5.5,0,8.4,0,28.9,0,5.5,0,17.2,0,65.5,2.7,0
AU2025967,2025-03-16,2025-03,Home Loan,Rural,Tamil Nadu,Pending Documents,85000.0,Self-Employed,10.3,1,42.4,1,34.7,0,24.8,1,19.2,0,131.4,5.5,1
AU2025968,2024-02-14,2024-02,Personal Loan,Semi-Urban,Madhya Pradesh,Disbursed,76000.0,MSME Owner,7.2,0,14.5,0,41.9,0,19.4,1,11.1,0,94.1,3.9,1
AU2025969,2024-03-12,2024-03,Business Loan,Semi-Urban,Gujarat,Disbursed,1361000.0,Farmer,5.7,0,30.8,1,59.2,1,15.2,0,13.5,0,124.4,5.2,1
AU2025970,2024-10-28,2024-10,Personal Loan,Urban,Gujarat,Disbursed,813000.0,Self-Employed,5.0,0,15.0,0,30.8,0,11.8,0,8.9,0,71.5,3.0,0
AU2025971,2024-06-28,2024-06,MSME Loan,Semi-Urban,Haryana,Under Review,160000.0,MSME Owner,6.5,0,17.5,0,28.6,0,0.0,0,0.0,0,52.6,2.2,0
AU2025972,2024-06-10,2024-06,Home Loan,Urban,Haryana,Under Review,116000.0,Salaried,2.5,0,32.8,1,32.1,0,0.0,0,0.0,0,67.4,2.8,1
AU2025973,2024-05-06,2024-05,Home Loan,Rural,Maharashtra,Rejected,755000.0,Self-Employed,10.4,1,62.0,1,35.2,0,26.5,1,0.0,0,134.1,5.6,1
AU2025974,2024-11-26,2024-11,MSME Loan,Urban,Uttar Pradesh,Under Review,126000.0,Self-Employed,2.3,0,23.2,0,39.5,0,0.0,0,0.0,0,65.0,2.7,0
AU2025975,2024-05-07,2024-05,MSME Loan,Semi-Urban,Gujarat,Pending Documents,50000.0,Salaried,4.7,0,26.3,1,43.1,0,13.6,0,15.9,0,103.6,4.3,1
AU2025976,2024-11-03,2024-11,Business Loan,Rural,Karnataka,Disbursed,95000.0,Salaried,16.4,1,25.0,1,51.9,1,28.3,1,37.2,1,158.8,6.6,1
AU2025977,2025-01-04,2025-01,Personal Loan,Urban,Odisha,Under Review,99000.0,Farmer,3.0,0,14.7,0,32.0,0,0.0,0,0.0,0,49.7,2.1,0
AU2025978,2024-05-25,2024-05,Vehicle Finance,Rural,Odisha,Disbursed,458000.0,Self-Employed,16.5,1,26.9,1,64.5,1,17.3,1,37.6,1,162.8,6.8,1
AU2025979,2025-03-10,2025-03,Personal Loan,Semi-Urban,Rajasthan,Rejected,111000.0,Self-Employed,5.3,0,24.9,1,43.0,0,11.9,0,0.0,0,85.1,3.5,1
AU2025980,2024-04-15,2024-04,Business Loan,Rural,Uttar Pradesh,Disbursed,120000.0,Farmer,14.1,1,42.0,1,64.3,1,28.2,1,25.3,1,173.9,7.2,1
AU2025981,2024-11-06,2024-11,Business Loan,Urban,Karnataka,Rejected,412000.0,Self-Employed,4.4,0,11.5,0,42.7,0,10.1,0,0.0,0,68.7,2.9,0
AU2025982,2024-04-06,2024-04,MSME Loan,Urban,Karnataka,Rejected,285000.0,Farmer,5.9,0,12.5,0,34.1,0,4.5,0,0.0,0,57.0,2.4,0
AU2025983,2024-05-31,2024-05,Vehicle Finance,Urban,Haryana,Disbursed,154000.0,Farmer,4.1,0,12.5,0,20.4,0,6.2,0,13.2,0,56.4,2.4,0
AU2025984,2025-02-05,2025-02,MSME Loan,Rural,Rajasthan,Disbursed,195000.0,Salaried,17.8,1,34.9,1,59.5,1,29.8,1,22.0,0,164.0,6.8,1
AU2025985,2024-09-10,2024-09,Home Loan,Rural,Madhya Pradesh,Disbursed,1038000.0,Salaried,11.8,1,37.6,1,44.0,0,26.2,1,31.2,1,150.8,6.3,1
AU2025986,2024-02-27,2024-02,Business Loan,Semi-Urban,Haryana,Disbursed,166000.0,MSME Owner,7.4,0,19.2,0,40.1,0,12.3,0,21.2,0,100.2,4.2,0
AU2025987,2024-09-12,2024-09,Personal Loan,Rural,Madhya Pradesh,Disbursed,655000.0,Farmer,8.5,1,36.3,1,25.1,0,16.9,1,43.9,1,130.7,5.4,1
AU2025988,2024-02-06,2024-02,Personal Loan,Semi-Urban,Odisha,Disbursed,967000.0,Self-Employed,8.4,1,20.4,0,46.3,0,16.5,1,17.6,0,109.2,4.5,1
AU2025989,2025-03-31,2025-03,Business Loan,Rural,Karnataka,Disbursed,196000.0,MSME Owner,12.2,1,32.1,1,92.3,1,22.9,1,33.0,1,192.5,8.0,1
AU2025990,2024-07-03,2024-07,Vehicle Finance,Urban,Rajasthan,Rejected,101000.0,MSME Owner,4.4,0,16.8,0,34.2,0,8.3,0,0.0,0,63.7,2.7,0
AU2025991,2024-03-08,2024-03,Personal Loan,Urban,Punjab,Disbursed,50000.0,Farmer,3.6,0,15.5,0,32.3,0,8.9,0,13.3,0,73.6,3.1,0
AU2025992,2025-03-16,2025-03,Business Loan,Rural,Haryana,Disbursed,98000.0,MSME Owner,10.2,1,48.4,1,40.5,0,14.6,0,33.3,1,147.0,6.1,1
AU2025993,2024-08-03,2024-08,MSME Loan,Rural,Odisha,Pending Documents,91000.0,MSME Owner,14.8,1,46.5,1,84.1,1,14.6,0,34.3,1,194.3,8.1,1
AU2025994,2024-10-06,2024-10,Business Loan,Semi-Urban,Punjab,Disbursed,185000.0,Salaried,9.9,1,14.8,0,38.2,0,18.7,1,18.7,0,100.3,4.2,1
AU2025995,2025-01-25,2025-01,Personal Loan,Urban,Maharashtra,Disbursed,100000.0,Salaried,2.2,0,15.0,0,31.4,0,8.7,0,13.3,0,70.6,2.9,0
AU2025996,2025-05-03,2025-05,Personal Loan,Urban,Tamil Nadu,Under Review,1064000.0,Salaried,3.4,0,20.0,0,30.8,0,0.0,0,0.0,0,54.2,2.3,0
AU2025997,2024-01-09,2024-01,Personal Loan,Urban,Gujarat,Disbursed,251000.0,MSME Owner,5.8,0,14.5,0,12.6,0,8.8,0,9.5,0,51.2,2.1,0
AU2025998,2024-02-04,2024-02,Business Loan,Semi-Urban,Odisha,Disbursed,50000.0,MSME Owner,7.9,0,16.4,0,35.5,0,11.0,0,13.2,0,84.0,3.5,0
AU2025999,2024-05-14,2024-05,Home Loan,Rural,Rajasthan,Rejected,152000.0,Self-Employed,12.1,1,49.4,1,67.7,1,29.4,1,0.0,0,158.6,6.6,1
AU2026000,2024-01-21,2024-01,Business Loan,Rural,Madhya Pradesh,Disbursed,557000.0,Salaried,17.8,1,59.5,1,109.8,1,20.9,1,25.4,1,233.4,9.7,1
AU2026001,2025-04-30,2025-04,Vehicle Finance,Semi-Urban,Rajasthan,Disbursed,493000.0,Self-Employed,8.0,0,13.7,0,28.0,0,8.2,0,23.5,0,81.4,3.4,0
AU2026002,2024-09-16,2024-09,Vehicle Finance,Urban,Haryana,Pending Documents,288000.0,MSME Owner,5.2,0,8.5,0,33.8,0,11.3,0,12.7,0,71.5,3.0,0
AU2026003,2024-11-17,2024-11,Vehicle Finance,Urban,Uttar Pradesh,Disbursed,186000.0,Self-Employed,5.1,0,14.5,0,28.4,0,4.8,0,7.6,0,60.4,2.5,0
AU2026004,2025-01-27,2025-01,Personal Loan,Urban,Karnataka,Disbursed,455000.0,Self-Employed,4.7,0,13.4,0,20.7,0,6.5,0,14.5,0,59.8,2.5,0
AU2026005,2024-08-04,2024-08,Personal Loan,Urban,Haryana,Disbursed,1093000.0,Farmer,4.4,0,20.5,0,28.1,0,8.0,0,14.6,0,75.6,3.1,0
AU2026006,2024-02-12,2024-02,MSME Loan,Urban,Haryana,Disbursed,202000.0,Farmer,3.4,0,14.0,0,51.3,1,8.1,0,12.4,0,89.2,3.7,1
AU2026007,2024-10-02,2024-10,MSME Loan,Semi-Urban,Karnataka,Rejected,52000.0,Salaried,5.1,0,21.7,0,50.2,1,19.6,1,0.0,0,96.6,4.0,1
AU2026008,2024-03-19,2024-03,MSME Loan,Urban,Odisha,Pending Documents,100000.0,MSME Owner,2.1,0,10.3,0,50.0,1,9.2,0,10.4,0,82.0,3.4,1
AU2026009,2024-02-12,2024-02,Vehicle Finance,Rural,Uttar Pradesh,Disbursed,1540000.0,Self-Employed,9.2,1,34.6,1,71.0,1,19.9,1,32.2,1,166.9,7.0,1
AU2026010,2024-02-10,2024-02,Vehicle Finance,Rural,Uttar Pradesh,Disbursed,101000.0,Salaried,17.3,1,58.2,1,69.6,1,29.0,1,42.5,1,216.6,9.0,1
AU2026011,2025-04-16,2025-04,Home Loan,Rural,Karnataka,Disbursed,1493000.0,Salaried,11.9,1,88.3,1,40.9,0,27.6,1,20.8,0,189.5,7.9,1
AU2026012,2025-05-13,2025-05,Business Loan,Urban,Madhya Pradesh,Disbursed,219000.0,MSME Owner,2.3,0,12.8,0,16.4,0,9.6,0,13.4,0,54.5,2.3,0
AU2026013,2024-10-01,2024-10,Vehicle Finance,Urban,Maharashtra,Disbursed,208000.0,MSME Owner,5.2,0,10.2,0,23.7,0,6.0,0,8.0,0,53.1,2.2,0
AU2026014,2024-07-19,2024-07,Home Loan,Semi-Urban,Punjab,Disbursed,3045000.0,Self-Employed,4.5,0,30.6,1,35.8,0,11.4,0,25.3,1,107.6,4.5,1
AU2026015,2024-11-20,2024-11,Personal Loan,Urban,Odisha,Disbursed,122000.0,Self-Employed,2.2,0,12.4,0,21.6,0,7.8,0,12.5,0,56.5,2.4,0
AU2026016,2024-06-07,2024-06,Business Loan,Semi-Urban,Gujarat,Disbursed,742000.0,Self-Employed,6.0,0,34.7,1,68.1,1,19.8,1,22.5,0,151.1,6.3,1
AU2026017,2025-01-08,2025-01,Business Loan,Urban,Haryana,Rejected,152000.0,Farmer,4.5,0,22.1,0,29.5,0,7.3,0,0.0,0,63.4,2.6,0
AU2026018,2024-01-30,2024-01,Home Loan,Rural,Madhya Pradesh,Rejected,1403000.0,Farmer,13.5,1,46.1,1,44.9,0,21.3,1,0.0,0,125.8,5.2,1
AU2026019,2024-02-14,2024-02,Home Loan,Urban,Madhya Pradesh,Disbursed,50000.0,MSME Owner,3.9,0,31.9,1,20.2,0,11.7,0,8.5,0,76.2,3.2,1
AU2026020,2024-02-29,2024-02,Personal Loan,Rural,Haryana,Rejected,544000.0,Self-Employed,12.7,1,40.2,1,40.1,0,21.6,1,0.0,0,114.6,4.8,1
AU2026021,2024-11-09,2024-11,Personal Loan,Urban,Tamil Nadu,Disbursed,269000.0,Farmer,4.4,0,20.2,0,35.0,0,9.2,0,17.8,0,86.6,3.6,0
AU2026022,2024-01-29,2024-01,Business Loan,Urban,Odisha,Disbursed,772000.0,Self-Employed,3.2,0,19.9,0,36.7,0,5.3,0,12.9,0,78.0,3.2,0
AU2026023,2024-12-07,2024-12,MSME Loan,Rural,Uttar Pradesh,Disbursed,248000.0,Self-Employed,8.9,1,40.9,1,94.7,1,18.5,1,25.1,1,188.1,7.8,1
AU2026024,2024-03-02,2024-03,MSME Loan,Rural,Maharashtra,Disbursed,351000.0,Salaried,16.4,1,59.7,1,63.0,1,20.2,1,39.4,1,198.7,8.3,1
AU2026025,2024-12-28,2024-12,MSME Loan,Rural,Rajasthan,Disbursed,107000.0,Salaried,15.5,1,48.8,1,43.9,0,21.0,1,41.4,1,170.6,7.1,1
AU2026026,2024-12-25,2024-12,Personal Loan,Rural,Maharashtra,Disbursed,483000.0,Salaried,15.2,1,52.2,1,68.8,1,18.6,1,38.6,1,193.4,8.1,1
AU2026027,2024-03-24,2024-03,Vehicle Finance,Semi-Urban,Rajasthan,Under Review,1122000.0,Salaried,5.7,0,24.9,1,23.3,0,0.0,0,0.0,0,53.9,2.2,1
AU2026028,2025-05-02,2025-05,Vehicle Finance,Rural,Tamil Nadu,Disbursed,94000.0,MSME Owner,12.8,1,34.9,1,46.5,0,15.8,0,45.8,1,155.8,6.5,1
AU2026029,2024-09-24,2024-09,Personal Loan,Rural,Punjab,Disbursed,181000.0,Self-Employed,11.0,1,58.8,1,37.5,0,22.6,1,47.8,1,177.7,7.4,1
AU2026030,2025-02-04,2025-02,MSME Loan,Semi-Urban,Karnataka,Pending Documents,93000.0,Self-Employed,6.0,0,20.3,0,63.8,1,15.0,0,10.7,0,115.8,4.8,1
AU2026031,2024-03-26,2024-03,MSME Loan,Urban,Uttar Pradesh,Pending Documents,559000.0,Farmer,5.8,0,21.0,0,25.0,0,8.3,0,8.7,0,68.8,2.9,0
AU2026032,2024-03-05,2024-03,Business Loan,Semi-Urban,Punjab,Disbursed,376000.0,Self-Employed,9.3,1,28.5,1,39.2,0,13.4,0,17.7,0,108.1,4.5,1
AU2026033,2025-01-10,2025-01,MSME Loan,Urban,Uttar Pradesh,Disbursed,50000.0,Farmer,5.6,0,21.9,0,37.0,0,9.3,0,12.8,0,86.6,3.6,0
AU2026034,2025-01-29,2025-01,Personal Loan,Semi-Urban,Gujarat,Disbursed,460000.0,Salaried,9.6,1,18.0,0,27.4,0,15.5,0,23.7,0,94.2,3.9,1
AU2026035,2024-06-20,2024-06,Vehicle Finance,Rural,Rajasthan,Disbursed,216000.0,Farmer,10.0,1,55.8,1,43.2,0,27.0,1,38.1,1,174.1,7.3,1
AU2026036,2024-05-19,2024-05,Personal Loan,Rural,Haryana,Disbursed,587000.0,Salaried,10.2,1,42.1,1,63.9,1,14.7,0,34.4,1,165.3,6.9,1
AU2026037,2024-02-02,2024-02,Home Loan,Rural,Karnataka,Pending Documents,142000.0,MSME Owner,14.5,1,56.6,1,29.4,0,24.8,1,47.8,1,173.1,7.2,1
AU2026038,2024-12-30,2024-12,Home Loan,Urban,Uttar Pradesh,Disbursed,1466000.0,MSME Owner,4.2,0,15.8,0,34.6,0,9.6,0,8.8,0,73.0,3.0,0
AU2026039,2024-11-17,2024-11,Business Loan,Rural,Odisha,Under Review,749000.0,Self-Employed,8.4,1,25.7,1,56.3,1,0.0,0,0.0,0,90.4,3.8,1
AU2026040,2024-09-11,2024-09,Vehicle Finance,Semi-Urban,Gujarat,Disbursed,197000.0,Salaried,4.5,0,27.4,1,42.5,0,17.0,1,24.7,1,116.1,4.8,1
AU2026041,2024-09-18,2024-09,Home Loan,Semi-Urban,Tamil Nadu,Disbursed,112000.0,Farmer,5.1,0,23.4,0,26.7,0,19.7,1,27.8,1,102.7,4.3,1
AU2026042,2024-01-29,2024-01,Home Loan,Semi-Urban,Punjab,Disbursed,228000.0,Salaried,9.1,1,20.8,0,46.4,0,14.1,0,26.7,1,117.1,4.9,1
AU2026043,2025-03-15,2025-03,Business Loan,Semi-Urban,Tamil Nadu,Disbursed,400000.0,Self-Employed,7.0,0,35.2,1,60.3,1,11.0,0,26.4,1,139.9,5.8,1
AU2026044,2024-03-26,2024-03,Business Loan,Urban,Odisha,Disbursed,194000.0,Salaried,5.7,0,20.9,0,21.8,0,10.2,0,17.0,0,75.6,3.1,0
AU2026045,2024-03-21,2024-03,Personal Loan,Rural,Punjab,Disbursed,492000.0,MSME Owner,12.9,1,49.1,1,25.6,0,25.7,1,19.0,0,132.3,5.5,1
AU2026046,2025-01-30,2025-01,Vehicle Finance,Urban,Uttar Pradesh,Under Review,160000.0,Self-Employed,5.1,0,15.7,0,30.9,0,0.0,0,0.0,0,51.7,2.2,0
AU2026047,2025-04-02,2025-04,Vehicle Finance,Rural,Gujarat,Disbursed,50000.0,Salaried,9.6,1,47.1,1,43.2,0,26.9,1,20.2,0,147.0,6.1,1
AU2026048,2024-12-11,2024-12,Personal Loan,Urban,Odisha,Disbursed,117000.0,Farmer,3.4,0,19.4,0,24.6,0,5.8,0,16.2,0,69.4,2.9,0
AU2026049,2024-04-26,2024-04,MSME Loan,Urban,Gujarat,Disbursed,404000.0,Salaried,4.8,0,12.9,0,50.6,1,5.7,0,6.2,0,80.2,3.3,1
AU2026050,2024-01-02,2024-01,Business Loan,Urban,Karnataka,Disbursed,543000.0,Salaried,4.8,0,17.3,0,56.4,1,12.0,0,16.4,0,106.9,4.5,1
AU2026051,2025-03-15,2025-03,Home Loan,Urban,Rajasthan,Rejected,121000.0,Farmer,2.1,0,24.0,0,17.2,0,8.5,0,0.0,0,51.8,2.2,0
AU2026052,2024-05-05,2024-05,Vehicle Finance,Semi-Urban,Rajasthan,Pending Documents,983000.0,Salaried,6.6,0,23.3,0,26.4,0,12.6,0,20.8,0,89.7,3.7,0
AU2026053,2024-08-29,2024-08,Vehicle Finance,Semi-Urban,Rajasthan,Disbursed,326000.0,Salaried,7.7,0,15.2,0,25.6,0,8.5,0,11.3,0,68.3,2.8,0
AU2026054,2024-07-15,2024-07,Personal Loan,Urban,Punjab,Disbursed,154000.0,Self-Employed,5.7,0,20.7,0,19.3,0,11.4,0,10.0,0,67.1,2.8,0
AU2026055,2024-04-01,2024-04,Personal Loan,Rural,Maharashtra,Under Review,326000.0,Self-Employed,14.7,1,48.2,1,33.3,0,0.0,0,0.0,0,96.2,4.0,1
AU2026056,2024-10-10,2024-10,MSME Loan,Urban,Rajasthan,Rejected,258000.0,Self-Employed,4.7,0,8.9,0,33.2,0,8.7,0,0.0,0,55.5,2.3,0
AU2026057,2024-04-24,2024-04,Personal Loan,Semi-Urban,Haryana,Disbursed,125000.0,Salaried,7.2,0,33.9,1,18.5,0,15.7,0,11.3,0,86.6,3.6,1
AU2026058,2024-05-07,2024-05,Personal Loan,Urban,Punjab,Disbursed,134000.0,Self-Employed,3.6,0,11.7,0,24.3,0,10.4,0,16.0,0,66.0,2.8,0
AU2026059,2025-04-13,2025-04,MSME Loan,Urban,Haryana,Rejected,705000.0,Salaried,5.0,0,23.2,0,16.6,0,7.5,0,0.0,0,52.3,2.2,0
AU2026060,2024-05-18,2024-05,Home Loan,Urban,Punjab,Pending Documents,79000.0,Salaried,5.1,0,12.1,0,15.4,0,8.6,0,13.2,0,54.4,2.3,0
AU2026061,2024-10-19,2024-10,Home Loan,Urban,Gujarat,Rejected,408000.0,Farmer,3.1,0,28.3,1,34.3,0,9.5,0,0.0,0,75.2,3.1,1
AU2026062,2024-03-02,2024-03,Personal Loan,Semi-Urban,Punjab,Disbursed,321000.0,Salaried,7.7,0,19.8,0,31.7,0,10.6,0,25.6,1,95.4,4.0,1
AU2026063,2024-12-10,2024-12,Vehicle Finance,Rural,Karnataka,Disbursed,197000.0,Salaried,9.7,1,59.6,1,58.8,1,12.9,0,39.1,1,180.1,7.5,1
AU2026064,2024-04-01,2024-04,Business Loan,Urban,Rajasthan,Disbursed,88000.0,Salaried,4.0,0,8.2,0,28.3,0,11.5,0,9.7,0,61.7,2.6,0
AU2026065,2025-02-15,2025-02,Business Loan,Semi-Urban,Madhya Pradesh,Disbursed,80000.0,MSME Owner,5.1,0,32.9,1,63.6,1,16.7,1,11.6,0,129.9,5.4,1
AU2026066,2024-01-24,2024-01,Personal Loan,Semi-Urban,Karnataka,Under Review,59000.0,Salaried,8.2,1,29.3,1,23.2,0,0.0,0,0.0,0,60.7,2.5,1
AU2026067,2024-02-05,2024-02,Vehicle Finance,Semi-Urban,Haryana,Under Review,419000.0,Self-Employed,4.7,0,28.4,1,47.5,0,0.0,0,0.0,0,80.6,3.4,1
AU2026068,2025-03-19,2025-03,Business Loan,Rural,Tamil Nadu,Under Review,77000.0,Farmer,12.5,1,28.7,1,42.0,0,0.0,0,0.0,0,83.2,3.5,1
AU2026069,2025-01-31,2025-01,Personal Loan,Semi-Urban,Uttar Pradesh,Rejected,657000.0,MSME Owner,5.2,0,28.6,1,18.3,0,11.7,0,0.0,0,63.8,2.7,1
AU2026070,2024-06-16,2024-06,MSME Loan,Urban,Uttar Pradesh,Disbursed,264000.0,Farmer,5.8,0,10.9,0,23.6,0,5.3,0,15.5,0,61.1,2.5,0
AU2026071,2024-10-10,2024-10,Personal Loan,Urban,Gujarat,Disbursed,50000.0,Salaried,2.4,0,13.8,0,18.6,0,8.1,0,17.8,0,60.7,2.5,0
AU2026072,2024-01-05,2024-01,Personal Loan,Urban,Tamil Nadu,Pending Documents,200000.0,MSME Owner,2.4,0,19.4,0,35.3,0,8.3,0,12.0,0,77.4,3.2,0
AU2026073,2024-04-12,2024-04,Personal Loan,Semi-Urban,Punjab,Disbursed,765000.0,MSME Owner,4.2,0,25.2,1,35.8,0,10.5,0,13.7,0,89.4,3.7,1
AU2026074,2024-10-15,2024-10,Business Loan,Semi-Urban,Uttar Pradesh,Disbursed,159000.0,Farmer,8.5,1,21.5,0,29.9,0,11.1,0,27.2,1,98.2,4.1,1
AU2026075,2025-01-13,2025-01,Business Loan,Urban,Uttar Pradesh,Disbursed,651000.0,MSME Owner,3.1,0,13.3,0,33.0,0,7.5,0,10.9,0,67.8,2.8,0
AU2026076,2024-05-04,2024-05,Vehicle Finance,Rural,Odisha,Under Review,241000.0,MSME Owner,9.2,1,28.5,1,69.5,1,0.0,0,0.0,0,107.2,4.5,1
AU2026077,2024-07-07,2024-07,MSME Loan,Rural,Tamil Nadu,Disbursed,291000.0,Self-Employed,15.5,1,32.4,1,46.7,0,25.7,1,28.3,1,148.6,6.2,1
AU2026078,2025-05-12,2025-05,Personal Loan,Urban,Odisha,Disbursed,464000.0,Farmer,4.0,0,22.5,0,21.7,0,5.8,0,8.8,0,62.8,2.6,0
AU2026079,2025-01-30,2025-01,Home Loan,Semi-Urban,Tamil Nadu,Rejected,278000.0,MSME Owner,4.1,0,17.1,0,34.0,0,10.3,0,0.0,0,65.5,2.7,0
AU2026080,2025-01-10,2025-01,Vehicle Finance,Semi-Urban,Madhya Pradesh,Disbursed,865000.0,Farmer,9.0,1,25.4,1,23.8,0,16.2,1,26.9,1,101.3,4.2,1
AU2026081,2025-01-24,2025-01,Personal Loan,Urban,Karnataka,Disbursed,441000.0,MSME Owner,3.6,0,9.0,0,33.0,0,8.5,0,10.0,0,64.1,2.7,0
AU2026082,2024-03-18,2024-03,Business Loan,Urban,Madhya Pradesh,Disbursed,512000.0,MSME Owner,4.7,0,12.7,0,37.7,0,10.7,0,6.8,0,72.6,3.0,0
AU2026083,2025-04-22,2025-04,Personal Loan,Semi-Urban,Rajasthan,Disbursed,50000.0,Salaried,8.5,1,27.5,1,45.7,0,10.0,0,23.5,0,115.2,4.8,1
AU2026084,2024-01-13,2024-01,Personal Loan,Semi-Urban,Haryana,Disbursed,881000.0,Salaried,7.1,0,17.2,0,40.3,0,8.5,0,25.0,1,98.1,4.1,1
AU2026085,2024-10-04,2024-10,MSME Loan,Rural,Madhya Pradesh,Disbursed,183000.0,Self-Employed,8.1,1,54.5,1,92.3,1,21.6,1,39.9,1,216.4,9.0,1
AU2026086,2024-11-21,2024-11,Personal Loan,Semi-Urban,Punjab,Disbursed,341000.0,Salaried,9.4,1,19.8,0,40.0,0,16.8,1,10.3,0,96.3,4.0,1
AU2026087,2025-05-01,2025-05,Business Loan,Urban,Rajasthan,Pending Documents,305000.0,Salaried,4.2,0,20.6,0,24.3,0,7.9,0,13.3,0,70.3,2.9,0
AU2026088,2024-01-01,2024-01,Personal Loan,Rural,Punjab,Disbursed,368000.0,Self-Employed,17.2,1,55.7,1,47.2,0,18.5,1,27.8,1,166.4,6.9,1
AU2026089,2025-03-10,2025-03,Business Loan,Semi-Urban,Haryana,Under Review,56000.0,Salaried,5.1,0,23.4,0,28.5,0,0.0,0,0.0,0,57.0,2.4,0
AU2026090,2024-02-23,2024-02,Vehicle Finance,Urban,Uttar Pradesh,Under Review,721000.0,MSME Owner,2.4,0,21.3,0,28.4,0,0.0,0,0.0,0,52.1,2.2,0
AU2026091,2024-09-28,2024-09,Vehicle Finance,Semi-Urban,Madhya Pradesh,Rejected,195000.0,MSME Owner,8.0,0,30.4,1,35.3,0,11.1,0,0.0,0,84.8,3.5,1
AU2026092,2024-08-02,2024-08,Personal Loan,Urban,Madhya Pradesh,Rejected,174000.0,Salaried,4.6,0,23.4,0,25.2,0,8.1,0,0.0,0,61.3,2.6,0
AU2026093,2025-05-07,2025-05,Business Loan,Urban,Tamil Nadu,Disbursed,251000.0,Self-Employed,2.8,0,9.4,0,45.4,0,11.2,0,17.2,0,86.0,3.6,0
AU2026094,2025-05-12,2025-05,Vehicle Finance,Urban,Rajasthan,Rejected,382000.0,MSME Owner,4.9,0,23.2,0,29.7,0,9.5,0,0.0,0,67.3,2.8,0
AU2026095,2024-12-30,2024-12,MSME Loan,Urban,Maharashtra,Under Review,119000.0,Salaried,2.5,0,21.2,0,16.1,0,0.0,0,0.0,0,39.8,1.7,0
AU2026096,2024-02-17,2024-02,MSME Loan,Semi-Urban,Uttar Pradesh,Rejected,147000.0,MSME Owner,5.0,0,20.9,0,55.6,1,13.8,0,0.0,0,95.3,4.0,1
AU2026097,2025-04-16,2025-04,Personal Loan,Urban,Rajasthan,Under Review,223000.0,Salaried,5.9,0,11.2,0,14.6,0,0.0,0,0.0,0,31.7,1.3,0
AU2026098,2025-04-04,2025-04,Vehicle Finance,Rural,Madhya Pradesh,Disbursed,164000.0,Salaried,9.8,1,57.1,1,29.3,0,27.6,1,34.3,1,158.1,6.6,1
AU2026099,2024-07-30,2024-07,Personal Loan,Semi-Urban,Karnataka,Under Review,1084000.0,MSME Owner,6.9,0,32.6,1,21.6,0,0.0,0,0.0,0,61.1,2.5,1
AU2026100,2024-08-22,2024-08,Home Loan,Rural,Punjab,Disbursed,549000.0,Self-Employed,13.7,1,46.2,1,45.1,0,17.1,1,21.7,0,143.8,6.0,1
AU2026101,2024-10-24,2024-10,Business Loan,Rural,Gujarat,Disbursed,2129000.0,MSME Owner,9.8,1,39.3,1,42.4,0,14.5,0,36.5,1,142.5,5.9,1
AU2026102,2024-09-15,2024-09,Vehicle Finance,Urban,Gujarat,Disbursed,213000.0,Salaried,4.6,0,8.9,0,35.5,0,8.9,0,11.6,0,69.5,2.9,0
AU2026103,2024-11-22,2024-11,Business Loan,Semi-Urban,Maharashtra,Disbursed,346000.0,Farmer,7.8,0,16.4,0,53.7,1,9.6,0,10.3,0,97.8,4.1,1
AU2026104,2024-02-08,2024-02,Vehicle Finance,Semi-Urban,Haryana,Disbursed,415000.0,Salaried,7.7,0,25.3,1,37.7,0,18.7,1,25.3,1,114.7,4.8,1
AU2026105,2024-10-17,2024-10,MSME Loan,Rural,Odisha,Rejected,71000.0,Farmer,16.7,1,50.2,1,39.2,0,12.9,0,0.0,0,119.0,5.0,1
AU2026106,2024-08-10,2024-08,Vehicle Finance,Rural,Rajasthan,Disbursed,1546000.0,Farmer,8.9,1,55.0,1,62.1,1,17.7,1,28.7,1,172.4,7.2,1
AU2026107,2024-05-01,2024-05,Personal Loan,Urban,Maharashtra,Disbursed,110000.0,Salaried,2.8,0,21.5,0,25.7,0,9.1,0,8.2,0,67.3,2.8,0
AU2026108,2024-05-13,2024-05,MSME Loan,Rural,Uttar Pradesh,Disbursed,738000.0,Salaried,10.7,1,26.4,1,33.7,0,14.8,0,44.4,1,130.0,5.4,1
AU2026109,2025-04-19,2025-04,Personal Loan,Rural,Punjab,Disbursed,730000.0,Salaried,13.0,1,31.9,1,71.2,1,27.3,1,18.8,0,162.2,6.8,1
AU2026110,2024-12-24,2024-12,MSME Loan,Semi-Urban,Haryana,Disbursed,967000.0,Salaried,8.6,1,14.1,0,50.0,1,8.1,0,27.4,1,108.2,4.5,1
AU2026111,2024-06-11,2024-06,Home Loan,Urban,Punjab,Disbursed,1189000.0,Salaried,5.1,0,11.5,0,32.2,0,11.5,0,14.1,0,74.4,3.1,0
AU2026112,2024-05-19,2024-05,Personal Loan,Urban,Tamil Nadu,Disbursed,1618000.0,Self-Employed,3.4,0,22.3,0,14.0,0,7.7,0,15.3,0,62.7,2.6,0
AU2026113,2024-02-08,2024-02,Personal Loan,Semi-Urban,Madhya Pradesh,Under Review,818000.0,MSME Owner,4.1,0,16.3,0,28.3,0,0.0,0,0.0,0,48.7,2.0,0
AU2026114,2024-03-10,2024-03,Home Loan,Urban,Madhya Pradesh,Pending Documents,102000.0,Self-Employed,2.8,0,35.2,1,24.4,0,11.2,0,10.2,0,83.8,3.5,1
AU2026115,2024-02-25,2024-02,MSME Loan,Urban,Odisha,Pending Documents,793000.0,Farmer,3.5,0,20.4,0,46.8,0,11.2,0,9.7,0,91.6,3.8,0
AU2026116,2024-02-24,2024-02,Vehicle Finance,Rural,Maharashtra,Rejected,887000.0,Salaried,15.8,1,31.4,1,37.7,0,20.9,1,0.0,0,105.8,4.4,1
AU2026117,2024-08-18,2024-08,Vehicle Finance,Semi-Urban,Maharashtra,Disbursed,186000.0,Salaried,8.6,1,21.6,0,33.2,0,15.7,0,26.4,1,105.5,4.4,1
AU2026118,2024-06-09,2024-06,Home Loan,Urban,Tamil Nadu,Under Review,264000.0,Farmer,4.2,0,22.0,0,20.0,0,0.0,0,0.0,0,46.2,1.9,0
AU2026119,2024-03-02,2024-03,Personal Loan,Urban,Haryana,Disbursed,366000.0,Self-Employed,4.2,0,12.7,0,35.6,0,6.3,0,11.3,0,70.1,2.9,0
AU2026120,2024-07-02,2024-07,Personal Loan,Urban,Karnataka,Disbursed,1531000.0,Salaried,3.5,0,8.3,0,32.1,0,10.2,0,6.8,0,60.9,2.5,0
AU2026121,2024-08-19,2024-08,Business Loan,Rural,Madhya Pradesh,Disbursed,405000.0,Self-Employed,11.6,1,45.5,1,113.2,1,30.0,1,41.2,1,241.5,10.1,1
AU2026122,2024-08-25,2024-08,Business Loan,Semi-Urban,Uttar Pradesh,Disbursed,198000.0,Self-Employed,9.9,1,24.6,1,34.3,0,8.3,0,16.4,0,93.5,3.9,1
AU2026123,2025-03-12,2025-03,MSME Loan,Rural,Uttar Pradesh,Pending Documents,260000.0,MSME Owner,13.6,1,45.3,1,77.2,1,24.7,1,30.6,1,191.4,8.0,1
AU2026124,2024-02-16,2024-02,Home Loan,Urban,Gujarat,Disbursed,156000.0,Farmer,4.8,0,20.8,0,26.4,0,7.4,0,11.6,0,71.0,3.0,0
AU2026125,2025-02-17,2025-02,MSME Loan,Urban,Maharashtra,Disbursed,281000.0,Salaried,3.3,0,10.4,0,25.0,0,4.1,0,8.7,0,51.5,2.1,0
AU2026126,2025-02-27,2025-02,Business Loan,Urban,Uttar Pradesh,Disbursed,101000.0,Self-Employed,6.0,0,23.1,0,16.1,0,10.4,0,10.2,0,65.8,2.7,0
AU2026127,2024-01-21,2024-01,Personal Loan,Urban,Odisha,Disbursed,317000.0,Self-Employed,4.6,0,20.0,0,17.9,0,6.6,0,9.7,0,58.8,2.4,0
AU2026128,2025-03-03,2025-03,Business Loan,Rural,Madhya Pradesh,Rejected,50000.0,Self-Employed,12.2,1,53.8,1,71.1,1,17.3,1,0.0,0,154.4,6.4,1
AU2026129,2024-03-16,2024-03,MSME Loan,Semi-Urban,Punjab,Rejected,55000.0,Salaried,7.2,0,13.1,0,26.5,0,15.4,0,0.0,0,62.2,2.6,0
AU2026130,2024-12-30,2024-12,Home Loan,Rural,Gujarat,Disbursed,305000.0,Salaried,14.5,1,67.0,1,48.8,1,28.7,1,33.6,1,192.6,8.0,1
AU2026131,2025-05-10,2025-05,MSME Loan,Semi-Urban,Madhya Pradesh,Disbursed,1909000.0,Self-Employed,5.1,0,26.3,1,60.3,1,13.6,0,11.8,0,117.1,4.9,1
AU2026132,2024-07-21,2024-07,Vehicle Finance,Urban,Punjab,Rejected,302000.0,Self-Employed,5.7,0,18.0,0,15.5,0,7.5,0,0.0,0,46.7,1.9,0
AU2026133,2024-01-26,2024-01,Home Loan,Rural,Karnataka,Disbursed,74000.0,Farmer,8.6,1,89.0,1,65.2,1,23.9,1,40.0,1,226.7,9.4,1
AU2026134,2024-05-13,2024-05,Personal Loan,Urban,Uttar Pradesh,Disbursed,299000.0,Salaried,5.4,0,15.1,0,28.7,0,9.2,0,9.8,0,68.2,2.8,0
AU2026135,2024-01-16,2024-01,Personal Loan,Urban,Maharashtra,Rejected,105000.0,Self-Employed,3.0,0,21.1,0,13.3,0,9.6,0,0.0,0,47.0,2.0,0
AU2026136,2025-03-13,2025-03,Home Loan,Rural,Haryana,Rejected,75000.0,MSME Owner,12.6,1,35.4,1,58.5,1,17.3,1,0.0,0,123.8,5.2,1
AU2026137,2024-10-11,2024-10,MSME Loan,Semi-Urban,Tamil Nadu,Disbursed,217000.0,MSME Owner,9.3,1,12.0,0,60.1,1,17.2,1,13.8,0,112.4,4.7,1
AU2026138,2024-05-07,2024-05,Vehicle Finance,Urban,Karnataka,Rejected,494000.0,Salaried,4.8,0,8.0,0,34.4,0,8.4,0,0.0,0,55.6,2.3,0
AU2026139,2024-08-24,2024-08,Home Loan,Semi-Urban,Gujarat,Under Review,546000.0,Self-Employed,9.4,1,37.7,1,23.1,0,0.0,0,0.0,0,70.2,2.9,1
AU2026140,2025-02-15,2025-02,Home Loan,Rural,Gujarat,Disbursed,51000.0,Self-Employed,16.1,1,88.0,1,45.8,0,26.2,1,45.5,1,221.6,9.2,1
AU2026141,2024-03-03,2024-03,Home Loan,Urban,Maharashtra,Disbursed,170000.0,Farmer,6.0,0,26.7,1,33.3,0,5.6,0,9.0,0,80.6,3.4,1
AU2026142,2024-02-01,2024-02,MSME Loan,Urban,Rajasthan,Disbursed,1920000.0,Self-Employed,3.2,0,22.7,0,53.5,1,7.1,0,11.2,0,97.7,4.1,1
AU2026143,2024-03-07,2024-03,Home Loan,Semi-Urban,Madhya Pradesh,Disbursed,50000.0,Self-Employed,6.1,0,24.2,1,31.7,0,16.2,1,23.4,0,101.6,4.2,1
AU2026144,2025-02-25,2025-02,Home Loan,Urban,Madhya Pradesh,Rejected,265000.0,MSME Owner,4.5,0,22.3,0,27.5,0,11.3,0,0.0,0,65.6,2.7,0
AU2026145,2024-07-09,2024-07,Home Loan,Rural,Haryana,Rejected,211000.0,Self-Employed,8.4,1,53.1,1,51.1,1,26.3,1,0.0,0,138.9,5.8,1
AU2026146,2024-10-25,2024-10,MSME Loan,Urban,Gujarat,Rejected,162000.0,MSME Owner,3.2,0,9.5,0,37.3,0,8.2,0,0.0,0,58.2,2.4,0
AU2026147,2024-05-12,2024-05,MSME Loan,Urban,Odisha,Disbursed,50000.0,MSME Owner,5.9,0,23.1,0,45.2,0,8.2,0,7.9,0,90.3,3.8,0
AU2026148,2024-01-12,2024-01,Business Loan,Semi-Urban,Gujarat,Rejected,1243000.0,Self-Employed,8.4,1,15.4,0,33.3,0,10.0,0,0.0,0,67.1,2.8,1
AU2026149,2024-04-11,2024-04,Personal Loan,Rural,Gujarat,Disbursed,708000.0,Self-Employed,17.2,1,45.1,1,34.1,0,17.1,1,45.6,1,159.1,6.6,1
AU2026150,2025-02-18,2025-02,Business Loan,Semi-Urban,Tamil Nadu,Disbursed,64000.0,MSME Owner,8.3,1,18.6,0,65.2,1,18.3,1,26.6,1,137.0,5.7,1
AU2026151,2024-02-17,2024-02,Personal Loan,Urban,Maharashtra,Under Review,143000.0,Salaried,2.0,0,21.9,0,19.8,0,0.0,0,0.0,0,43.7,1.8,0
AU2026152,2024-03-03,2024-03,MSME Loan,Urban,Punjab,Under Review,488000.0,Salaried,3.0,0,18.0,0,34.3,0,0.0,0,0.0,0,55.3,2.3,0
AU2026153,2025-04-27,2025-04,Vehicle Finance,Semi-Urban,Rajasthan,Rejected,3467000.0,Self-Employed,5.6,0,32.7,1,35.9,0,15.1,0,0.0,0,89.3,3.7,1
AU2026154,2024-01-26,2024-01,Home Loan,Urban,Tamil Nadu,Disbursed,198000.0,MSME Owner,2.3,0,19.8,0,13.5,0,8.2,0,13.8,0,57.6,2.4,0
AU2026155,2025-04-18,2025-04,Personal Loan,Urban,Maharashtra,Pending Documents,346000.0,Self-Employed,5.2,0,22.8,0,35.4,0,11.2,0,9.8,0,84.4,3.5,0
AU2026156,2024-08-09,2024-08,MSME Loan,Rural,Odisha,Under Review,583000.0,Salaried,10.3,1,58.6,1,74.1,1,0.0,0,0.0,0,143.0,6.0,1
AU2026157,2024-09-11,2024-09,Personal Loan,Semi-Urban,Haryana,Disbursed,600000.0,Salaried,5.8,0,17.0,0,23.2,0,15.7,0,26.5,1,88.2,3.7,1
AU2026158,2024-07-14,2024-07,Vehicle Finance,Urban,Rajasthan,Disbursed,63000.0,Self-Employed,5.1,0,15.3,0,27.1,0,9.7,0,17.5,0,74.7,3.1,0
AU2026159,2024-03-29,2024-03,Personal Loan,Rural,Haryana,Disbursed,94000.0,MSME Owner,13.7,1,41.5,1,57.5,1,19.1,1,21.8,0,153.6,6.4,1
AU2026160,2024-04-19,2024-04,Vehicle Finance,Semi-Urban,Punjab,Disbursed,78000.0,Self-Employed,5.8,0,23.7,0,24.7,0,8.6,0,24.0,0,86.8,3.6,0
AU2026161,2024-05-20,2024-05,Vehicle Finance,Urban,Maharashtra,Disbursed,194000.0,Farmer,2.7,0,22.9,0,23.5,0,6.7,0,14.9,0,70.7,2.9,0
AU2026162,2024-08-16,2024-08,MSME Loan,Urban,Uttar Pradesh,Disbursed,634000.0,MSME Owner,3.0,0,11.0,0,25.4,0,6.1,0,8.8,0,54.3,2.3,0
AU2026163,2024-01-18,2024-01,Home Loan,Urban,Maharashtra,Disbursed,234000.0,Self-Employed,3.2,0,11.7,0,14.0,0,5.0,0,16.0,0,49.9,2.1,0
AU2026164,2024-11-13,2024-11,Home Loan,Urban,Odisha,Disbursed,507000.0,Self-Employed,3.9,0,18.2,0,15.3,0,9.9,0,16.6,0,63.9,2.7,0
AU2026165,2024-05-05,2024-05,MSME Loan,Urban,Odisha,Rejected,50000.0,MSME Owner,5.8,0,12.0,0,46.4,0,4.4,0,0.0,0,68.6,2.9,0
AU2026166,2024-09-12,2024-09,Business Loan,Rural,Uttar Pradesh,Under Review,427000.0,Salaried,12.2,1,37.0,1,48.0,0,0.0,0,0.0,0,97.2,4.0,1
AU2026167,2025-03-27,2025-03,Vehicle Finance,Rural,Haryana,Under Review,50000.0,MSME Owner,9.8,1,53.4,1,37.3,0,0.0,0,0.0,0,100.5,4.2,1
AU2026168,2024-09-02,2024-09,Home Loan,Urban,Karnataka,Disbursed,362000.0,Salaried,5.8,0,11.1,0,26.7,0,9.5,0,7.3,0,60.4,2.5,0
AU2026169,2024-02-14,2024-02,Personal Loan,Rural,Rajasthan,Disbursed,350000.0,Salaried,15.6,1,54.6,1,52.2,1,14.9,0,18.5,0,155.8,6.5,1
AU2026170,2024-07-15,2024-07,Home Loan,Semi-Urban,Uttar Pradesh,Rejected,198000.0,Salaried,9.6,1,36.3,1,36.5,0,19.2,1,0.0,0,101.6,4.2,1
AU2026171,2024-08-02,2024-08,Vehicle Finance,Urban,Maharashtra,Pending Documents,1131000.0,MSME Owner,3.6,0,17.0,0,22.0,0,11.1,0,11.8,0,65.5,2.7,0
AU2026172,2024-11-25,2024-11,MSME Loan,Rural,Madhya Pradesh,Under Review,589000.0,Self-Employed,9.1,1,54.3,1,73.8,1,0.0,0,0.0,0,137.2,5.7,1
AU2026173,2024-05-07,2024-05,Personal Loan,Rural,Karnataka,Rejected,439000.0,Salaried,16.5,1,34.1,1,62.1,1,20.8,1,0.0,0,133.5,5.6,1
AU2026174,2025-02-10,2025-02,Business Loan,Urban,Karnataka,Under Review,102000.0,Self-Employed,2.5,0,16.2,0,56.4,1,0.0,0,0.0,0,75.1,3.1,1
AU2026175,2024-07-14,2024-07,Business Loan,Semi-Urban,Rajasthan,Disbursed,2237000.0,Self-Employed,9.9,1,16.7,0,57.5,1,14.9,0,20.2,0,119.2,5.0,1
AU2026176,2024-09-02,2024-09,Vehicle Finance,Semi-Urban,Punjab,Disbursed,188000.0,MSME Owner,9.9,1,34.8,1,45.0,0,9.9,0,26.5,1,126.1,5.3,1
AU2026177,2025-02-04,2025-02,MSME Loan,Urban,Karnataka,Disbursed,71000.0,Self-Employed,4.6,0,12.2,0,16.9,0,5.1,0,11.3,0,50.1,2.1,0
AU2026178,2024-06-25,2024-06,Business Loan,Rural,Tamil Nadu,Disbursed,347000.0,Salaried,12.4,1,28.7,1,114.0,1,18.0,1,35.6,1,208.7,8.7,1
AU2026179,2024-09-14,2024-09,Home Loan,Rural,Odisha,Rejected,417000.0,MSME Owner,12.7,1,66.7,1,28.5,0,27.9,1,0.0,0,135.8,5.7,1
AU2026180,2024-07-17,2024-07,Personal Loan,Rural,Punjab,Disbursed,477000.0,Farmer,12.6,1,39.8,1,32.4,0,29.4,1,24.4,1,138.6,5.8,1
AU2026181,2024-04-02,2024-04,Personal Loan,Semi-Urban,Uttar Pradesh,Disbursed,182000.0,Farmer,4.1,0,12.1,0,33.1,0,13.9,0,12.9,0,76.1,3.2,0
AU2026182,2024-06-12,2024-06,Vehicle Finance,Semi-Urban,Rajasthan,Under Review,86000.0,Salaried,7.2,0,17.6,0,27.0,0,0.0,0,0.0,0,51.8,2.2,0
AU2026183,2024-04-22,2024-04,Vehicle Finance,Urban,Odisha,Disbursed,403000.0,MSME Owner,2.3,0,22.2,0,25.9,0,11.6,0,7.8,0,69.8,2.9,0
AU2026184,2025-04-03,2025-04,MSME Loan,Semi-Urban,Rajasthan,Disbursed,166000.0,Farmer,7.9,0,14.2,0,26.1,0,8.6,0,21.0,0,77.8,3.2,0
AU2026185,2024-01-30,2024-01,Vehicle Finance,Semi-Urban,Uttar Pradesh,Disbursed,273000.0,Self-Employed,7.1,0,12.5,0,26.5,0,8.6,0,26.2,1,80.9,3.4,1
AU2026186,2024-09-28,2024-09,Home Loan,Rural,Tamil Nadu,Disbursed,357000.0,Self-Employed,10.2,1,74.6,1,67.4,1,16.2,1,23.3,0,191.7,8.0,1
AU2026187,2025-01-27,2025-01,Home Loan,Rural,Punjab,Rejected,764000.0,Salaried,12.2,1,53.7,1,64.9,1,25.9,1,0.0,0,156.7,6.5,1
AU2026188,2024-04-29,2024-04,Business Loan,Rural,Odisha,Rejected,291000.0,MSME Owner,16.1,1,36.1,1,112.0,1,12.4,0,0.0,0,176.6,7.4,1
AU2026189,2024-02-21,2024-02,MSME Loan,Urban,Maharashtra,Disbursed,428000.0,Self-Employed,5.0,0,21.9,0,40.7,0,10.5,0,9.7,0,87.8,3.7,0
AU2026190,2024-12-02,2024-12,Personal Loan,Semi-Urban,Madhya Pradesh,Rejected,502000.0,Self-Employed,8.8,1,12.9,0,38.0,0,15.8,0,0.0,0,75.5,3.1,1
AU2026191,2024-05-16,2024-05,Home Loan,Rural,Madhya Pradesh,Under Review,90000.0,MSME Owner,10.9,1,82.3,1,59.9,1,0.0,0,0.0,0,153.1,6.4,1
AU2026192,2025-02-21,2025-02,MSME Loan,Rural,Karnataka,Pending Documents,111000.0,Salaried,10.5,1,55.8,1,62.6,1,23.2,1,38.0,1,190.1,7.9,1
AU2026193,2025-01-26,2025-01,Home Loan,Urban,Rajasthan,Disbursed,50000.0,Self-Employed,3.5,0,35.6,1,32.0,0,7.8,0,16.6,0,95.5,4.0,1
AU2026194,2024-10-21,2024-10,Business Loan,Rural,Madhya Pradesh,Disbursed,205000.0,Salaried,10.7,1,38.5,1,94.4,1,13.3,0,37.8,1,194.7,8.1,1
AU2026195,2024-06-30,2024-06,Home Loan,Semi-Urban,Haryana,Rejected,1434000.0,Salaried,7.5,0,51.7,1,36.3,0,15.3,0,0.0,0,110.8,4.6,1
AU2026196,2024-03-31,2024-03,Business Loan,Semi-Urban,Maharashtra,Under Review,208000.0,Farmer,8.9,1,33.4,1,73.0,1,0.0,0,0.0,0,115.3,4.8,1
AU2026197,2024-10-30,2024-10,Business Loan,Urban,Madhya Pradesh,Disbursed,53000.0,MSME Owner,4.0,0,21.0,0,46.6,0,4.2,0,13.6,0,89.4,3.7,0
AU2026198,2025-02-16,2025-02,Business Loan,Semi-Urban,Punjab,Under Review,803000.0,MSME Owner,7.3,0,30.1,1,27.0,0,0.0,0,0.0,0,64.4,2.7,1
AU2026199,2025-04-12,2025-04,Business Loan,Urban,Punjab,Pending Documents,307000.0,Self-Employed,4.6,0,12.5,0,29.2,0,6.7,0,14.4,0,67.4,2.8,0
AU2026200,2024-01-15,2024-01,Vehicle Finance,Semi-Urban,Odisha,Disbursed,206000.0,MSME Owner,7.4,0,28.1,1,27.8,0,12.9,0,14.2,0,90.4,3.8,1
AU2026201,2025-04-30,2025-04,MSME Loan,Semi-Urban,Punjab,Pending Documents,319000.0,Self-Employed,5.3,0,24.2,1,27.0,0,18.9,1,24.7,1,100.1,4.2,1
AU2026202,2024-10-15,2024-10,Home Loan,Semi-Urban,Odisha,Disbursed,422000.0,Farmer,9.0,1,53.9,1,35.6,0,10.5,0,19.1,0,128.1,5.3,1
AU2026203,2024-10-15,2024-10,Home Loan,Rural,Maharashtra,Disbursed,1268000.0,Self-Employed,10.4,1,82.6,1,31.3,0,24.0,1,26.0,1,174.3,7.3,1
AU2026204,2025-03-04,2025-03,Business Loan,Rural,Madhya Pradesh,Disbursed,3168000.0,Salaried,14.9,1,26.2,1,103.3,1,26.7,1,47.6,1,218.7,9.1,1
AU2026205,2024-10-04,2024-10,MSME Loan,Urban,Tamil Nadu,Disbursed,291000.0,MSME Owner,2.5,0,13.0,0,20.9,0,7.6,0,12.6,0,56.6,2.4,0
AU2026206,2024-03-30,2024-03,Personal Loan,Urban,Uttar Pradesh,Rejected,561000.0,Self-Employed,2.2,0,15.6,0,24.4,0,10.8,0,0.0,0,53.0,2.2,0
AU2026207,2024-01-20,2024-01,Personal Loan,Urban,Tamil Nadu,Disbursed,77000.0,Salaried,3.8,0,23.7,0,24.4,0,9.9,0,14.2,0,76.0,3.2,0
AU2026208,2024-01-29,2024-01,MSME Loan,Urban,Gujarat,Rejected,335000.0,MSME Owner,3.1,0,17.0,0,32.6,0,7.9,0,0.0,0,60.6,2.5,0
AU2026209,2024-11-04,2024-11,Business Loan,Semi-Urban,Madhya Pradesh,Rejected,250000.0,Farmer,4.9,0,31.7,1,38.0,0,13.1,0,0.0,0,87.7,3.7,1
AU2026210,2024-01-11,2024-01,Vehicle Finance,Urban,Madhya Pradesh,Disbursed,1542000.0,Farmer,5.1,0,22.0,0,29.9,0,11.2,0,6.9,0,75.1,3.1,0
AU2026211,2024-09-01,2024-09,MSME Loan,Urban,Karnataka,Pending Documents,224000.0,Salaried,4.9,0,19.8,0,56.9,1,10.2,0,10.6,0,102.4,4.3,1
AU2026212,2024-06-18,2024-06,Vehicle Finance,Urban,Rajasthan,Disbursed,112000.0,Self-Employed,5.6,0,22.6,0,13.3,0,4.6,0,8.9,0,55.0,2.3,0
AU2026213,2024-04-13,2024-04,Business Loan,Urban,Odisha,Disbursed,122000.0,Self-Employed,4.3,0,16.7,0,29.9,0,9.7,0,15.9,0,76.5,3.2,0
AU2026214,2024-06-23,2024-06,Business Loan,Urban,Maharashtra,Disbursed,240000.0,Salaried,3.9,0,11.5,0,46.3,0,4.2,0,12.7,0,78.6,3.3,0
AU2026215,2025-04-15,2025-04,Personal Loan,Urban,Maharashtra,Under Review,78000.0,MSME Owner,2.4,0,18.6,0,26.7,0,0.0,0,0.0,0,47.7,2.0,0
AU2026216,2024-01-31,2024-01,MSME Loan,Urban,Punjab,Disbursed,928000.0,Farmer,5.4,0,20.8,0,56.5,1,9.6,0,15.0,0,107.3,4.5,1
AU2026217,2024-03-16,2024-03,MSME Loan,Urban,Rajasthan,Disbursed,123000.0,MSME Owner,5.7,0,22.1,0,50.5,1,11.6,0,12.4,0,102.3,4.3,1
AU2026218,2024-12-26,2024-12,Personal Loan,Urban,Odisha,Disbursed,50000.0,Self-Employed,5.7,0,13.7,0,32.5,0,11.2,0,12.0,0,75.1,3.1,0
AU2026219,2025-01-31,2025-01,Business Loan,Rural,Maharashtra,Rejected,50000.0,Salaried,9.0,1,33.5,1,43.7,0,17.3,1,0.0,0,103.5,4.3,1
AU2026220,2025-03-09,2025-03,Vehicle Finance,Rural,Gujarat,Rejected,139000.0,Salaried,16.5,1,56.6,1,45.7,0,12.2,0,0.0,0,131.0,5.5,1
AU2026221,2025-03-16,2025-03,Business Loan,Urban,Karnataka,Under Review,1538000.0,Self-Employed,4.7,0,22.6,0,38.2,0,0.0,0,0.0,0,65.5,2.7,0
AU2026222,2025-05-06,2025-05,Business Loan,Rural,Punjab,Disbursed,50000.0,MSME Owner,12.7,1,29.2,1,74.6,1,28.3,1,22.8,0,167.6,7.0,1
AU2026223,2024-07-10,2024-07,Home Loan,Semi-Urban,Gujarat,Rejected,50000.0,Salaried,9.6,1,39.2,1,43.4,0,11.0,0,0.0,0,103.2,4.3,1
AU2026224,2024-10-27,2024-10,Home Loan,Urban,Haryana,Disbursed,126000.0,MSME Owner,2.2,0,15.0,0,27.9,0,4.8,0,17.7,0,67.6,2.8,0
AU2026225,2024-06-21,2024-06,MSME Loan,Semi-Urban,Gujarat,Under Review,360000.0,Farmer,5.6,0,32.4,1,34.9,0,0.0,0,0.0,0,72.9,3.0,1
AU2026226,2024-06-14,2024-06,Home Loan,Urban,Uttar Pradesh,Disbursed,50000.0,MSME Owner,4.6,0,16.1,0,15.5,0,9.0,0,11.4,0,56.6,2.4,0
AU2026227,2025-05-14,2025-05,Personal Loan,Urban,Maharashtra,Disbursed,1034000.0,Salaried,4.2,0,20.2,0,25.8,0,10.6,0,7.5,0,68.3,2.8,0
AU2026228,2025-01-09,2025-01,Business Loan,Semi-Urban,Maharashtra,Rejected,882000.0,MSME Owner,4.6,0,28.7,1,62.0,1,19.9,1,0.0,0,115.2,4.8,1
AU2026229,2025-02-09,2025-02,Home Loan,Semi-Urban,Haryana,Under Review,742000.0,Farmer,8.7,1,38.9,1,20.4,0,0.0,0,0.0,0,68.0,2.8,1
AU2026230,2024-11-28,2024-11,Home Loan,Urban,Tamil Nadu,Rejected,816000.0,Salaried,4.7,0,17.7,0,12.2,0,9.1,0,0.0,0,43.7,1.8,0
AU2026231,2024-03-30,2024-03,Home Loan,Rural,Punjab,Pending Documents,112000.0,Salaried,16.1,1,51.9,1,67.2,1,26.2,1,20.2,0,181.6,7.6,1
AU2026232,2024-12-21,2024-12,Business Loan,Urban,Karnataka,Rejected,1736000.0,Self-Employed,5.9,0,23.0,0,33.5,0,9.8,0,0.0,0,72.2,3.0,0
AU2026233,2025-02-06,2025-02,MSME Loan,Urban,Odisha,Disbursed,108000.0,Salaried,3.7,0,10.7,0,36.3,0,9.3,0,12.0,0,72.0,3.0,0
AU2026234,2024-04-24,2024-04,Home Loan,Urban,Punjab,Under Review,320000.0,Farmer,2.5,0,30.7,1,14.9,0,0.0,0,0.0,0,48.1,2.0,1
AU2026235,2025-02-21,2025-02,Vehicle Finance,Urban,Odisha,Disbursed,517000.0,Self-Employed,5.4,0,18.1,0,17.2,0,6.7,0,16.2,0,63.6,2.7,0
AU2026236,2024-07-12,2024-07,Business Loan,Semi-Urban,Maharashtra,Disbursed,63000.0,Self-Employed,5.3,0,18.8,0,28.2,0,11.6,0,15.8,0,79.7,3.3,0
AU2026237,2025-01-10,2025-01,MSME Loan,Semi-Urban,Uttar Pradesh,Rejected,92000.0,Salaried,4.6,0,31.5,1,56.8,1,10.3,0,0.0,0,103.2,4.3,1
AU2026238,2024-03-06,2024-03,Vehicle Finance,Rural,Uttar Pradesh,Disbursed,1519000.0,Farmer,16.1,1,33.9,1,58.1,1,25.7,1,39.9,1,173.7,7.2,1
AU2026239,2025-01-08,2025-01,MSME Loan,Rural,Maharashtra,Disbursed,581000.0,Salaried,16.0,1,33.1,1,37.8,0,19.2,1,42.6,1,148.7,6.2,1
AU2026240,2025-04-30,2025-04,Personal Loan,Semi-Urban,Rajasthan,Disbursed,192000.0,Salaried,9.1,1,32.7,1,40.7,0,10.9,0,19.4,0,112.8,4.7,1
AU2026241,2024-07-19,2024-07,Personal Loan,Urban,Odisha,Disbursed,112000.0,MSME Owner,2.4,0,12.7,0,34.2,0,7.4,0,17.3,0,74.0,3.1,0
AU2026242,2024-01-17,2024-01,MSME Loan,Semi-Urban,Odisha,Disbursed,154000.0,Salaried,8.7,1,22.4,0,35.3,0,15.8,0,23.2,0,105.4,4.4,1
AU2026243,2024-11-04,2024-11,Personal Loan,Urban,Maharashtra,Disbursed,431000.0,Self-Employed,5.1,0,19.4,0,27.9,0,4.1,0,7.7,0,64.2,2.7,0
AU2026244,2025-04-16,2025-04,Personal Loan,Urban,Punjab,Disbursed,120000.0,MSME Owner,5.2,0,17.2,0,14.2,0,11.1,0,17.6,0,65.3,2.7,0
AU2026245,2024-04-23,2024-04,Personal Loan,Semi-Urban,Odisha,Under Review,226000.0,Self-Employed,5.9,0,23.5,0,33.4,0,0.0,0,0.0,0,62.8,2.6,0
AU2026246,2024-02-23,2024-02,Home Loan,Urban,Odisha,Disbursed,110000.0,Self-Employed,5.6,0,24.7,1,17.2,0,5.0,0,12.2,0,64.7,2.7,1
AU2026247,2024-03-13,2024-03,Vehicle Finance,Urban,Tamil Nadu,Disbursed,427000.0,Salaried,2.6,0,16.7,0,13.5,0,11.0,0,7.7,0,51.5,2.1,0
AU2026248,2025-01-16,2025-01,Home Loan,Urban,Punjab,Disbursed,267000.0,MSME Owner,4.0,0,25.4,1,30.3,0,8.9,0,13.4,0,82.0,3.4,1
AU2026249,2024-05-01,2024-05,Home Loan,Rural,Gujarat,Disbursed,1550000.0,Self-Employed,8.9,1,52.2,1,43.8,0,27.0,1,33.4,1,165.3,6.9,1
AU2026250,2024-06-12,2024-06,Home Loan,Urban,Punjab,Disbursed,219000.0,Salaried,3.7,0,28.3,1,22.9,0,7.7,0,14.0,0,76.6,3.2,1
AU2026251,2024-11-21,2024-11,Business Loan,Rural,Maharashtra,Disbursed,361000.0,Self-Employed,14.6,1,53.8,1,97.9,1,25.0,1,28.8,1,220.1,9.2,1
AU2026252,2025-02-24,2025-02,Personal Loan,Urban,Gujarat,Under Review,290000.0,Self-Employed,4.8,0,18.3,0,30.5,0,0.0,0,0.0,0,53.6,2.2,0
AU2026253,2024-08-16,2024-08,Personal Loan,Urban,Punjab,Disbursed,111000.0,Salaried,3.3,0,18.1,0,33.5,0,10.7,0,9.0,0,74.6,3.1,0
AU2026254,2024-05-15,2024-05,Personal Loan,Urban,Rajasthan,Pending Documents,63000.0,MSME Owner,3.6,0,22.4,0,18.3,0,7.1,0,12.1,0,63.5,2.6,0
AU2026255,2024-05-07,2024-05,MSME Loan,Rural,Madhya Pradesh,Disbursed,336000.0,Salaried,12.0,1,59.1,1,82.8,1,26.1,1,31.5,1,211.5,8.8,1
AU2026256,2024-06-28,2024-06,Vehicle Finance,Semi-Urban,Gujarat,Rejected,276000.0,Self-Employed,6.0,0,16.3,0,46.2,0,11.8,0,0.0,0,80.3,3.3,0
AU2026257,2025-02-06,2025-02,Home Loan,Rural,Uttar Pradesh,Pending Documents,990000.0,Self-Employed,17.0,1,40.9,1,54.1,1,25.9,1,26.1,1,164.0,6.8,1
AU2026258,2025-01-03,2025-01,Home Loan,Rural,Gujarat,Under Review,924000.0,Salaried,15.4,1,58.3,1,52.7,1,0.0,0,0.0,0,126.4,5.3,1
AU2026259,2024-01-25,2024-01,Personal Loan,Urban,Rajasthan,Disbursed,75000.0,MSME Owner,2.1,0,9.1,0,23.0,0,9.9,0,7.9,0,52.0,2.2,0
AU2026260,2024-08-12,2024-08,Business Loan,Urban,Haryana,Disbursed,131000.0,MSME Owner,4.4,0,9.3,0,42.1,0,7.8,0,17.2,0,80.8,3.4,0
AU2026261,2025-05-11,2025-05,Business Loan,Semi-Urban,Haryana,Rejected,71000.0,Salaried,9.4,1,23.8,0,59.6,1,9.8,0,0.0,0,102.6,4.3,1
AU2026262,2025-03-28,2025-03,Vehicle Finance,Urban,Maharashtra,Disbursed,1352000.0,Self-Employed,2.0,0,18.4,0,22.1,0,6.7,0,7.1,0,56.3,2.3,0
AU2026263,2024-09-09,2024-09,Personal Loan,Urban,Haryana,Pending Documents,63000.0,Self-Employed,2.2,0,10.2,0,13.9,0,8.7,0,8.2,0,43.2,1.8,0
AU2026264,2024-06-28,2024-06,Vehicle Finance,Urban,Haryana,Under Review,163000.0,MSME Owner,3.7,0,20.7,0,27.9,0,0.0,0,0.0,0,52.3,2.2,0
AU2026265,2024-07-11,2024-07,MSME Loan,Semi-Urban,Karnataka,Under Review,50000.0,Salaried,6.9,0,33.8,1,41.5,0,0.0,0,0.0,0,82.2,3.4,1
AU2026266,2025-02-28,2025-02,MSME Loan,Semi-Urban,Gujarat,Disbursed,184000.0,Salaried,4.8,0,27.8,1,74.9,1,9.3,0,18.3,0,135.1,5.6,1
AU2026267,2025-02-07,2025-02,Personal Loan,Semi-Urban,Tamil Nadu,Disbursed,477000.0,Salaried,5.2,0,25.3,1,44.2,0,14.1,0,11.0,0,99.8,4.2,1
AU2026268,2024-11-29,2024-11,Vehicle Finance,Rural,Odisha,Disbursed,497000.0,Self-Employed,10.5,1,36.0,1,70.4,1,16.3,1,45.0,1,178.2,7.4,1
AU2026269,2024-03-24,2024-03,Vehicle Finance,Urban,Madhya Pradesh,Disbursed,1403000.0,Farmer,3.7,0,21.8,0,18.2,0,8.6,0,16.1,0,68.4,2.9,0
AU2026270,2024-02-07,2024-02,MSME Loan,Semi-Urban,Tamil Nadu,Disbursed,157000.0,Salaried,5.9,0,35.3,1,59.1,1,13.1,0,27.8,1,141.2,5.9,1
AU2026271,2024-05-30,2024-05,Personal Loan,Semi-Urban,Rajasthan,Disbursed,200000.0,Salaried,8.3,1,14.4,0,22.2,0,9.9,0,26.7,1,81.5,3.4,1
AU2026272,2024-06-12,2024-06,Home Loan,Semi-Urban,Rajasthan,Disbursed,694000.0,Self-Employed,4.9,0,41.9,1,21.9,0,10.3,0,24.7,1,103.7,4.3,1
AU2026273,2025-05-02,2025-05,Home Loan,Semi-Urban,Uttar Pradesh,Disbursed,53000.0,Self-Employed,8.1,1,43.9,1,33.3,0,19.6,1,27.2,1,132.1,5.5,1
AU2026274,2024-02-07,2024-02,Business Loan,Rural,Gujarat,Disbursed,127000.0,Self-Employed,17.0,1,52.1,1,97.5,1,14.9,0,28.8,1,210.3,8.8,1
AU2026275,2024-03-28,2024-03,Personal Loan,Urban,Punjab,Disbursed,274000.0,Self-Employed,4.2,0,15.0,0,18.9,0,4.8,0,16.7,0,59.6,2.5,0
AU2026276,2024-03-23,2024-03,Personal Loan,Urban,Haryana,Under Review,51000.0,Salaried,2.1,0,17.8,0,12.5,0,0.0,0,0.0,0,32.4,1.4,0
AU2026277,2024-10-07,2024-10,Home Loan,Urban,Gujarat,Disbursed,410000.0,Salaried,5.1,0,25.2,1,14.1,0,10.8,0,12.6,0,67.8,2.8,1
AU2026278,2024-06-22,2024-06,MSME Loan,Rural,Gujarat,Pending Documents,266000.0,Salaried,15.7,1,33.5,1,92.6,1,27.1,1,41.5,1,210.4,8.8,1
AU2026279,2024-11-10,2024-11,Business Loan,Semi-Urban,Odisha,Disbursed,379000.0,Self-Employed,5.0,0,22.9,0,51.0,1,14.4,0,24.8,1,118.1,4.9,1
AU2026280,2024-12-26,2024-12,Vehicle Finance,Urban,Tamil Nadu,Rejected,135000.0,Self-Employed,2.6,0,13.5,0,33.8,0,11.3,0,0.0,0,61.2,2.6,0
AU2026281,2024-08-08,2024-08,Home Loan,Rural,Rajasthan,Pending Documents,833000.0,Self-Employed,13.6,1,55.5,1,27.5,0,19.6,1,41.7,1,157.9,6.6,1
AU2026282,2024-11-06,2024-11,MSME Loan,Rural,Maharashtra,Disbursed,92000.0,Salaried,17.0,1,41.9,1,95.2,1,13.2,0,30.5,1,197.8,8.2,1
AU2026283,2024-03-21,2024-03,Home Loan,Urban,Haryana,Disbursed,289000.0,Salaried,4.6,0,35.2,1,31.8,0,11.8,0,16.1,0,99.5,4.1,1
AU2026284,2024-02-21,2024-02,MSME Loan,Semi-Urban,Rajasthan,Disbursed,1037000.0,Salaried,4.3,0,34.7,1,25.2,0,19.7,1,23.1,0,107.0,4.5,1
AU2026285,2024-04-15,2024-04,Business Loan,Semi-Urban,Punjab,Under Review,180000.0,Salaried,8.6,1,31.3,1,37.7,0,0.0,0,0.0,0,77.6,3.2,1
AU2026286,2024-07-28,2024-07,Personal Loan,Urban,Madhya Pradesh,Rejected,713000.0,Salaried,3.8,0,18.2,0,33.1,0,8.2,0,0.0,0,63.3,2.6,0
AU2026287,2025-01-04,2025-01,MSME Loan,Urban,Karnataka,Disbursed,198000.0,Self-Employed,5.1,0,8.5,0,40.0,0,8.8,0,17.1,0,79.5,3.3,0
AU2026288,2024-05-15,2024-05,Business Loan,Urban,Karnataka,Disbursed,1143000.0,Self-Employed,5.0,0,21.1,0,53.8,1,7.4,0,17.8,0,105.1,4.4,1
AU2026289,2024-06-01,2024-06,Personal Loan,Semi-Urban,Uttar Pradesh,Disbursed,112000.0,MSME Owner,6.9,0,30.8,1,45.9,0,16.8,1,24.0,0,124.4,5.2,1
AU2026290,2024-02-19,2024-02,Personal Loan,Urban,Madhya Pradesh,Pending Documents,506000.0,Self-Employed,2.2,0,13.9,0,24.0,0,5.7,0,8.1,0,53.9,2.2,0
AU2026291,2024-07-20,2024-07,Vehicle Finance,Semi-Urban,Rajasthan,Disbursed,1967000.0,Self-Employed,9.4,1,23.4,0,43.7,0,19.1,1,11.7,0,107.3,4.5,1
AU2026292,2024-10-08,2024-10,Personal Loan,Semi-Urban,Odisha,Disbursed,50000.0,Self-Employed,4.0,0,35.2,1,25.0,0,19.0,1,12.0,0,95.2,4.0,1
AU2026293,2024-03-19,2024-03,Personal Loan,Urban,Tamil Nadu,Pending Documents,114000.0,Salaried,4.6,0,21.9,0,28.1,0,6.9,0,17.5,0,79.0,3.3,0
AU2026294,2024-07-03,2024-07,MSME Loan,Semi-Urban,Rajasthan,Disbursed,980000.0,Salaried,6.2,0,16.0,0,35.7,0,15.9,0,19.2,0,93.0,3.9,0
AU2026295,2024-08-06,2024-08,Personal Loan,Semi-Urban,Rajasthan,Disbursed,223000.0,Farmer,9.1,1,21.3,0,45.4,0,12.1,0,22.0,0,109.9,4.6,1
AU2026296,2024-05-30,2024-05,MSME Loan,Urban,Gujarat,Rejected,85000.0,Self-Employed,5.9,0,15.3,0,54.4,1,11.3,0,0.0,0,86.9,3.6,1
AU2026297,2024-09-02,2024-09,Business Loan,Semi-Urban,Odisha,Disbursed,99000.0,Salaried,10.0,1,30.1,1,47.3,0,15.4,0,11.6,0,114.4,4.8,1
AU2026298,2024-02-19,2024-02,Vehicle Finance,Rural,Madhya Pradesh,Under Review,416000.0,MSME Owner,11.4,1,26.3,1,48.3,1,0.0,0,0.0,0,86.0,3.6,1
AU2026299,2024-04-15,2024-04,Personal Loan,Urban,Rajasthan,Disbursed,50000.0,Self-Employed,3.2,0,12.4,0,32.9,0,5.2,0,11.9,0,65.6,2.7,0
AU2026300,2024-11-22,2024-11,MSME Loan,Semi-Urban,Maharashtra,Rejected,183000.0,Self-Employed,7.8,0,14.7,0,48.6,1,19.0,1,0.0,0,90.1,3.8,1
AU2026301,2025-05-15,2025-05,Vehicle Finance,Semi-Urban,Uttar Pradesh,Under Review,254000.0,MSME Owner,8.6,1,20.8,0,20.2,0,0.0,0,0.0,0,49.6,2.1,1
AU2026302,2024-08-30,2024-08,Home Loan,Rural,Gujarat,Disbursed,545000.0,Salaried,12.6,1,63.1,1,69.6,1,18.6,1,47.4,1,211.3,8.8,1
AU2026303,2024-06-06,2024-06,Vehicle Finance,Urban,Gujarat,Disbursed,2937000.0,Salaried,3.8,0,8.4,0,22.7,0,11.9,0,14.0,0,60.8,2.5,0
AU2026304,2024-08-29,2024-08,Home Loan,Urban,Haryana,Disbursed,508000.0,Salaried,3.8,0,25.3,1,24.3,0,10.6,0,8.8,0,72.8,3.0,1
AU2026305,2025-04-03,2025-04,Business Loan,Rural,Tamil Nadu,Disbursed,190000.0,Self-Employed,8.3,1,51.1,1,112.7,1,23.2,1,43.7,1,239.0,10.0,1
AU2026306,2024-02-16,2024-02,Vehicle Finance,Urban,Uttar Pradesh,Disbursed,241000.0,MSME Owner,4.8,0,23.8,0,24.2,0,7.4,0,9.4,0,69.6,2.9,0
AU2026307,2024-07-17,2024-07,Vehicle Finance,Rural,Karnataka,Disbursed,2923000.0,Farmer,17.9,1,45.5,1,39.9,0,16.0,0,26.3,1,145.6,6.1,1
AU2026308,2024-07-08,2024-07,Personal Loan,Semi-Urban,Maharashtra,Disbursed,107000.0,Salaried,7.3,0,35.4,1,38.9,0,13.9,0,24.0,0,119.5,5.0,1
AU2026309,2024-07-08,2024-07,Home Loan,Rural,Haryana,Disbursed,1284000.0,Farmer,11.0,1,86.5,1,37.5,0,28.7,1,46.9,1,210.6,8.8,1
AU2026310,2024-08-16,2024-08,Personal Loan,Rural,Maharashtra,Disbursed,195000.0,Farmer,12.9,1,43.8,1,57.3,1,29.4,1,41.5,1,184.9,7.7,1
AU2026311,2024-05-14,2024-05,Personal Loan,Urban,Rajasthan,Disbursed,54000.0,Self-Employed,2.7,0,12.1,0,33.3,0,6.6,0,12.8,0,67.5,2.8,0
AU2026312,2024-08-26,2024-08,Business Loan,Urban,Tamil Nadu,Disbursed,713000.0,Salaried,3.5,0,20.5,0,47.1,0,10.4,0,17.4,0,98.9,4.1,0
AU2026313,2024-04-25,2024-04,Home Loan,Semi-Urban,Uttar Pradesh,Under Review,214000.0,Self-Employed,5.7,0,26.8,1,24.7,0,0.0,0,0.0,0,57.2,2.4,1
AU2026314,2024-10-15,2024-10,Personal Loan,Rural,Uttar Pradesh,Pending Documents,952000.0,Salaried,17.0,1,42.2,1,27.2,0,14.5,0,27.3,1,128.2,5.3,1
AU2026315,2024-03-18,2024-03,Personal Loan,Urban,Rajasthan,Disbursed,371000.0,Salaried,3.1,0,23.9,0,17.7,0,5.9,0,14.2,0,64.8,2.7,0
AU2026316,2024-02-13,2024-02,MSME Loan,Urban,Gujarat,Under Review,81000.0,Salaried,4.4,0,13.9,0,43.6,0,0.0,0,0.0,0,61.9,2.6,0
AU2026317,2025-02-17,2025-02,Business Loan,Semi-Urban,Punjab,Disbursed,143000.0,MSME Owner,5.4,0,32.1,1,61.8,1,10.8,0,27.5,1,137.6,5.7,1
AU2026318,2024-07-30,2024-07,Home Loan,Semi-Urban,Karnataka,Disbursed,68000.0,Self-Employed,6.5,0,43.1,1,23.8,0,17.9,1,15.9,0,107.2,4.5,1
AU2026319,2024-04-26,2024-04,Business Loan,Rural,Odisha,Disbursed,308000.0,Salaried,11.9,1,35.0,1,81.8,1,18.0,1,39.8,1,186.5,7.8,1
AU2026320,2024-02-01,2024-02,Vehicle Finance,Urban,Karnataka,Disbursed,151000.0,Self-Employed,4.0,0,20.1,0,16.5,0,11.6,0,10.1,0,62.3,2.6,0
AU2026321,2025-02-23,2025-02,Business Loan,Semi-Urban,Haryana,Under Review,62000.0,Self-Employed,8.5,1,33.2,1,64.1,1,0.0,0,0.0,0,105.8,4.4,1
AU2026322,2024-08-02,2024-08,Home Loan,Semi-Urban,Karnataka,Rejected,254000.0,Salaried,6.8,0,16.8,0,26.8,0,15.0,0,0.0,0,65.4,2.7,0
AU2026323,2024-12-17,2024-12,Home Loan,Rural,Karnataka,Disbursed,396000.0,Farmer,8.8,1,80.6,1,63.8,1,17.8,1,27.0,1,198.0,8.2,1
AU2026324,2024-10-20,2024-10,Business Loan,Rural,Tamil Nadu,Under Review,746000.0,Salaried,12.7,1,60.0,1,46.0,0,0.0,0,0.0,0,118.7,4.9,1
AU2026325,2024-08-31,2024-08,MSME Loan,Urban,Madhya Pradesh,Disbursed,50000.0,Salaried,4.9,0,18.3,0,23.3,0,10.3,0,9.6,0,66.4,2.8,0
AU2026326,2024-02-10,2024-02,Personal Loan,Semi-Urban,Uttar Pradesh,Disbursed,117000.0,Farmer,8.8,1,22.6,0,39.7,0,14.8,0,16.1,0,102.0,4.2,1
AU2026327,2025-04-07,2025-04,Home Loan,Semi-Urban,Haryana,Disbursed,59000.0,Self-Employed,8.1,1,30.0,1,44.1,0,9.9,0,25.9,1,118.0,4.9,1
AU2026328,2024-09-14,2024-09,Business Loan,Urban,Rajasthan,Disbursed,962000.0,Self-Employed,4.7,0,12.9,0,24.6,0,7.1,0,13.3,0,62.6,2.6,0
AU2026329,2025-04-06,2025-04,Home Loan,Semi-Urban,Odisha,Pending Documents,162000.0,MSME Owner,9.6,1,19.6,0,19.8,0,11.7,0,12.5,0,73.2,3.1,1
AU2026330,2025-02-13,2025-02,Vehicle Finance,Semi-Urban,Karnataka,Disbursed,70000.0,Salaried,7.3,0,25.3,1,24.8,0,16.5,1,23.2,0,97.1,4.0,1
AU2026331,2024-12-12,2024-12,Personal Loan,Urban,Odisha,Under Review,110000.0,Self-Employed,3.4,0,12.1,0,17.8,0,0.0,0,0.0,0,33.3,1.4,0
AU2026332,2024-03-16,2024-03,Personal Loan,Urban,Odisha,Disbursed,563000.0,Self-Employed,3.1,0,12.4,0,31.1,0,11.8,0,10.2,0,68.6,2.9,0
AU2026333,2025-05-01,2025-05,Personal Loan,Urban,Gujarat,Rejected,50000.0,Self-Employed,5.1,0,19.2,0,33.8,0,11.1,0,0.0,0,69.2,2.9,0
AU2026334,2024-03-29,2024-03,Vehicle Finance,Urban,Tamil Nadu,Disbursed,4010000.0,Salaried,4.6,0,15.3,0,26.9,0,5.9,0,11.2,0,63.9,2.7,0
AU2026335,2025-05-12,2025-05,Personal Loan,Rural,Maharashtra,Disbursed,282000.0,Salaried,8.4,1,48.3,1,34.3,0,29.8,1,34.0,1,154.8,6.5,1
AU2026336,2025-02-17,2025-02,Business Loan,Semi-Urban,Madhya Pradesh,Disbursed,146000.0,Farmer,7.6,0,32.3,1,28.7,0,12.2,0,23.3,0,104.1,4.3,1
AU2026337,2024-03-05,2024-03,Home Loan,Urban,Madhya Pradesh,Disbursed,744000.0,Salaried,4.5,0,19.0,0,19.4,0,5.7,0,10.9,0,59.5,2.5,0
AU2026338,2024-08-04,2024-08,Personal Loan,Rural,Rajasthan,Disbursed,229000.0,Self-Employed,10.3,1,46.9,1,56.9,1,20.4,1,19.7,0,154.2,6.4,1
AU2026339,2024-12-15,2024-12,MSME Loan,Rural,Gujarat,Disbursed,666000.0,Self-Employed,12.5,1,35.6,1,39.3,0,20.2,1,42.6,1,150.2,6.3,1
AU2026340,2024-04-13,2024-04,Personal Loan,Semi-Urban,Haryana,Under Review,138000.0,MSME Owner,5.5,0,16.6,0,29.3,0,0.0,0,0.0,0,51.4,2.1,0
AU2026341,2025-03-03,2025-03,Vehicle Finance,Semi-Urban,Maharashtra,Disbursed,148000.0,Farmer,4.7,0,17.0,0,46.9,0,19.5,1,13.2,0,101.3,4.2,1
AU2026342,2024-05-12,2024-05,Personal Loan,Semi-Urban,Odisha,Disbursed,137000.0,Salaried,6.9,0,35.0,1,30.8,0,12.3,0,28.0,1,113.0,4.7,1
AU2026343,2025-04-11,2025-04,Vehicle Finance,Urban,Punjab,Disbursed,343000.0,Salaried,4.0,0,15.0,0,18.5,0,5.3,0,9.7,0,52.5,2.2,0
AU2026344,2024-02-14,2024-02,Vehicle Finance,Urban,Gujarat,Disbursed,287000.0,Salaried,4.8,0,9.0,0,29.7,0,10.0,0,13.8,0,67.3,2.8,0
AU2026345,2024-10-11,2024-10,Home Loan,Urban,Haryana,Rejected,547000.0,Salaried,3.4,0,34.5,1,24.1,0,11.7,0,0.0,0,73.7,3.1,1
AU2026346,2024-10-09,2024-10,Vehicle Finance,Urban,Haryana,Disbursed,698000.0,Salaried,5.4,0,10.1,0,12.8,0,7.2,0,17.8,0,53.3,2.2,0
AU2026347,2025-03-14,2025-03,Personal Loan,Urban,Punjab,Rejected,106000.0,Salaried,4.9,0,11.2,0,23.0,0,6.1,0,0.0,0,45.2,1.9,0
AU2026348,2024-09-23,2024-09,Home Loan,Rural,Uttar Pradesh,Disbursed,229000.0,Salaried,14.1,1,67.7,1,26.2,0,22.9,1,29.2,1,160.1,6.7,1
AU2026349,2025-04-14,2025-04,Home Loan,Rural,Tamil Nadu,Disbursed,357000.0,Salaried,14.4,1,75.2,1,36.0,0,20.4,1,47.0,1,193.0,8.0,1
AU2026350,2025-02-06,2025-02,Business Loan,Urban,Rajasthan,Disbursed,530000.0,Self-Employed,3.2,0,18.2,0,41.6,0,8.8,0,7.9,0,79.7,3.3,0
AU2026351,2024-10-27,2024-10,Vehicle Finance,Semi-Urban,Odisha,Disbursed,293000.0,Self-Employed,9.9,1,20.4,0,47.0,0,9.2,0,23.2,0,109.7,4.6,1
AU2026352,2025-02-04,2025-02,Personal Loan,Urban,Karnataka,Disbursed,1247000.0,Self-Employed,4.4,0,22.6,0,22.9,0,5.8,0,7.9,0,63.6,2.6,0
AU2026353,2024-02-27,2024-02,Business Loan,Semi-Urban,Haryana,Disbursed,450000.0,Salaried,4.6,0,26.0,1,37.4,0,10.0,0,20.7,0,98.7,4.1,1
AU2026354,2024-03-17,2024-03,Home Loan,Urban,Haryana,Disbursed,279000.0,Salaried,5.6,0,30.5,1,35.3,0,8.9,0,12.3,0,92.6,3.9,1
AU2026355,2024-10-17,2024-10,Vehicle Finance,Urban,Maharashtra,Disbursed,176000.0,Self-Employed,5.7,0,17.5,0,32.6,0,10.9,0,12.2,0,78.9,3.3,0
AU2026356,2024-10-25,2024-10,Business Loan,Semi-Urban,Odisha,Disbursed,214000.0,Farmer,4.3,0,28.7,1,67.9,1,15.8,0,20.3,0,137.0,5.7,1
AU2026357,2025-04-18,2025-04,Home Loan,Semi-Urban,Gujarat,Disbursed,123000.0,Farmer,6.6,0,41.0,1,33.9,0,8.7,0,27.1,1,117.3,4.9,1
AU2026358,2024-10-15,2024-10,Home Loan,Urban,Gujarat,Pending Documents,215000.0,Self-Employed,2.4,0,24.6,1,13.8,0,8.4,0,12.6,0,61.8,2.6,1
AU2026359,2025-02-06,2025-02,MSME Loan,Semi-Urban,Gujarat,Disbursed,1758000.0,Farmer,7.4,0,26.6,1,33.6,0,18.3,1,26.8,1,112.7,4.7,1
AU2026360,2025-03-20,2025-03,Home Loan,Rural,Uttar Pradesh,Disbursed,258000.0,Salaried,14.7,1,71.4,1,37.8,0,12.5,0,24.0,0,160.4,6.7,1
AU2026361,2025-03-26,2025-03,Business Loan,Urban,Karnataka,Disbursed,940000.0,Self-Employed,5.8,0,20.2,0,29.1,0,11.6,0,13.7,0,80.4,3.4,0
AU2026362,2025-03-25,2025-03,Vehicle Finance,Semi-Urban,Punjab,Disbursed,142000.0,Self-Employed,7.2,0,30.3,1,28.8,0,16.6,1,20.4,0,103.3,4.3,1
AU2026363,2024-05-15,2024-05,MSME Loan,Urban,Haryana,Under Review,60000.0,MSME Owner,4.6,0,18.5,0,19.5,0,0.0,0,0.0,0,42.6,1.8,0
AU2026364,2024-12-01,2024-12,Vehicle Finance,Urban,Haryana,Disbursed,638000.0,Self-Employed,6.0,0,17.5,0,15.9,0,5.5,0,14.6,0,59.5,2.5,0
AU2026365,2024-10-19,2024-10,Personal Loan,Semi-Urban,Tamil Nadu,Disbursed,339000.0,Self-Employed,8.5,1,23.0,0,22.9,0,11.0,0,16.6,0,82.0,3.4,1
AU2026366,2024-08-30,2024-08,Personal Loan,Semi-Urban,Odisha,Disbursed,229000.0,Self-Employed,6.0,0,25.4,1,28.4,0,13.0,0,24.4,1,97.2,4.0,1
AU2026367,2024-03-29,2024-03,Personal Loan,Semi-Urban,Rajasthan,Disbursed,132000.0,Salaried,8.4,1,25.2,1,32.3,0,16.0,0,24.4,1,106.3,4.4,1
AU2026368,2024-07-25,2024-07,MSME Loan,Semi-Urban,Uttar Pradesh,Under Review,269000.0,Salaried,4.6,0,24.8,1,63.1,1,0.0,0,0.0,0,92.5,3.9,1
AU2026369,2024-11-12,2024-11,Vehicle Finance,Semi-Urban,Maharashtra,Disbursed,257000.0,Self-Employed,6.1,0,27.5,1,21.5,0,9.1,0,21.9,0,86.1,3.6,1
AU2026370,2024-12-14,2024-12,Vehicle Finance,Semi-Urban,Odisha,Disbursed,1188000.0,Farmer,8.2,1,13.4,0,38.1,0,10.9,0,15.7,0,86.3,3.6,1
AU2026371,2024-01-20,2024-01,Personal Loan,Rural,Haryana,Disbursed,170000.0,Self-Employed,14.7,1,32.5,1,45.3,0,23.4,1,37.1,1,153.0,6.4,1
AU2026372,2025-03-31,2025-03,Home Loan,Urban,Haryana,Rejected,2182000.0,Self-Employed,5.8,0,14.7,0,28.2,0,8.6,0,0.0,0,57.3,2.4,0
AU2026373,2024-12-19,2024-12,Personal Loan,Rural,Punjab,Disbursed,128000.0,Salaried,17.8,1,49.8,1,36.0,0,22.6,1,34.0,1,160.2,6.7,1
AU2026374,2024-01-26,2024-01,MSME Loan,Semi-Urban,Madhya Pradesh,Under Review,509000.0,Salaried,4.4,0,29.1,1,26.2,0,0.0,0,0.0,0,59.7,2.5,1
AU2026375,2025-04-16,2025-04,Business Loan,Urban,Tamil Nadu,Rejected,72000.0,Farmer,4.9,0,17.3,0,25.4,0,4.1,0,0.0,0,51.7,2.2,0
AU2026376,2025-04-04,2025-04,Personal Loan,Rural,Uttar Pradesh,Disbursed,1604000.0,MSME Owner,14.4,1,57.8,1,71.2,1,29.0,1,42.7,1,215.1,9.0,1
AU2026377,2024-01-11,2024-01,Home Loan,Semi-Urban,Punjab,Disbursed,333000.0,Salaried,4.0,0,20.4,0,31.2,0,9.8,0,26.2,1,91.6,3.8,1
AU2026378,2025-02-22,2025-02,MSME Loan,Urban,Punjab,Disbursed,461000.0,Farmer,6.0,0,23.6,0,32.8,0,6.0,0,15.1,0,83.5,3.5,0
AU2026379,2024-06-08,2024-06,Business Loan,Rural,Uttar Pradesh,Disbursed,475000.0,MSME Owner,10.8,1,42.3,1,79.2,1,29.0,1,26.0,1,187.3,7.8,1
AU2026380,2025-03-07,2025-03,MSME Loan,Rural,Uttar Pradesh,Rejected,457000.0,Salaried,9.9,1,55.2,1,92.5,1,15.8,0,0.0,0,173.4,7.2,1
AU2026381,2025-03-15,2025-03,Business Loan,Urban,Tamil Nadu,Disbursed,1143000.0,Salaried,2.4,0,15.5,0,40.2,0,4.4,0,10.8,0,73.3,3.1,0
AU2026382,2025-05-12,2025-05,Business Loan,Urban,Gujarat,Disbursed,201000.0,MSME Owner,3.8,0,10.4,0,20.1,0,6.4,0,15.6,0,56.3,2.3,0
AU2026383,2024-03-09,2024-03,Business Loan,Urban,Madhya Pradesh,Disbursed,193000.0,Self-Employed,2.1,0,18.0,0,32.2,0,4.1,0,14.1,0,70.5,2.9,0
AU2026384,2025-05-13,2025-05,Home Loan,Semi-Urban,Uttar Pradesh,Disbursed,50000.0,MSME Owner,7.5,0,18.2,0,37.3,0,16.2,1,16.7,0,95.9,4.0,1
AU2026385,2025-01-31,2025-01,MSME Loan,Rural,Tamil Nadu,Disbursed,526000.0,Farmer,12.4,1,50.1,1,99.8,1,21.1,1,30.0,1,213.4,8.9,1
AU2026386,2024-05-17,2024-05,MSME Loan,Urban,Punjab,Disbursed,766000.0,Farmer,2.9,0,21.8,0,26.6,0,11.8,0,13.2,0,76.3,3.2,0
AU2026387,2024-11-05,2024-11,Personal Loan,Urban,Haryana,Disbursed,179000.0,Salaried,5.1,0,11.6,0,35.3,0,9.1,0,14.3,0,75.4,3.1,0
AU2026388,2024-04-06,2024-04,Personal Loan,Rural,Gujarat,Rejected,392000.0,Self-Employed,11.7,1,47.5,1,38.7,0,16.3,1,0.0,0,114.2,4.8,1
AU2026389,2024-04-18,2024-04,Personal Loan,Semi-Urban,Tamil Nadu,Pending Documents,368000.0,MSME Owner,9.6,1,31.4,1,28.6,0,17.7,1,26.6,1,113.9,4.7,1
AU2026390,2025-01-14,2025-01,MSME Loan,Semi-Urban,Haryana,Disbursed,256000.0,Farmer,6.8,0,27.9,1,26.2,0,11.0,0,17.9,0,89.8,3.7,1
AU2026391,2025-01-23,2025-01,Vehicle Finance,Urban,Tamil Nadu,Rejected,476000.0,Self-Employed,5.3,0,9.6,0,28.3,0,6.3,0,0.0,0,49.5,2.1,0
AU2026392,2025-03-20,2025-03,Business Loan,Semi-Urban,Karnataka,Pending Documents,557000.0,Salaried,7.0,0,13.0,0,34.8,0,13.1,0,25.0,1,92.9,3.9,1
AU2026393,2025-02-24,2025-02,Vehicle Finance,Semi-Urban,Punjab,Under Review,1034000.0,Salaried,8.2,1,32.7,1,24.1,0,0.0,0,0.0,0,65.0,2.7,1
AU2026394,2024-09-20,2024-09,MSME Loan,Urban,Rajasthan,Disbursed,127000.0,Self-Employed,4.5,0,22.4,0,29.5,0,10.8,0,7.1,0,74.3,3.1,0
AU2026395,2024-02-03,2024-02,Personal Loan,Semi-Urban,Maharashtra,Disbursed,51000.0,Self-Employed,9.4,1,17.8,0,39.2,0,11.6,0,10.8,0,88.8,3.7,1
AU2026396,2024-12-29,2024-12,Vehicle Finance,Rural,Uttar Pradesh,Disbursed,660000.0,MSME Owner,9.9,1,50.4,1,48.1,1,25.4,1,32.8,1,166.6,6.9,1
AU2026397,2024-07-25,2024-07,Personal Loan,Semi-Urban,Karnataka,Disbursed,349000.0,Self-Employed,9.3,1,33.5,1,31.6,0,13.5,0,19.3,0,107.2,4.5,1
AU2026398,2025-02-03,2025-02,Vehicle Finance,Rural,Maharashtra,Disbursed,354000.0,Self-Employed,14.4,1,45.1,1,32.5,0,12.6,0,28.1,1,132.7,5.5,1
AU2026399,2025-03-26,2025-03,Business Loan,Urban,Karnataka,Under Review,50000.0,Salaried,5.7,0,10.5,0,18.3,0,0.0,0,0.0,0,34.5,1.4,0
AU2026400,2024-01-15,2024-01,MSME Loan,Urban,Odisha,Disbursed,219000.0,Salaried,3.2,0,16.0,0,23.6,0,7.7,0,16.0,0,66.5,2.8,0
AU2026401,2024-04-08,2024-04,MSME Loan,Urban,Maharashtra,Disbursed,565000.0,Salaried,4.4,0,13.8,0,50.6,1,9.7,0,7.2,0,85.7,3.6,1
AU2026402,2025-03-04,2025-03,Vehicle Finance,Urban,Madhya Pradesh,Disbursed,170000.0,Self-Employed,4.3,0,10.8,0,35.8,0,7.4,0,7.2,0,65.5,2.7,0
AU2026403,2024-05-07,2024-05,Personal Loan,Semi-Urban,Rajasthan,Pending Documents,171000.0,Self-Employed,9.7,1,22.7,0,31.1,0,14.0,0,22.6,0,100.1,4.2,1
AU2026404,2024-08-21,2024-08,Business Loan,Rural,Rajasthan,Disbursed,476000.0,Self-Employed,10.8,1,39.4,1,72.7,1,24.4,1,41.2,1,188.5,7.9,1
AU2026405,2025-04-15,2025-04,Home Loan,Urban,Rajasthan,Pending Documents,50000.0,MSME Owner,3.0,0,15.1,0,19.5,0,7.6,0,16.2,0,61.4,2.6,0
AU2026406,2024-12-26,2024-12,Home Loan,Rural,Punjab,Disbursed,50000.0,Salaried,14.8,1,39.4,1,56.0,1,23.7,1,42.3,1,176.2,7.3,1
AU2026407,2024-05-20,2024-05,Personal Loan,Rural,Madhya Pradesh,Pending Documents,571000.0,Farmer,15.5,1,47.8,1,44.2,0,25.1,1,39.7,1,172.3,7.2,1
AU2026408,2025-02-25,2025-02,Vehicle Finance,Rural,Punjab,Disbursed,320000.0,Salaried,11.8,1,24.6,1,42.4,0,26.6,1,34.3,1,139.7,5.8,1
AU2026409,2024-09-15,2024-09,Personal Loan,Semi-Urban,Tamil Nadu,Disbursed,88000.0,Self-Employed,6.4,0,34.4,1,19.2,0,16.2,1,25.3,1,101.5,4.2,1
AU2026410,2024-11-21,2024-11,MSME Loan,Urban,Haryana,Disbursed,268000.0,Salaried,5.4,0,9.8,0,37.0,0,8.2,0,17.7,0,78.1,3.3,0
AU2026411,2024-12-14,2024-12,Home Loan,Urban,Gujarat,Disbursed,138000.0,Salaried,5.0,0,28.0,1,26.6,0,4.3,0,15.2,0,79.1,3.3,1
AU2026412,2024-05-03,2024-05,Vehicle Finance,Rural,Rajasthan,Disbursed,98000.0,Salaried,15.2,1,49.5,1,33.6,0,14.9,0,20.3,0,133.5,5.6,1
AU2026413,2024-09-07,2024-09,MSME Loan,Urban,Punjab,Disbursed,51000.0,Salaried,3.7,0,19.4,0,51.7,1,5.5,0,14.2,0,94.5,3.9,1
AU2026414,2024-08-16,2024-08,Business Loan,Rural,Odisha,Disbursed,271000.0,Salaried,8.4,1,49.1,1,93.0,1,20.3,1,38.3,1,209.1,8.7,1
AU2026415,2025-05-06,2025-05,Vehicle Finance,Semi-Urban,Maharashtra,Disbursed,207000.0,MSME Owner,5.2,0,18.4,0,31.2,0,13.4,0,23.9,0,92.1,3.8,0
AU2026416,2024-10-27,2024-10,Business Loan,Urban,Tamil Nadu,Disbursed,579000.0,Self-Employed,4.8,0,14.7,0,52.5,1,11.9,0,14.0,0,97.9,4.1,1
AU2026417,2024-06-28,2024-06,MSME Loan,Semi-Urban,Karnataka,Pending Documents,104000.0,MSME Owner,10.0,1,27.0,1,64.7,1,14.5,0,14.7,0,130.9,5.5,1
AU2026418,2024-03-24,2024-03,Business Loan,Rural,Punjab,Disbursed,50000.0,Self-Employed,16.8,1,54.7,1,82.1,1,16.9,1,32.3,1,202.8,8.5,1
AU2026419,2025-01-18,2025-01,Business Loan,Urban,Uttar Pradesh,Disbursed,1067000.0,Self-Employed,3.2,0,18.6,0,29.1,0,7.4,0,6.6,0,64.9,2.7,0
AU2026420,2024-05-25,2024-05,MSME Loan,Semi-Urban,Gujarat,Disbursed,878000.0,MSME Owner,8.2,1,15.3,0,58.5,1,17.2,1,20.3,0,119.5,5.0,1
AU2026421,2024-07-16,2024-07,MSME Loan,Urban,Rajasthan,Disbursed,306000.0,Farmer,4.5,0,8.0,0,30.5,0,10.9,0,6.3,0,60.2,2.5,0
AU2026422,2024-03-24,2024-03,Personal Loan,Urban,Rajasthan,Under Review,282000.0,Self-Employed,3.3,0,11.9,0,31.6,0,0.0,0,0.0,0,46.8,1.9,0
AU2026423,2025-02-03,2025-02,Vehicle Finance,Urban,Odisha,Disbursed,749000.0,Self-Employed,5.0,0,11.8,0,19.0,0,8.6,0,17.8,0,62.2,2.6,0
AU2026424,2025-03-14,2025-03,Personal Loan,Rural,Madhya Pradesh,Rejected,190000.0,Self-Employed,17.8,1,27.8,1,51.0,1,12.1,0,0.0,0,108.7,4.5,1
AU2026425,2024-11-27,2024-11,Personal Loan,Urban,Madhya Pradesh,Disbursed,229000.0,MSME Owner,2.4,0,11.7,0,12.2,0,11.7,0,13.1,0,51.1,2.1,0
AU2026426,2024-12-12,2024-12,Home Loan,Semi-Urban,Madhya Pradesh,Disbursed,88000.0,Self-Employed,7.4,0,36.8,1,21.6,0,8.4,0,24.4,1,98.6,4.1,1
AU2026427,2024-05-17,2024-05,Home Loan,Urban,Madhya Pradesh,Disbursed,357000.0,Farmer,5.1,0,35.9,1,18.1,0,7.9,0,8.8,0,75.8,3.2,1
AU2026428,2024-09-19,2024-09,Vehicle Finance,Urban,Haryana,Disbursed,336000.0,Self-Employed,4.5,0,22.1,0,29.8,0,7.7,0,17.8,0,81.9,3.4,0
AU2026429,2025-03-18,2025-03,Vehicle Finance,Urban,Rajasthan,Pending Documents,163000.0,Salaried,4.2,0,12.9,0,24.1,0,8.5,0,8.9,0,58.6,2.4,0
AU2026430,2024-08-30,2024-08,Vehicle Finance,Rural,Rajasthan,Disbursed,55000.0,MSME Owner,15.2,1,55.4,1,32.2,0,13.3,0,21.6,0,137.7,5.7,1
AU2026431,2024-11-27,2024-11,Personal Loan,Semi-Urban,Maharashtra,Pending Documents,120000.0,Self-Employed,9.8,1,12.9,0,45.8,0,10.2,0,26.4,1,105.1,4.4,1
AU2026432,2024-11-03,2024-11,Personal Loan,Rural,Maharashtra,Disbursed,243000.0,Self-Employed,14.7,1,59.1,1,53.1,1,25.0,1,20.6,0,172.5,7.2,1
AU2026433,2024-04-24,2024-04,Vehicle Finance,Semi-Urban,Rajasthan,Under Review,50000.0,Self-Employed,8.1,1,17.5,0,25.8,0,0.0,0,0.0,0,51.4,2.1,1
AU2026434,2024-11-07,2024-11,Business Loan,Urban,Uttar Pradesh,Under Review,303000.0,Self-Employed,4.3,0,12.6,0,43.2,0,0.0,0,0.0,0,60.1,2.5,0
AU2026435,2024-12-30,2024-12,MSME Loan,Semi-Urban,Uttar Pradesh,Disbursed,5000000.0,MSME Owner,9.5,1,24.9,1,36.0,0,19.0,1,13.4,0,102.8,4.3,1
AU2026436,2024-08-04,2024-08,Personal Loan,Urban,Uttar Pradesh,Rejected,338000.0,Farmer,2.4,0,9.0,0,26.5,0,11.7,0,0.0,0,49.6,2.1,0
AU2026437,2025-03-12,2025-03,Personal Loan,Urban,Haryana,Disbursed,548000.0,Salaried,2.2,0,22.5,0,24.4,0,9.4,0,6.8,0,65.3,2.7,0
AU2026438,2024-08-23,2024-08,Personal Loan,Semi-Urban,Punjab,Under Review,852000.0,MSME Owner,4.5,0,16.8,0,37.7,0,0.0,0,0.0,0,59.0,2.5,0
AU2026439,2024-04-21,2024-04,Business Loan,Semi-Urban,Uttar Pradesh,Under Review,293000.0,Salaried,5.7,0,24.9,1,60.6,1,0.0,0,0.0,0,91.2,3.8,1
AU2026440,2024-06-03,2024-06,Home Loan,Semi-Urban,Tamil Nadu,Disbursed,2071000.0,MSME Owner,9.8,1,38.6,1,33.8,0,8.2,0,11.3,0,101.7,4.2,1
AU2026441,2025-02-26,2025-02,Personal Loan,Urban,Karnataka,Disbursed,160000.0,Salaried,4.5,0,16.6,0,26.3,0,7.8,0,9.3,0,64.5,2.7,0
AU2026442,2024-07-22,2024-07,MSME Loan,Urban,Odisha,Pending Documents,310000.0,Salaried,2.3,0,14.9,0,46.4,0,6.2,0,12.7,0,82.5,3.4,0
AU2026443,2024-02-22,2024-02,Business Loan,Urban,Odisha,Under Review,50000.0,Farmer,4.1,0,11.8,0,23.9,0,0.0,0,0.0,0,39.8,1.7,0
AU2026444,2024-09-18,2024-09,MSME Loan,Urban,Rajasthan,Pending Documents,55000.0,Self-Employed,5.8,0,23.6,0,45.0,0,10.0,0,12.8,0,97.2,4.0,0
AU2026445,2024-10-14,2024-10,Home Loan,Rural,Punjab,Disbursed,66000.0,Self-Employed,13.4,1,64.2,1,66.7,1,18.4,1,24.2,1,186.9,7.8,1
AU2026446,2024-11-07,2024-11,Vehicle Finance,Urban,Odisha,Disbursed,347000.0,Farmer,2.7,0,22.4,0,26.4,0,4.3,0,13.6,0,69.4,2.9,0
AU2026447,2024-06-01,2024-06,MSME Loan,Urban,Uttar Pradesh,Disbursed,647000.0,Farmer,2.0,0,18.1,0,35.5,0,6.8,0,13.5,0,75.9,3.2,0
AU2026448,2024-09-03,2024-09,Personal Loan,Rural,Gujarat,Disbursed,280000.0,Self-Employed,11.1,1,53.9,1,68.9,1,27.7,1,33.7,1,195.3,8.1,1
AU2026449,2024-06-21,2024-06,MSME Loan,Rural,Gujarat,Disbursed,50000.0,Salaried,9.0,1,41.2,1,110.6,1,22.1,1,38.0,1,220.9,9.2,1
AU2026450,2024-11-23,2024-11,Personal Loan,Urban,Uttar Pradesh,Disbursed,230000.0,Farmer,2.5,0,17.9,0,26.4,0,10.9,0,6.0,0,63.7,2.7,0
AU2026451,2025-03-17,2025-03,Personal Loan,Urban,Punjab,Pending Documents,443000.0,Salaried,2.1,0,16.6,0,24.7,0,10.8,0,17.4,0,71.6,3.0,0
AU2026452,2024-05-13,2024-05,Vehicle Finance,Rural,Uttar Pradesh,Rejected,358000.0,MSME Owner,12.1,1,48.5,1,43.3,0,14.1,0,0.0,0,118.0,4.9,1
AU2026453,2024-04-06,2024-04,MSME Loan,Semi-Urban,Uttar Pradesh,Disbursed,229000.0,Farmer,4.2,0,20.0,0,38.3,0,8.6,0,17.3,0,88.4,3.7,0
AU2026454,2024-09-21,2024-09,Vehicle Finance,Rural,Maharashtra,Pending Documents,230000.0,MSME Owner,16.4,1,40.8,1,61.7,1,20.7,1,29.6,1,169.2,7.0,1
AU2026455,2025-04-05,2025-04,Vehicle Finance,Semi-Urban,Madhya Pradesh,Rejected,1221000.0,Self-Employed,7.4,0,33.8,1,47.3,0,10.7,0,0.0,0,99.2,4.1,1
AU2026456,2025-02-16,2025-02,Home Loan,Semi-Urban,Rajasthan,Disbursed,899000.0,MSME Owner,7.0,0,33.4,1,35.4,0,10.6,0,19.5,0,105.9,4.4,1
AU2026457,2024-07-25,2024-07,Personal Loan,Semi-Urban,Odisha,Disbursed,147000.0,MSME Owner,7.8,0,21.1,0,18.2,0,11.0,0,21.4,0,79.5,3.3,0
AU2026458,2024-12-14,2024-12,Personal Loan,Urban,Punjab,Disbursed,113000.0,Self-Employed,5.8,0,23.1,0,19.4,0,10.5,0,13.1,0,71.9,3.0,0
AU2026459,2025-01-04,2025-01,MSME Loan,Semi-Urban,Maharashtra,Rejected,927000.0,MSME Owner,7.0,0,31.1,1,38.3,0,9.5,0,0.0,0,85.9,3.6,1
AU2026460,2024-12-01,2024-12,MSME Loan,Semi-Urban,Rajasthan,Disbursed,94000.0,Self-Employed,8.2,1,35.3,1,33.6,0,12.9,0,11.7,0,101.7,4.2,1
AU2026461,2024-05-31,2024-05,Personal Loan,Urban,Tamil Nadu,Disbursed,383000.0,Salaried,2.9,0,20.4,0,35.1,0,6.6,0,14.3,0,79.3,3.3,0
AU2026462,2025-04-09,2025-04,Business Loan,Rural,Uttar Pradesh,Rejected,567000.0,Salaried,10.6,1,44.9,1,90.9,1,12.6,0,0.0,0,159.0,6.6,1
AU2026463,2024-07-26,2024-07,Personal Loan,Urban,Haryana,Disbursed,3868000.0,Salaried,3.8,0,13.8,0,27.6,0,7.8,0,17.6,0,70.6,2.9,0
AU2026464,2025-01-12,2025-01,Business Loan,Semi-Urban,Haryana,Disbursed,5000000.0,Salaried,6.8,0,18.7,0,25.3,0,10.6,0,22.6,0,84.0,3.5,0
AU2026465,2024-10-25,2024-10,Home Loan,Urban,Rajasthan,Disbursed,461000.0,Salaried,2.9,0,30.3,1,26.5,0,5.6,0,9.1,0,74.4,3.1,1
AU2026466,2025-02-21,2025-02,MSME Loan,Urban,Odisha,Disbursed,588000.0,Self-Employed,5.6,0,11.5,0,46.4,0,5.3,0,13.4,0,82.2,3.4,0
AU2026467,2024-06-24,2024-06,MSME Loan,Semi-Urban,Madhya Pradesh,Rejected,2215000.0,MSME Owner,4.8,0,28.9,1,71.9,1,14.9,0,0.0,0,120.5,5.0,1
AU2026468,2024-12-17,2024-12,Personal Loan,Urban,Madhya Pradesh,Disbursed,115000.0,Salaried,3.8,0,15.6,0,25.6,0,9.6,0,6.6,0,61.2,2.6,0
AU2026469,2024-11-22,2024-11,Personal Loan,Urban,Karnataka,Disbursed,276000.0,Salaried,5.0,0,11.6,0,34.5,0,7.9,0,11.4,0,70.4,2.9,0
AU2026470,2025-04-09,2025-04,Home Loan,Semi-Urban,Tamil Nadu,Disbursed,234000.0,MSME Owner,6.3,0,47.7,1,25.8,0,11.5,0,22.2,0,113.5,4.7,1
AU2026471,2024-09-16,2024-09,Personal Loan,Urban,Punjab,Disbursed,574000.0,MSME Owner,5.6,0,18.8,0,31.9,0,8.3,0,6.8,0,71.4,3.0,0
AU2026472,2025-03-08,2025-03,Personal Loan,Semi-Urban,Uttar Pradesh,Disbursed,220000.0,MSME Owner,6.3,0,31.3,1,40.2,0,16.8,1,27.7,1,122.3,5.1,1
AU2026473,2025-03-06,2025-03,Business Loan,Semi-Urban,Maharashtra,Under Review,51000.0,Self-Employed,8.7,1,21.9,0,55.1,1,0.0,0,0.0,0,85.7,3.6,1
AU2026474,2024-04-02,2024-04,MSME Loan,Rural,Karnataka,Rejected,196000.0,Salaried,13.6,1,39.2,1,86.4,1,20.7,1,0.0,0,159.9,6.7,1
AU2026475,2024-02-19,2024-02,MSME Loan,Urban,Uttar Pradesh,Disbursed,817000.0,Self-Employed,5.8,0,13.8,0,31.6,0,9.2,0,11.0,0,71.4,3.0,0
AU2026476,2024-03-06,2024-03,MSME Loan,Rural,Tamil Nadu,Disbursed,153000.0,MSME Owner,15.1,1,36.9,1,51.0,1,28.5,1,30.8,1,162.3,6.8,1
AU2026477,2025-01-06,2025-01,Home Loan,Urban,Uttar Pradesh,Disbursed,323000.0,MSME Owner,3.6,0,25.7,1,17.0,0,7.3,0,17.1,0,70.7,2.9,1
AU2026478,2025-01-25,2025-01,Vehicle Finance,Rural,Karnataka,Under Review,225000.0,Self-Employed,12.0,1,24.9,1,46.9,0,0.0,0,0.0,0,83.8,3.5,1
AU2026479,2025-04-29,2025-04,Business Loan,Urban,Maharashtra,Disbursed,159000.0,Salaried,4.4,0,15.5,0,29.8,0,7.0,0,10.5,0,67.2,2.8,0
AU2026480,2024-12-01,2024-12,MSME Loan,Urban,Punjab,Under Review,103000.0,Self-Employed,3.0,0,8.6,0,50.3,1,0.0,0,0.0,0,61.9,2.6,1
AU2026481,2024-04-23,2024-04,Home Loan,Semi-Urban,Gujarat,Disbursed,1691000.0,Self-Employed,6.5,0,44.6,1,43.1,0,9.1,0,20.1,0,123.4,5.1,1
AU2026482,2024-04-24,2024-04,Home Loan,Rural,Punjab,Disbursed,952000.0,Salaried,12.3,1,78.5,1,28.3,0,27.5,1,27.3,1,173.9,7.2,1
AU2026483,2024-08-03,2024-08,Personal Loan,Urban,Uttar Pradesh,Disbursed,294000.0,Salaried,4.8,0,11.4,0,34.4,0,8.1,0,11.5,0,70.2,2.9,0
AU2026484,2024-07-09,2024-07,Business Loan,Semi-Urban,Punjab,Disbursed,117000.0,Self-Employed,7.9,0,18.6,0,65.8,1,16.0,0,21.7,0,130.0,5.4,1
AU2026485,2024-10-26,2024-10,Business Loan,Rural,Uttar Pradesh,Disbursed,233000.0,Self-Employed,11.1,1,50.8,1,36.9,0,12.8,0,42.3,1,153.9,6.4,1
AU2026486,2024-08-25,2024-08,Business Loan,Urban,Uttar Pradesh,Disbursed,95000.0,Salaried,5.8,0,17.4,0,32.0,0,10.4,0,12.3,0,77.9,3.2,0
AU2026487,2024-08-28,2024-08,Personal Loan,Urban,Gujarat,Disbursed,543000.0,Farmer,2.2,0,11.5,0,33.4,0,5.0,0,13.6,0,65.7,2.7,0
AU2026488,2025-03-19,2025-03,Personal Loan,Semi-Urban,Rajasthan,Disbursed,329000.0,MSME Owner,8.1,1,27.3,1,33.0,0,14.2,0,21.4,0,104.0,4.3,1
AU2026489,2024-10-24,2024-10,Home Loan,Semi-Urban,Odisha,Disbursed,101000.0,Salaried,5.3,0,25.1,1,45.6,0,17.1,1,20.0,0,113.1,4.7,1
AU2026490,2024-02-06,2024-02,Business Loan,Urban,Odisha,Under Review,204000.0,Salaried,5.0,0,17.8,0,48.0,0,0.0,0,0.0,0,70.8,2.9,0
AU2026491,2025-03-31,2025-03,Business Loan,Urban,Tamil Nadu,Disbursed,1249000.0,Salaried,3.8,0,13.9,0,46.1,0,8.8,0,13.8,0,86.4,3.6,0
AU2026492,2024-09-13,2024-09,Personal Loan,Urban,Madhya Pradesh,Disbursed,191000.0,Salaried,4.4,0,24.0,0,14.4,0,10.6,0,7.4,0,60.8,2.5,0
AU2026493,2025-03-20,2025-03,Home Loan,Semi-Urban,Gujarat,Under Review,152000.0,Salaried,5.9,0,18.5,0,30.2,0,0.0,0,0.0,0,54.6,2.3,0
AU2026494,2024-09-28,2024-09,Home Loan,Semi-Urban,Haryana,Under Review,75000.0,MSME Owner,5.7,0,17.1,0,21.8,0,0.0,0,0.0,0,44.6,1.9,0
AU2026495,2024-07-30,2024-07,Business Loan,Semi-Urban,Uttar Pradesh,Rejected,223000.0,Farmer,7.5,0,30.7,1,63.4,1,11.1,0,0.0,0,112.7,4.7,1
AU2026496,2025-03-21,2025-03,Vehicle Finance,Urban,Rajasthan,Disbursed,91000.0,Salaried,3.9,0,19.7,0,32.0,0,8.4,0,11.7,0,75.7,3.2,0
AU2026497,2024-03-11,2024-03,Business Loan,Urban,Maharashtra,Disbursed,250000.0,MSME Owner,3.9,0,20.6,0,44.9,0,5.6,0,12.1,0,87.1,3.6,0
AU2026498,2024-06-24,2024-06,Business Loan,Semi-Urban,Madhya Pradesh,Disbursed,172000.0,Self-Employed,7.0,0,33.7,1,72.9,1,10.0,0,25.4,1,149.0,6.2,1
AU2026499,2024-10-18,2024-10,Vehicle Finance,Semi-Urban,Haryana,Rejected,50000.0,Salaried,9.3,1,28.1,1,44.3,0,19.9,1,0.0,0,101.6,4.2,1
AU2026500,2024-03-14,2024-03,Personal Loan,Urban,Tamil Nadu,Disbursed,103000.0,Self-Employed,3.9,0,15.9,0,24.9,0,4.2,0,14.2,0,63.1,2.6,0
AU2026501,2025-03-17,2025-03,Vehicle Finance,Rural,Punjab,Under Review,486000.0,Salaried,8.5,1,49.3,1,70.9,1,0.0,0,0.0,0,128.7,5.4,1
AU2026502,2025-02-02,2025-02,Personal Loan,Urban,Maharashtra,Disbursed,2054000.0,Salaried,2.2,0,14.0,0,32.5,0,8.0,0,17.6,0,74.3,3.1,0
AU2026503,2024-09-06,2024-09,Vehicle Finance,Urban,Gujarat,Disbursed,99000.0,MSME Owner,4.1,0,17.7,0,30.1,0,9.8,0,6.5,0,68.2,2.8,0
AU2026504,2024-11-19,2024-11,MSME Loan,Semi-Urban,Punjab,Disbursed,3281000.0,Salaried,6.5,0,20.1,0,42.9,0,9.1,0,12.9,0,91.5,3.8,0
AU2026505,2024-06-09,2024-06,Personal Loan,Urban,Maharashtra,Under Review,619000.0,Salaried,3.7,0,13.0,0,30.9,0,0.0,0,0.0,0,47.6,2.0,0
AU2026506,2024-01-03,2024-01,Personal Loan,Rural,Rajasthan,Disbursed,168000.0,Salaried,9.2,1,52.7,1,47.8,0,23.4,1,27.9,1,161.0,6.7,1
AU2026507,2024-05-20,2024-05,Vehicle Finance,Urban,Tamil Nadu,Disbursed,128000.0,MSME Owner,2.6,0,17.9,0,32.5,0,5.0,0,16.8,0,74.8,3.1,0
AU2026508,2025-01-24,2025-01,Personal Loan,Urban,Madhya Pradesh,Disbursed,101000.0,MSME Owner,5.9,0,10.9,0,33.5,0,8.5,0,17.2,0,76.0,3.2,0
AU2026509,2024-10-22,2024-10,Personal Loan,Rural,Maharashtra,Disbursed,310000.0,Farmer,14.7,1,37.3,1,33.1,0,26.7,1,36.1,1,147.9,6.2,1
AU2026510,2024-09-07,2024-09,Business Loan,Semi-Urban,Maharashtra,Under Review,130000.0,Farmer,6.3,0,20.4,0,35.4,0,0.0,0,0.0,0,62.1,2.6,0
AU2026511,2024-03-07,2024-03,Vehicle Finance,Rural,Gujarat,Disbursed,202000.0,MSME Owner,12.1,1,47.7,1,41.9,0,24.5,1,25.6,1,151.8,6.3,1
AU2026512,2024-08-10,2024-08,Personal Loan,Rural,Odisha,Disbursed,174000.0,Self-Employed,16.2,1,31.4,1,65.6,1,21.0,1,29.0,1,163.2,6.8,1
AU2026513,2024-07-25,2024-07,Home Loan,Urban,Haryana,Disbursed,411000.0,MSME Owner,3.2,0,15.2,0,31.4,0,10.4,0,12.0,0,72.2,3.0,0
AU2026514,2025-05-09,2025-05,Vehicle Finance,Semi-Urban,Haryana,Disbursed,368000.0,Farmer,8.1,1,33.1,1,28.1,0,11.3,0,25.3,1,105.9,4.4,1
AU2026515,2024-07-15,2024-07,Business Loan,Semi-Urban,Tamil Nadu,Disbursed,81000.0,MSME Owner,7.3,0,18.4,0,50.2,1,16.4,1,10.2,0,102.5,4.3,1
AU2026516,2024-01-20,2024-01,Vehicle Finance,Semi-Urban,Rajasthan,Disbursed,109000.0,Salaried,6.8,0,28.2,1,45.9,0,9.7,0,17.1,0,107.7,4.5,1
AU2026517,2024-04-12,2024-04,Personal Loan,Rural,Karnataka,Disbursed,855000.0,MSME Owner,11.2,1,54.4,1,49.7,1,29.0,1,20.4,0,164.7,6.9,1
AU2026518,2025-05-01,2025-05,Vehicle Finance,Rural,Punjab,Disbursed,86000.0,Self-Employed,13.4,1,51.6,1,42.9,0,19.9,1,34.0,1,161.8,6.7,1
AU2026519,2025-04-01,2025-04,Business Loan,Rural,Rajasthan,Under Review,107000.0,Self-Employed,8.0,0,56.4,1,43.2,0,0.0,0,0.0,0,107.6,4.5,1
AU2026520,2025-01-22,2025-01,Personal Loan,Rural,Punjab,Disbursed,429000.0,MSME Owner,15.3,1,30.8,1,60.9,1,18.3,1,33.9,1,159.2,6.6,1
AU2026521,2024-04-07,2024-04,Vehicle Finance,Semi-Urban,Karnataka,Rejected,265000.0,MSME Owner,4.4,0,23.0,0,37.9,0,11.6,0,0.0,0,76.9,3.2,0
AU2026522,2024-12-12,2024-12,Personal Loan,Semi-Urban,Rajasthan,Pending Documents,359000.0,MSME Owner,4.1,0,33.6,1,29.6,0,18.4,1,10.7,0,96.4,4.0,1
AU2026523,2024-11-16,2024-11,Personal Loan,Urban,Rajasthan,Disbursed,50000.0,MSME Owner,2.0,0,18.3,0,15.2,0,10.6,0,15.3,0,61.4,2.6,0
AU2026524,2024-04-25,2024-04,Vehicle Finance,Urban,Madhya Pradesh,Disbursed,178000.0,Self-Employed,6.0,0,22.3,0,26.2,0,8.3,0,18.0,0,80.8,3.4,0
AU2026525,2024-06-08,2024-06,Vehicle Finance,Semi-Urban,Punjab,Under Review,170000.0,Salaried,4.6,0,27.2,1,20.9,0,0.0,0,0.0,0,52.7,2.2,1
AU2026526,2024-02-22,2024-02,Vehicle Finance,Rural,Maharashtra,Disbursed,94000.0,Self-Employed,15.3,1,41.4,1,35.8,0,23.2,1,34.2,1,149.9,6.2,1
AU2026527,2024-09-14,2024-09,Personal Loan,Semi-Urban,Haryana,Disbursed,188000.0,Farmer,9.1,1,29.6,1,44.7,0,16.8,1,26.3,1,126.5,5.3,1
AU2026528,2024-06-05,2024-06,Personal Loan,Semi-Urban,Odisha,Rejected,70000.0,Salaried,5.9,0,18.3,0,28.3,0,14.2,0,0.0,0,66.7,2.8,0
AU2026529,2024-02-03,2024-02,Home Loan,Rural,Maharashtra,Under Review,379000.0,Self-Employed,11.5,1,34.4,1,68.7,1,0.0,0,0.0,0,114.6,4.8,1
AU2026530,2024-06-01,2024-06,Business Loan,Rural,Rajasthan,Disbursed,142000.0,Salaried,14.0,1,59.9,1,75.4,1,28.9,1,41.6,1,219.8,9.2,1
AU2026531,2024-08-21,2024-08,Home Loan,Semi-Urban,Uttar Pradesh,Disbursed,681000.0,Salaried,9.8,1,52.4,1,40.4,0,11.6,0,14.4,0,128.6,5.4,1
AU2026532,2024-11-01,2024-11,MSME Loan,Urban,Karnataka,Under Review,87000.0,MSME Owner,2.4,0,13.7,0,55.0,1,0.0,0,0.0,0,71.1,3.0,1
AU2026533,2024-06-21,2024-06,Home Loan,Urban,Karnataka,Disbursed,50000.0,Self-Employed,3.5,0,20.7,0,30.8,0,4.1,0,13.9,0,73.0,3.0,0
AU2026534,2025-03-30,2025-03,Personal Loan,Urban,Haryana,Disbursed,220000.0,Self-Employed,4.7,0,11.7,0,24.3,0,11.3,0,12.1,0,64.1,2.7,0
AU2026535,2024-06-24,2024-06,Personal Loan,Semi-Urban,Maharashtra,Disbursed,325000.0,Salaried,4.5,0,15.8,0,22.1,0,11.1,0,18.2,0,71.7,3.0,0
AU2026536,2024-07-02,2024-07,Business Loan,Rural,Tamil Nadu,Disbursed,292000.0,Salaried,12.6,1,53.6,1,48.9,1,13.6,0,27.9,1,156.6,6.5,1
AU2026537,2024-03-25,2024-03,Business Loan,Urban,Madhya Pradesh,Disbursed,861000.0,Salaried,4.7,0,14.2,0,41.9,0,8.3,0,12.6,0,81.7,3.4,0
AU2026538,2024-01-10,2024-01,Personal Loan,Semi-Urban,Haryana,Disbursed,2055000.0,Salaried,5.5,0,17.3,0,20.1,0,12.2,0,27.6,1,82.7,3.4,1
AU2026539,2024-04-24,2024-04,Business Loan,Semi-Urban,Madhya Pradesh,Rejected,50000.0,Self-Employed,9.7,1,32.6,1,65.5,1,19.4,1,0.0,0,127.2,5.3,1
AU2026540,2024-04-18,2024-04,Vehicle Finance,Rural,Maharashtra,Disbursed,411000.0,Self-Employed,15.4,1,25.1,1,57.4,1,28.8,1,29.5,1,156.2,6.5,1
AU2026541,2024-10-28,2024-10,Personal Loan,Urban,Rajasthan,Under Review,254000.0,MSME Owner,2.4,0,8.9,0,31.3,0,0.0,0,0.0,0,42.6,1.8,0
AU2026542,2024-03-27,2024-03,Business Loan,Rural,Karnataka,Disbursed,261000.0,MSME Owner,13.1,1,57.9,1,65.7,1,16.1,1,27.8,1,180.6,7.5,1
AU2026543,2024-07-06,2024-07,MSME Loan,Semi-Urban,Gujarat,Disbursed,519000.0,Self-Employed,4.8,0,12.1,0,39.3,0,15.3,0,22.8,0,94.3,3.9,0
AU2026544,2024-07-11,2024-07,MSME Loan,Rural,Rajasthan,Disbursed,201000.0,Salaried,9.2,1,40.1,1,50.3,1,17.2,1,37.4,1,154.2,6.4,1
AU2026545,2025-01-29,2025-01,Business Loan,Semi-Urban,Uttar Pradesh,Disbursed,316000.0,Salaried,4.4,0,17.7,0,27.9,0,15.4,0,24.3,1,89.7,3.7,1
AU2026546,2024-11-15,2024-11,Business Loan,Urban,Karnataka,Under Review,174000.0,Self-Employed,4.6,0,17.6,0,45.3,0,0.0,0,0.0,0,67.5,2.8,0
AU2026547,2024-10-31,2024-10,Personal Loan,Rural,Rajasthan,Under Review,196000.0,Salaried,9.0,1,33.1,1,29.0,0,0.0,0,0.0,0,71.1,3.0,1
AU2026548,2024-12-04,2024-12,MSME Loan,Urban,Rajasthan,Disbursed,179000.0,Salaried,5.0,0,9.0,0,56.9,1,8.2,0,12.5,0,91.6,3.8,1
AU2026549,2024-11-30,2024-11,Business Loan,Semi-Urban,Gujarat,Disbursed,178000.0,Salaried,5.6,0,34.2,1,39.8,0,13.2,0,16.3,0,109.1,4.5,1
AU2026550,2024-01-25,2024-01,Personal Loan,Urban,Rajasthan,Disbursed,112000.0,MSME Owner,4.8,0,11.1,0,25.5,0,9.9,0,13.6,0,64.9,2.7,0
AU2026551,2024-08-01,2024-08,Vehicle Finance,Semi-Urban,Gujarat,Disbursed,1657000.0,MSME Owner,5.6,0,25.7,1,25.3,0,18.1,1,18.7,0,93.4,3.9,1
AU2026552,2024-07-13,2024-07,Vehicle Finance,Rural,Tamil Nadu,Under Review,125000.0,Farmer,14.2,1,45.9,1,68.2,1,0.0,0,0.0,0,128.3,5.3,1
AU2026553,2024-10-07,2024-10,Vehicle Finance,Rural,Gujarat,Disbursed,444000.0,Self-Employed,12.5,1,46.0,1,63.5,1,15.2,0,38.9,1,176.1,7.3,1
AU2026554,2024-08-30,2024-08,Home Loan,Semi-Urban,Uttar Pradesh,Disbursed,76000.0,Salaried,7.0,0,42.4,1,41.2,0,12.7,0,21.9,0,125.2,5.2,1
AU2026555,2024-04-15,2024-04,Home Loan,Urban,Maharashtra,Disbursed,59000.0,Farmer,4.7,0,26.9,1,13.4,0,10.5,0,12.8,0,68.3,2.8,1
AU2026556,2024-06-03,2024-06,MSME Loan,Rural,Rajasthan,Pending Documents,162000.0,Self-Employed,8.4,1,51.8,1,42.2,0,19.4,1,42.5,1,164.3,6.8,1
AU2026557,2024-12-04,2024-12,Home Loan,Urban,Haryana,Disbursed,602000.0,Salaried,4.7,0,35.2,1,27.7,0,5.8,0,10.3,0,83.7,3.5,1
AU2026558,2024-12-05,2024-12,MSME Loan,Urban,Gujarat,Disbursed,1253000.0,Farmer,3.4,0,18.6,0,38.5,0,6.2,0,9.3,0,76.0,3.2,0
AU2026559,2024-05-18,2024-05,Vehicle Finance,Urban,Karnataka,Under Review,152000.0,Salaried,2.4,0,13.5,0,14.8,0,0.0,0,0.0,0,30.7,1.3,0
AU2026560,2024-11-06,2024-11,Home Loan,Rural,Odisha,Rejected,143000.0,Self-Employed,10.8,1,83.8,1,39.9,0,22.4,1,0.0,0,156.9,6.5,1
AU2026561,2024-08-02,2024-08,Home Loan,Rural,Maharashtra,Disbursed,50000.0,MSME Owner,15.0,1,64.2,1,52.8,1,22.3,1,20.5,0,174.8,7.3,1
AU2026562,2024-09-18,2024-09,Home Loan,Semi-Urban,Gujarat,Disbursed,151000.0,Salaried,5.7,0,53.6,1,26.1,0,16.0,0,12.1,0,113.5,4.7,1
AU2026563,2024-03-01,2024-03,Vehicle Finance,Rural,Odisha,Disbursed,184000.0,MSME Owner,18.0,1,45.2,1,38.9,0,24.1,1,43.3,1,169.5,7.1,1
AU2026564,2024-02-28,2024-02,Personal Loan,Semi-Urban,Uttar Pradesh,Disbursed,587000.0,Self-Employed,6.0,0,26.5,1,24.6,0,10.8,0,19.4,0,87.3,3.6,1
AU2026565,2024-09-11,2024-09,Business Loan,Urban,Gujarat,Disbursed,168000.0,Self-Employed,5.3,0,21.6,0,25.7,0,8.8,0,16.3,0,77.7,3.2,0
AU2026566,2024-11-07,2024-11,Business Loan,Rural,Madhya Pradesh,Under Review,128000.0,Salaried,10.0,1,56.7,1,109.4,1,0.0,0,0.0,0,176.1,7.3,1
AU2026567,2025-02-02,2025-02,Vehicle Finance,Urban,Madhya Pradesh,Disbursed,110000.0,Farmer,2.7,0,9.9,0,12.8,0,6.9,0,10.1,0,42.4,1.8,0
AU2026568,2025-03-01,2025-03,Business Loan,Semi-Urban,Uttar Pradesh,Rejected,50000.0,MSME Owner,9.1,1,17.6,0,41.0,0,17.9,1,0.0,0,85.6,3.6,1
AU2026569,2025-05-13,2025-05,Business Loan,Semi-Urban,Karnataka,Disbursed,87000.0,Salaried,6.5,0,30.1,1,67.9,1,19.8,1,11.3,0,135.6,5.6,1
AU2026570,2024-07-02,2024-07,Personal Loan,Rural,Madhya Pradesh,Disbursed,83000.0,Salaried,12.3,1,30.4,1,70.3,1,13.9,0,47.6,1,174.5,7.3,1
AU2026571,2024-05-31,2024-05,MSME Loan,Semi-Urban,Haryana,Rejected,135000.0,MSME Owner,5.3,0,20.1,0,51.2,1,15.7,0,0.0,0,92.3,3.8,1
AU2026572,2024-01-21,2024-01,Vehicle Finance,Semi-Urban,Maharashtra,Disbursed,1329000.0,Farmer,7.8,0,29.3,1,35.9,0,15.7,0,20.4,0,109.1,4.5,1
AU2026573,2024-09-11,2024-09,Personal Loan,Rural,Karnataka,Disbursed,50000.0,Self-Employed,9.1,1,27.5,1,62.1,1,19.7,1,42.0,1,160.4,6.7,1
AU2026574,2024-12-18,2024-12,Business Loan,Urban,Madhya Pradesh,Disbursed,987000.0,Self-Employed,3.5,0,23.6,0,20.8,0,7.9,0,10.9,0,66.7,2.8,0
AU2026575,2024-06-18,2024-06,Personal Loan,Urban,Tamil Nadu,Disbursed,434000.0,Farmer,4.4,0,21.0,0,24.5,0,8.8,0,14.4,0,73.1,3.0,0
AU2026576,2024-01-02,2024-01,MSME Loan,Urban,Madhya Pradesh,Disbursed,207000.0,Farmer,3.7,0,11.1,0,54.3,1,4.8,0,14.8,0,88.7,3.7,1
AU2026577,2024-12-09,2024-12,Vehicle Finance,Urban,Rajasthan,Disbursed,218000.0,Salaried,4.4,0,15.6,0,12.1,0,11.8,0,10.2,0,54.1,2.3,0
AU2026578,2025-04-09,2025-04,Business Loan,Urban,Gujarat,Disbursed,806000.0,Self-Employed,3.5,0,22.4,0,46.7,0,5.8,0,13.7,0,92.1,3.8,0
AU2026579,2025-03-03,2025-03,MSME Loan,Semi-Urban,Gujarat,Rejected,203000.0,Farmer,8.1,1,14.5,0,37.5,0,15.1,0,0.0,0,75.2,3.1,1
AU2026580,2024-12-08,2024-12,MSME Loan,Semi-Urban,Odisha,Disbursed,344000.0,Self-Employed,4.5,0,26.3,1,69.2,1,16.2,1,16.9,0,133.1,5.5,1
AU2026581,2024-03-17,2024-03,Personal Loan,Rural,Tamil Nadu,Pending Documents,2134000.0,Self-Employed,15.3,1,38.8,1,48.1,1,27.1,1,20.5,0,149.8,6.2,1
AU2026582,2025-02-03,2025-02,Vehicle Finance,Urban,Gujarat,Disbursed,214000.0,Self-Employed,3.1,0,18.7,0,15.4,0,9.9,0,13.7,0,60.8,2.5,0
AU2026583,2024-02-08,2024-02,MSME Loan,Rural,Karnataka,Disbursed,287000.0,Salaried,14.6,1,45.7,1,35.2,0,14.2,0,35.5,1,145.2,6.0,1
AU2026584,2025-04-08,2025-04,MSME Loan,Rural,Gujarat,Disbursed,160000.0,Self-Employed,15.5,1,52.4,1,73.9,1,13.7,0,29.4,1,184.9,7.7,1
AU2026585,2024-11-25,2024-11,MSME Loan,Urban,Uttar Pradesh,Disbursed,235000.0,MSME Owner,4.9,0,22.6,0,31.9,0,8.1,0,11.6,0,79.1,3.3,0
AU2026586,2024-08-21,2024-08,MSME Loan,Rural,Madhya Pradesh,Under Review,380000.0,Self-Employed,8.2,1,26.2,1,88.6,1,0.0,0,0.0,0,123.0,5.1,1
AU2026587,2024-05-15,2024-05,Home Loan,Urban,Uttar Pradesh,Rejected,173000.0,Salaried,3.7,0,26.2,1,32.9,0,7.6,0,0.0,0,70.4,2.9,1
AU2026588,2024-01-26,2024-01,Home Loan,Semi-Urban,Tamil Nadu,Disbursed,356000.0,Salaried,9.9,1,22.0,0,45.4,0,11.9,0,23.7,0,112.9,4.7,1
AU2026589,2025-02-20,2025-02,Vehicle Finance,Semi-Urban,Gujarat,Disbursed,405000.0,Salaried,4.6,0,32.8,1,26.9,0,16.3,1,24.8,1,105.4,4.4,1
AU2026590,2025-03-23,2025-03,MSME Loan,Urban,Maharashtra,Under Review,538000.0,MSME Owner,2.0,0,11.5,0,36.2,0,0.0,0,0.0,0,49.7,2.1,0
AU2026591,2025-03-12,2025-03,Business Loan,Rural,Rajasthan,Disbursed,110000.0,Farmer,15.4,1,53.9,1,41.6,0,22.6,1,22.3,0,155.8,6.5,1
AU2026592,2024-07-03,2024-07,Business Loan,Semi-Urban,Uttar Pradesh,Rejected,280000.0,Self-Employed,4.5,0,24.0,0,61.4,1,8.6,0,0.0,0,98.5,4.1,1
AU2026593,2024-08-06,2024-08,Vehicle Finance,Rural,Punjab,Disbursed,145000.0,MSME Owner,8.9,1,38.5,1,33.6,0,27.8,1,39.1,1,147.9,6.2,1
AU2026594,2024-02-18,2024-02,Personal Loan,Urban,Gujarat,Disbursed,399000.0,MSME Owner,5.8,0,23.2,0,27.8,0,4.0,0,10.3,0,71.1,3.0,0
AU2026595,2024-01-05,2024-01,Vehicle Finance,Semi-Urban,Rajasthan,Disbursed,91000.0,Farmer,9.3,1,14.6,0,26.0,0,18.0,1,24.8,1,92.7,3.9,1
AU2026596,2024-12-05,2024-12,Business Loan,Semi-Urban,Maharashtra,Rejected,56000.0,Farmer,8.1,1,16.1,0,60.9,1,16.9,1,0.0,0,102.0,4.2,1
AU2026597,2024-06-17,2024-06,Personal Loan,Rural,Maharashtra,Disbursed,234000.0,Self-Employed,14.6,1,39.1,1,46.8,0,28.0,1,37.4,1,165.9,6.9,1
AU2026598,2025-04-02,2025-04,Vehicle Finance,Urban,Punjab,Disbursed,282000.0,Salaried,5.1,0,14.1,0,14.3,0,8.5,0,9.4,0,51.4,2.1,0
AU2026599,2025-05-04,2025-05,Home Loan,Semi-Urban,Tamil Nadu,Rejected,236000.0,Farmer,6.3,0,33.1,1,42.1,0,14.9,0,0.0,0,96.4,4.0,1
AU2026600,2024-05-17,2024-05,MSME Loan,Urban,Odisha,Disbursed,50000.0,Salaried,4.6,0,11.6,0,16.8,0,7.3,0,9.7,0,50.0,2.1,0
AU2026601,2024-07-09,2024-07,Business Loan,Semi-Urban,Gujarat,Rejected,178000.0,Self-Employed,9.6,1,24.4,1,49.1,1,10.6,0,0.0,0,93.7,3.9,1
AU2026602,2024-04-03,2024-04,Personal Loan,Semi-Urban,Punjab,Disbursed,536000.0,Farmer,5.0,0,18.3,0,42.3,0,14.2,0,18.2,0,98.0,4.1,0
AU2026603,2024-07-24,2024-07,Home Loan,Semi-Urban,Gujarat,Pending Documents,349000.0,Self-Employed,6.8,0,36.2,1,42.3,0,15.4,0,21.6,0,122.3,5.1,1
AU2026604,2025-05-07,2025-05,MSME Loan,Semi-Urban,Haryana,Disbursed,870000.0,Salaried,6.8,0,29.8,1,50.5,1,17.4,1,18.1,0,122.6,5.1,1
AU2026605,2024-05-19,2024-05,MSME Loan,Urban,Tamil Nadu,Disbursed,1100000.0,Self-Employed,4.2,0,13.6,0,25.9,0,9.4,0,10.5,0,63.6,2.6,0
AU2026606,2024-12-19,2024-12,Vehicle Finance,Rural,Haryana,Rejected,874000.0,Self-Employed,16.7,1,55.6,1,40.5,0,13.7,0,0.0,0,126.5,5.3,1
AU2026607,2025-02-13,2025-02,Business Loan,Semi-Urban,Tamil Nadu,Rejected,50000.0,Salaried,8.0,0,34.5,1,58.3,1,9.9,0,0.0,0,110.7,4.6,1
AU2026608,2024-11-28,2024-11,Vehicle Finance,Rural,Haryana,Disbursed,2064000.0,Self-Employed,15.2,1,25.5,1,51.0,1,14.2,0,27.5,1,133.4,5.6,1
AU2026609,2024-02-27,2024-02,Home Loan,Urban,Maharashtra,Disbursed,55000.0,MSME Owner,4.6,0,12.4,0,25.9,0,5.2,0,9.0,0,57.1,2.4,0
AU2026610,2024-12-22,2024-12,Vehicle Finance,Urban,Maharashtra,Pending Documents,451000.0,MSME Owner,6.0,0,14.9,0,33.0,0,11.7,0,8.1,0,73.7,3.1,0
AU2026611,2025-04-27,2025-04,Vehicle Finance,Urban,Rajasthan,Disbursed,145000.0,Self-Employed,2.8,0,20.8,0,12.9,0,10.4,0,6.3,0,53.2,2.2,0
AU2026612,2024-02-23,2024-02,Home Loan,Urban,Maharashtra,Disbursed,93000.0,Self-Employed,5.7,0,11.3,0,31.5,0,4.5,0,7.5,0,60.5,2.5,0
AU2026613,2025-04-11,2025-04,Personal Loan,Rural,Haryana,Disbursed,785000.0,Farmer,17.9,1,37.8,1,54.3,1,26.0,1,29.8,1,165.8,6.9,1
AU2026614,2024-09-04,2024-09,Personal Loan,Semi-Urban,Odisha,Rejected,125000.0,Salaried,9.5,1,13.1,0,40.0,0,8.6,0,0.0,0,71.2,3.0,1
AU2026615,2024-12-13,2024-12,MSME Loan,Urban,Odisha,Disbursed,594000.0,Self-Employed,3.2,0,14.7,0,43.3,0,5.7,0,10.3,0,77.2,3.2,0
AU2026616,2024-04-02,2024-04,Home Loan,Semi-Urban,Tamil Nadu,Disbursed,969000.0,Self-Employed,5.4,0,15.0,0,42.1,0,17.9,1,22.6,0,103.0,4.3,1
AU2026617,2024-07-13,2024-07,Personal Loan,Semi-Urban,Odisha,Under Review,594000.0,Self-Employed,5.2,0,26.1,1,42.8,0,0.0,0,0.0,0,74.1,3.1,1
AU2026618,2024-11-09,2024-11,Vehicle Finance,Semi-Urban,Punjab,Rejected,97000.0,Salaried,7.7,0,12.4,0,37.0,0,16.0,0,0.0,0,73.1,3.0,0
AU2026619,2025-03-17,2025-03,Vehicle Finance,Semi-Urban,Rajasthan,Disbursed,386000.0,Self-Employed,9.5,1,22.2,0,36.9,0,8.4,0,11.4,0,88.4,3.7,1
AU2026620,2024-09-04,2024-09,Personal Loan,Rural,Maharashtra,Disbursed,609000.0,Salaried,10.5,1,39.5,1,39.9,0,22.5,1,28.1,1,140.5,5.9,1
AU2026621,2024-02-27,2024-02,Business Loan,Rural,Tamil Nadu,Under Review,109000.0,MSME Owner,16.6,1,44.5,1,86.0,1,0.0,0,0.0,0,147.1,6.1,1
AU2026622,2024-08-13,2024-08,Vehicle Finance,Urban,Haryana,Under Review,566000.0,Salaried,3.1,0,12.7,0,24.2,0,0.0,0,0.0,0,40.0,1.7,0
AU2026623,2024-02-02,2024-02,Personal Loan,Urban,Rajasthan,Rejected,493000.0,Farmer,2.1,0,17.1,0,12.9,0,4.7,0,0.0,0,36.8,1.5,0
AU2026624,2024-12-01,2024-12,Home Loan,Rural,Uttar Pradesh,Disbursed,218000.0,Salaried,9.3,1,78.1,1,35.0,0,14.8,0,36.7,1,173.9,7.2,1
AU2026625,2024-01-07,2024-01,Personal Loan,Urban,Punjab,Disbursed,336000.0,Salaried,4.8,0,17.0,0,17.0,0,5.9,0,15.7,0,60.4,2.5,0
AU2026626,2025-01-27,2025-01,Vehicle Finance,Semi-Urban,Karnataka,Disbursed,84000.0,Self-Employed,6.0,0,17.1,0,46.0,0,18.6,1,13.6,0,101.3,4.2,1
AU2026627,2025-01-05,2025-01,Business Loan,Rural,Odisha,Disbursed,330000.0,Self-Employed,15.0,1,47.5,1,90.9,1,24.7,1,46.9,1,225.0,9.4,1
AU2026628,2024-04-24,2024-04,Business Loan,Rural,Odisha,Disbursed,241000.0,MSME Owner,9.0,1,54.4,1,86.0,1,12.5,0,39.4,1,201.3,8.4,1
AU2026629,2024-09-22,2024-09,MSME Loan,Semi-Urban,Punjab,Disbursed,255000.0,Farmer,8.4,1,21.1,0,41.8,0,13.8,0,25.6,1,110.7,4.6,1
AU2026630,2024-12-18,2024-12,Business Loan,Urban,Karnataka,Under Review,294000.0,Salaried,5.6,0,20.0,0,53.9,1,0.0,0,0.0,0,79.5,3.3,1
AU2026631,2024-02-18,2024-02,Business Loan,Semi-Urban,Odisha,Disbursed,50000.0,Farmer,6.3,0,28.9,1,74.0,1,9.8,0,25.5,1,144.5,6.0,1
AU2026632,2024-12-04,2024-12,Business Loan,Semi-Urban,Haryana,Disbursed,858000.0,Salaried,6.3,0,28.1,1,30.4,0,13.9,0,18.0,0,96.7,4.0,1
AU2026633,2024-09-03,2024-09,Personal Loan,Urban,Madhya Pradesh,Pending Documents,379000.0,Salaried,2.9,0,16.6,0,28.1,0,9.8,0,15.1,0,72.5,3.0,0
AU2026634,2024-12-05,2024-12,Personal Loan,Urban,Punjab,Rejected,337000.0,Salaried,3.6,0,9.2,0,30.0,0,4.5,0,0.0,0,47.3,2.0,0
AU2026635,2024-03-17,2024-03,Business Loan,Semi-Urban,Haryana,Disbursed,664000.0,Self-Employed,8.3,1,20.9,0,52.9,1,11.6,0,16.4,0,110.1,4.6,1
AU2026636,2025-04-01,2025-04,Vehicle Finance,Semi-Urban,Karnataka,Rejected,1195000.0,Self-Employed,6.9,0,28.1,1,24.6,0,12.6,0,0.0,0,72.2,3.0,1
AU2026637,2024-01-28,2024-01,Personal Loan,Semi-Urban,Odisha,Disbursed,361000.0,Farmer,9.3,1,18.7,0,33.2,0,8.7,0,14.3,0,84.2,3.5,1
AU2026638,2024-11-25,2024-11,Home Loan,Urban,Rajasthan,Disbursed,441000.0,MSME Owner,2.5,0,23.4,0,22.7,0,6.5,0,16.0,0,71.1,3.0,0
AU2026639,2024-09-15,2024-09,Vehicle Finance,Urban,Maharashtra,Disbursed,394000.0,Salaried,5.5,0,18.4,0,25.4,0,8.1,0,13.8,0,71.2,3.0,0
AU2026640,2025-03-12,2025-03,Home Loan,Semi-Urban,Tamil Nadu,Pending Documents,467000.0,Self-Employed,9.2,1,50.5,1,45.1,0,18.0,1,17.3,0,140.1,5.8,1
AU2026641,2025-03-21,2025-03,Personal Loan,Urban,Tamil Nadu,Rejected,333000.0,Salaried,3.9,0,17.0,0,26.5,0,11.5,0,0.0,0,58.9,2.5,0
AU2026642,2024-02-08,2024-02,Home Loan,Semi-Urban,Maharashtra,Under Review,107000.0,Farmer,8.2,1,41.2,1,32.0,0,0.0,0,0.0,0,81.4,3.4,1
AU2026643,2024-06-13,2024-06,Personal Loan,Semi-Urban,Tamil Nadu,Disbursed,127000.0,Self-Employed,7.8,0,35.0,1,37.6,0,18.6,1,20.0,0,119.0,5.0,1
AU2026644,2024-06-18,2024-06,Vehicle Finance,Urban,Madhya Pradesh,Disbursed,50000.0,MSME Owner,4.2,0,22.1,0,35.3,0,5.2,0,10.7,0,77.5,3.2,0
AU2026645,2024-01-26,2024-01,Home Loan,Urban,Uttar Pradesh,Disbursed,1258000.0,MSME Owner,5.9,0,30.1,1,24.6,0,7.5,0,12.5,0,80.6,3.4,1
AU2026646,2024-04-24,2024-04,Vehicle Finance,Semi-Urban,Karnataka,Disbursed,346000.0,MSME Owner,9.7,1,18.8,0,20.4,0,17.9,1,28.0,1,94.8,3.9,1
AU2026647,2024-11-25,2024-11,Vehicle Finance,Urban,Karnataka,Rejected,401000.0,Salaried,4.2,0,12.4,0,34.0,0,7.6,0,0.0,0,58.2,2.4,0
AU2026648,2024-07-25,2024-07,Business Loan,Urban,Haryana,Pending Documents,396000.0,Self-Employed,5.1,0,10.1,0,33.9,0,9.6,0,10.9,0,69.6,2.9,0
AU2026649,2024-02-10,2024-02,Personal Loan,Semi-Urban,Madhya Pradesh,Disbursed,61000.0,Salaried,7.7,0,34.1,1,21.3,0,15.1,0,23.1,0,101.3,4.2,1
AU2026650,2024-08-15,2024-08,Personal Loan,Urban,Tamil Nadu,Disbursed,154000.0,MSME Owner,4.6,0,13.3,0,24.4,0,11.7,0,8.6,0,62.6,2.6,0
AU2026651,2024-08-17,2024-08,Vehicle Finance,Semi-Urban,Odisha,Disbursed,433000.0,Salaried,4.1,0,19.8,0,20.2,0,17.6,1,28.0,1,89.7,3.7,1
AU2026652,2025-03-14,2025-03,Personal Loan,Semi-Urban,Gujarat,Disbursed,174000.0,Self-Employed,9.6,1,21.5,0,32.9,0,10.9,0,10.0,0,84.9,3.5,1
AU2026653,2024-08-16,2024-08,MSME Loan,Urban,Tamil Nadu,Pending Documents,109000.0,Salaried,4.4,0,24.0,0,21.7,0,7.4,0,15.4,0,72.9,3.0,0
AU2026654,2024-03-01,2024-03,Personal Loan,Semi-Urban,Punjab,Disbursed,137000.0,Farmer,5.1,0,13.0,0,35.6,0,12.2,0,17.3,0,83.2,3.5,0
AU2026655,2025-01-16,2025-01,Personal Loan,Semi-Urban,Tamil Nadu,Disbursed,159000.0,Self-Employed,5.0,0,26.2,1,41.4,0,11.7,0,10.5,0,94.8,3.9,1
AU2026656,2024-02-22,2024-02,Personal Loan,Semi-Urban,Rajasthan,Pending Documents,221000.0,Self-Employed,9.5,1,13.9,0,41.3,0,12.7,0,24.6,1,102.0,4.2,1
AU2026657,2024-07-30,2024-07,Vehicle Finance,Urban,Haryana,Pending Documents,169000.0,Salaried,4.4,0,22.0,0,13.9,0,8.4,0,15.9,0,64.6,2.7,0
AU2026658,2024-10-12,2024-10,MSME Loan,Semi-Urban,Rajasthan,Disbursed,871000.0,MSME Owner,9.1,1,14.1,0,30.5,0,15.7,0,27.2,1,96.6,4.0,1
AU2026659,2024-01-01,2024-01,Vehicle Finance,Rural,Karnataka,Pending Documents,841000.0,Farmer,17.1,1,56.3,1,63.4,1,24.5,1,18.7,0,180.0,7.5,1
AU2026660,2025-02-09,2025-02,Personal Loan,Urban,Gujarat,Disbursed,67000.0,MSME Owner,4.0,0,10.3,0,33.2,0,6.7,0,14.4,0,68.6,2.9,0
AU2026661,2025-05-08,2025-05,Business Loan,Semi-Urban,Odisha,Under Review,896000.0,Salaried,9.9,1,13.7,0,52.2,1,0.0,0,0.0,0,75.8,3.2,1
AU2026662,2024-11-22,2024-11,Personal Loan,Urban,Odisha,Rejected,263000.0,MSME Owner,4.2,0,11.0,0,23.7,0,11.4,0,0.0,0,50.3,2.1,0
AU2026663,2025-03-31,2025-03,Home Loan,Urban,Uttar Pradesh,Disbursed,140000.0,Salaried,4.1,0,17.3,0,25.0,0,9.7,0,14.8,0,70.9,3.0,0
AU2026664,2024-10-14,2024-10,Personal Loan,Rural,Karnataka,Rejected,69000.0,Salaried,8.4,1,29.7,1,70.0,1,25.1,1,0.0,0,133.2,5.5,1
AU2026665,2024-12-01,2024-12,MSME Loan,Semi-Urban,Madhya Pradesh,Rejected,1481000.0,Salaried,7.5,0,15.4,0,45.6,0,8.4,0,0.0,0,76.9,3.2,0
AU2026666,2025-05-01,2025-05,Personal Loan,Urban,Tamil Nadu,Under Review,905000.0,MSME Owner,4.0,0,11.8,0,34.1,0,0.0,0,0.0,0,49.9,2.1,0
AU2026667,2024-07-05,2024-07,Vehicle Finance,Semi-Urban,Punjab,Disbursed,172000.0,Self-Employed,9.2,1,32.1,1,46.2,0,11.7,0,17.0,0,116.2,4.8,1
AU2026668,2025-02-22,2025-02,Personal Loan,Rural,Rajasthan,Disbursed,661000.0,Self-Employed,13.7,1,30.3,1,47.9,0,28.5,1,34.8,1,155.2,6.5,1
AU2026669,2025-03-08,2025-03,Business Loan,Urban,Madhya Pradesh,Disbursed,217000.0,Self-Employed,2.2,0,17.8,0,37.5,0,10.3,0,6.3,0,74.1,3.1,0
AU2026670,2024-06-18,2024-06,Home Loan,Semi-Urban,Tamil Nadu,Disbursed,50000.0,Self-Employed,7.3,0,18.5,0,37.8,0,15.6,0,23.9,0,103.1,4.3,0
AU2026671,2025-01-27,2025-01,Personal Loan,Urban,Karnataka,Rejected,440000.0,Salaried,4.7,0,8.9,0,20.0,0,10.8,0,0.0,0,44.4,1.9,0
AU2026672,2024-11-03,2024-11,Vehicle Finance,Rural,Odisha,Rejected,418000.0,MSME Owner,14.0,1,38.7,1,67.3,1,17.3,1,0.0,0,137.3,5.7,1
AU2026673,2025-01-01,2025-01,Personal Loan,Urban,Tamil Nadu,Disbursed,273000.0,MSME Owner,4.6,0,10.7,0,30.9,0,8.0,0,12.2,0,66.4,2.8,0
AU2026674,2025-01-01,2025-01,Business Loan,Rural,Punjab,Disbursed,197000.0,MSME Owner,14.6,1,30.8,1,42.2,0,23.9,1,38.3,1,149.8,6.2,1
AU2026675,2024-02-28,2024-02,Business Loan,Rural,Tamil Nadu,Pending Documents,142000.0,Salaried,13.8,1,24.2,1,91.5,1,19.5,1,23.8,0,172.8,7.2,1
AU2026676,2025-01-23,2025-01,Home Loan,Rural,Gujarat,Disbursed,239000.0,Self-Employed,15.9,1,63.2,1,51.9,1,26.4,1,33.9,1,191.3,8.0,1
AU2026677,2024-01-02,2024-01,Vehicle Finance,Semi-Urban,Madhya Pradesh,Under Review,195000.0,Salaried,5.6,0,15.1,0,42.6,0,0.0,0,0.0,0,63.3,2.6,0
AU2026678,2024-06-30,2024-06,MSME Loan,Rural,Punjab,Pending Documents,337000.0,Salaried,13.4,1,53.5,1,64.0,1,18.3,1,28.2,1,177.4,7.4,1
AU2026679,2024-10-07,2024-10,MSME Loan,Urban,Uttar Pradesh,Disbursed,50000.0,Salaried,5.6,0,9.5,0,32.9,0,7.3,0,16.7,0,72.0,3.0,0
AU2026680,2024-07-10,2024-07,Personal Loan,Semi-Urban,Karnataka,Disbursed,303000.0,Self-Employed,6.6,0,20.2,0,24.4,0,15.2,0,27.2,1,93.6,3.9,1
AU2026681,2024-01-24,2024-01,Business Loan,Rural,Gujarat,Disbursed,486000.0,Farmer,11.5,1,37.7,1,71.0,1,24.9,1,39.6,1,184.7,7.7,1
AU2026682,2024-09-09,2024-09,Vehicle Finance,Semi-Urban,Maharashtra,Disbursed,86000.0,Self-Employed,7.3,0,29.0,1,39.5,0,10.8,0,23.9,0,110.5,4.6,1
AU2026683,2025-02-24,2025-02,Personal Loan,Semi-Urban,Maharashtra,Disbursed,63000.0,MSME Owner,7.2,0,22.5,0,38.7,0,8.4,0,14.0,0,90.8,3.8,0
AU2026684,2024-02-24,2024-02,Vehicle Finance,Rural,Haryana,Disbursed,310000.0,Self-Employed,12.2,1,55.6,1,49.1,1,12.6,0,24.7,1,154.2,6.4,1
AU2026685,2024-11-08,2024-11,Vehicle Finance,Semi-Urban,Uttar Pradesh,Disbursed,50000.0,Farmer,5.9,0,24.8,1,18.6,0,18.6,1,24.2,1,92.1,3.8,1
AU2026686,2024-04-06,2024-04,Personal Loan,Rural,Madhya Pradesh,Disbursed,746000.0,MSME Owner,17.2,1,55.1,1,71.7,1,15.3,0,27.1,1,186.4,7.8,1
AU2026687,2025-04-21,2025-04,Vehicle Finance,Semi-Urban,Gujarat,Disbursed,497000.0,Salaried,9.0,1,35.1,1,30.2,0,10.7,0,10.3,0,95.3,4.0,1
AU2026688,2024-04-20,2024-04,Personal Loan,Semi-Urban,Haryana,Under Review,305000.0,MSME Owner,5.7,0,25.7,1,39.5,0,0.0,0,0.0,0,70.9,3.0,1
AU2026689,2025-02-26,2025-02,Home Loan,Urban,Tamil Nadu,Disbursed,102000.0,Salaried,3.4,0,10.9,0,18.8,0,9.2,0,13.8,0,56.1,2.3,0
AU2026690,2025-01-01,2025-01,Personal Loan,Urban,Madhya Pradesh,Disbursed,112000.0,MSME Owner,2.0,0,12.4,0,15.4,0,5.0,0,17.5,0,52.3,2.2,0
AU2026691,2024-02-25,2024-02,Business Loan,Semi-Urban,Punjab,Rejected,50000.0,Salaried,5.4,0,32.0,1,69.0,1,12.5,0,0.0,0,118.9,5.0,1
AU2026692,2024-01-24,2024-01,Home Loan,Urban,Haryana,Disbursed,129000.0,Salaried,3.9,0,29.2,1,24.3,0,4.6,0,11.3,0,73.3,3.1,1
AU2026693,2024-03-04,2024-03,Home Loan,Urban,Odisha,Disbursed,55000.0,Self-Employed,2.8,0,34.3,1,26.0,0,6.3,0,14.5,0,83.9,3.5,1
AU2026694,2024-08-22,2024-08,Business Loan,Urban,Tamil Nadu,Disbursed,160000.0,Salaried,2.8,0,11.2,0,44.0,0,10.6,0,14.6,0,83.2,3.5,0
AU2026695,2025-05-04,2025-05,Vehicle Finance,Rural,Odisha,Disbursed,317000.0,Salaried,12.1,1,37.4,1,44.1,0,15.7,0,22.5,0,131.8,5.5,1
AU2026696,2024-03-09,2024-03,Vehicle Finance,Rural,Karnataka,Disbursed,89000.0,Salaried,15.2,1,53.5,1,52.2,1,17.8,1,27.3,1,166.0,6.9,1
AU2026697,2024-01-03,2024-01,Personal Loan,Rural,Tamil Nadu,Disbursed,109000.0,Salaried,14.6,1,40.1,1,70.7,1,26.7,1,23.1,0,175.2,7.3,1
AU2026698,2025-01-11,2025-01,Home Loan,Semi-Urban,Karnataka,Disbursed,435000.0,Salaried,7.9,0,39.8,1,22.3,0,12.2,0,20.5,0,102.7,4.3,1
AU2026699,2024-10-10,2024-10,Personal Loan,Rural,Rajasthan,Disbursed,2032000.0,Salaried,9.2,1,43.0,1,53.8,1,19.3,1,26.7,1,152.0,6.3,1
AU2026700,2025-03-05,2025-03,MSME Loan,Urban,Haryana,Disbursed,78000.0,Salaried,5.3,0,10.6,0,48.0,0,9.4,0,9.9,0,83.2,3.5,0
AU2026701,2024-09-04,2024-09,Vehicle Finance,Semi-Urban,Odisha,Disbursed,148000.0,Farmer,7.4,0,33.1,1,42.7,0,9.0,0,13.7,0,105.9,4.4,1
AU2026702,2025-02-03,2025-02,Personal Loan,Rural,Karnataka,Under Review,93000.0,Salaried,16.1,1,57.5,1,33.6,0,0.0,0,0.0,0,107.2,4.5,1
AU2026703,2024-12-20,2024-12,Personal Loan,Rural,Maharashtra,Disbursed,289000.0,Self-Employed,12.1,1,36.4,1,34.7,0,25.9,1,38.9,1,148.0,6.2,1
AU2026704,2024-03-29,2024-03,Business Loan,Urban,Odisha,Disbursed,323000.0,Self-Employed,3.7,0,21.2,0,36.7,0,7.1,0,7.9,0,76.6,3.2,0
AU2026705,2024-02-23,2024-02,MSME Loan,Semi-Urban,Maharashtra,Disbursed,139000.0,Self-Employed,6.6,0,31.5,1,71.9,1,15.2,0,23.2,0,148.4,6.2,1
AU2026706,2024-12-02,2024-12,Personal Loan,Semi-Urban,Haryana,Rejected,4620000.0,Farmer,5.2,0,14.4,0,38.7,0,17.9,1,0.0,0,76.2,3.2,1
AU2026707,2024-11-06,2024-11,Vehicle Finance,Rural,Odisha,Rejected,243000.0,Salaried,15.6,1,30.5,1,35.4,0,19.1,1,0.0,0,100.6,4.2,1
AU2026708,2024-09-15,2024-09,Business Loan,Urban,Punjab,Disbursed,262000.0,MSME Owner,5.4,0,21.1,0,33.1,0,9.8,0,9.5,0,78.9,3.3,0
AU2026709,2024-08-02,2024-08,Personal Loan,Semi-Urban,Haryana,Disbursed,174000.0,MSME Owner,7.7,0,15.8,0,43.6,0,15.5,0,24.5,1,107.1,4.5,1
AU2026710,2025-04-13,2025-04,Home Loan,Urban,Odisha,Disbursed,203000.0,Farmer,5.5,0,28.7,1,12.6,0,6.7,0,14.2,0,67.7,2.8,1
AU2026711,2024-05-20,2024-05,Personal Loan,Rural,Madhya Pradesh,Under Review,50000.0,Self-Employed,15.1,1,29.3,1,57.2,1,0.0,0,0.0,0,101.6,4.2,1
AU2026712,2025-05-08,2025-05,Home Loan,Semi-Urban,Haryana,Disbursed,2489000.0,MSME Owner,9.8,1,49.7,1,41.8,0,16.3,1,20.3,0,137.9,5.7,1
AU2026713,2025-05-11,2025-05,Personal Loan,Urban,Punjab,Under Review,201000.0,MSME Owner,4.5,0,15.0,0,12.6,0,0.0,0,0.0,0,32.1,1.3,0
AU2026714,2024-08-19,2024-08,Vehicle Finance,Rural,Uttar Pradesh,Disbursed,50000.0,Farmer,16.6,1,39.8,1,72.0,1,21.3,1,23.0,0,172.7,7.2,1
AU2026715,2024-03-11,2024-03,Vehicle Finance,Urban,Maharashtra,Disbursed,384000.0,Farmer,5.1,0,12.4,0,19.1,0,4.6,0,9.4,0,50.6,2.1,0
AU2026716,2024-11-04,2024-11,Personal Loan,Semi-Urban,Haryana,Rejected,66000.0,Salaried,6.2,0,19.2,0,37.0,0,18.6,1,0.0,0,81.0,3.4,1
AU2026717,2024-06-02,2024-06,Home Loan,Urban,Karnataka,Under Review,93000.0,Salaried,2.8,0,12.8,0,19.4,0,0.0,0,0.0,0,35.0,1.5,0
AU2026718,2025-03-16,2025-03,Home Loan,Urban,Karnataka,Disbursed,936000.0,MSME Owner,4.3,0,27.4,1,29.9,0,5.1,0,8.4,0,75.1,3.1,1
AU2026719,2024-12-30,2024-12,Home Loan,Rural,Punjab,Disbursed,433000.0,Farmer,10.2,1,55.6,1,42.2,0,28.7,1,26.6,1,163.3,6.8,1
AU2026720,2024-11-19,2024-11,Vehicle Finance,Urban,Karnataka,Disbursed,166000.0,MSME Owner,5.6,0,9.2,0,30.2,0,6.0,0,8.1,0,59.1,2.5,0
AU2026721,2024-04-12,2024-04,Vehicle Finance,Semi-Urban,Madhya Pradesh,Disbursed,642000.0,Salaried,9.5,1,29.5,1,26.2,0,14.0,0,10.5,0,89.7,3.7,1
AU2026722,2024-11-15,2024-11,Business Loan,Semi-Urban,Madhya Pradesh,Disbursed,544000.0,Salaried,7.5,0,18.5,0,46.7,0,10.5,0,21.4,0,104.6,4.4,0
AU2026723,2024-12-17,2024-12,Business Loan,Urban,Uttar Pradesh,Disbursed,127000.0,Self-Employed,2.7,0,17.4,0,32.7,0,9.2,0,17.4,0,79.4,3.3,0
AU2026724,2025-04-16,2025-04,Vehicle Finance,Rural,Punjab,Rejected,50000.0,Farmer,14.3,1,37.7,1,62.0,1,17.5,1,0.0,0,131.5,5.5,1
AU2026725,2024-12-29,2024-12,Vehicle Finance,Semi-Urban,Maharashtra,Under Review,98000.0,Self-Employed,8.9,1,19.5,0,35.3,0,0.0,0,0.0,0,63.7,2.7,1
AU2026726,2024-09-14,2024-09,MSME Loan,Urban,Maharashtra,Under Review,375000.0,Salaried,4.6,0,19.2,0,30.1,0,0.0,0,0.0,0,53.9,2.2,0
AU2026727,2024-12-21,2024-12,MSME Loan,Urban,Karnataka,Disbursed,158000.0,Self-Employed,4.7,0,19.2,0,53.9,1,11.1,0,9.5,0,98.4,4.1,1
AU2026728,2024-12-29,2024-12,Vehicle Finance,Semi-Urban,Punjab,Under Review,129000.0,Farmer,6.2,0,23.5,0,45.1,0,0.0,0,0.0,0,74.8,3.1,0
AU2026729,2025-01-24,2025-01,Business Loan,Urban,Gujarat,Under Review,50000.0,Farmer,5.1,0,15.7,0,16.4,0,0.0,0,0.0,0,37.2,1.5,0
AU2026730,2024-10-14,2024-10,Vehicle Finance,Semi-Urban,Punjab,Disbursed,126000.0,MSME Owner,8.1,1,12.2,0,26.6,0,10.3,0,13.0,0,70.2,2.9,1
AU2026731,2024-10-25,2024-10,Home Loan,Urban,Tamil Nadu,Disbursed,1594000.0,Salaried,4.3,0,28.7,1,19.9,0,8.8,0,15.9,0,77.6,3.2,1
AU2026732,2025-04-27,2025-04,Personal Loan,Semi-Urban,Odisha,Disbursed,308000.0,Salaried,8.9,1,13.0,0,21.0,0,14.3,0,20.6,0,77.8,3.2,1
AU2026733,2024-12-11,2024-12,Home Loan,Urban,Haryana,Under Review,86000.0,Farmer,4.0,0,29.8,1,24.6,0,0.0,0,0.0,0,58.4,2.4,1
AU2026734,2024-05-26,2024-05,Personal Loan,Rural,Karnataka,Disbursed,58000.0,MSME Owner,10.1,1,52.3,1,29.3,0,28.1,1,43.2,1,163.0,6.8,1
AU2026735,2025-02-17,2025-02,Home Loan,Urban,Haryana,Disbursed,703000.0,Farmer,2.5,0,14.1,0,25.1,0,6.2,0,8.7,0,56.6,2.4,0
AU2026736,2024-09-24,2024-09,Vehicle Finance,Urban,Rajasthan,Disbursed,50000.0,MSME Owner,2.4,0,17.9,0,22.5,0,7.2,0,8.8,0,58.8,2.4,0
AU2026737,2024-01-13,2024-01,Personal Loan,Rural,Gujarat,Disbursed,585000.0,MSME Owner,17.5,1,44.3,1,43.1,0,16.8,1,46.0,1,167.7,7.0,1
AU2026738,2024-03-15,2024-03,Home Loan,Semi-Urban,Haryana,Disbursed,455000.0,Salaried,7.6,0,31.8,1,18.2,0,17.7,1,12.2,0,87.5,3.6,1
AU2026739,2024-12-09,2024-12,Vehicle Finance,Urban,Rajasthan,Disbursed,631000.0,Self-Employed,6.0,0,14.5,0,16.4,0,8.9,0,8.8,0,54.6,2.3,0
AU2026740,2024-04-12,2024-04,Personal Loan,Urban,Rajasthan,Disbursed,50000.0,Salaried,5.1,0,10.1,0,34.0,0,8.7,0,6.3,0,64.2,2.7,0
AU2026741,2025-01-19,2025-01,MSME Loan,Urban,Uttar Pradesh,Disbursed,50000.0,Salaried,4.9,0,15.8,0,21.4,0,4.8,0,14.7,0,61.6,2.6,0
AU2026742,2024-05-26,2024-05,Personal Loan,Urban,Maharashtra,Disbursed,134000.0,Salaried,5.3,0,10.4,0,26.8,0,11.6,0,16.1,0,70.2,2.9,0
AU2026743,2024-03-15,2024-03,Personal Loan,Urban,Uttar Pradesh,Disbursed,696000.0,Farmer,5.9,0,11.8,0,28.1,0,10.7,0,8.8,0,65.3,2.7,0
AU2026744,2024-12-19,2024-12,Personal Loan,Urban,Rajasthan,Disbursed,197000.0,Self-Employed,5.1,0,17.8,0,24.3,0,8.7,0,7.2,0,63.1,2.6,0
AU2026745,2024-04-14,2024-04,Vehicle Finance,Rural,Uttar Pradesh,Disbursed,182000.0,Self-Employed,11.0,1,43.4,1,51.5,1,22.4,1,43.6,1,171.9,7.2,1
AU2026746,2024-01-17,2024-01,Business Loan,Semi-Urban,Karnataka,Disbursed,127000.0,MSME Owner,5.6,0,12.3,0,32.9,0,19.8,1,15.8,0,86.4,3.6,1
AU2026747,2025-02-20,2025-02,Personal Loan,Urban,Punjab,Disbursed,661000.0,Salaried,4.0,0,11.4,0,24.5,0,5.1,0,11.2,0,56.2,2.3,0
AU2026748,2024-02-22,2024-02,Vehicle Finance,Urban,Tamil Nadu,Disbursed,85000.0,Self-Employed,4.4,0,18.1,0,15.8,0,6.3,0,8.5,0,53.1,2.2,0
AU2026749,2025-03-20,2025-03,Vehicle Finance,Semi-Urban,Odisha,Disbursed,112000.0,MSME Owner,4.6,0,35.4,1,21.5,0,17.3,1,16.6,0,95.4,4.0,1
AU2026750,2025-03-18,2025-03,MSME Loan,Urban,Karnataka,Disbursed,521000.0,Salaried,2.7,0,23.8,0,34.6,0,5.0,0,8.6,0,74.7,3.1,0
AU2026751,2025-01-15,2025-01,Business Loan,Semi-Urban,Madhya Pradesh,Disbursed,3049000.0,Self-Employed,5.0,0,19.8,0,28.6,0,18.7,1,13.6,0,85.7,3.6,1
AU2026752,2024-07-18,2024-07,Home Loan,Urban,Karnataka,Disbursed,826000.0,MSME Owner,3.1,0,16.3,0,28.4,0,5.6,0,13.7,0,67.1,2.8,0
AU2026753,2024-09-18,2024-09,Personal Loan,Semi-Urban,Madhya Pradesh,Disbursed,81000.0,Salaried,7.9,0,22.7,0,24.5,0,12.2,0,18.9,0,86.2,3.6,0
AU2026754,2024-12-20,2024-12,Personal Loan,Rural,Uttar Pradesh,Rejected,731000.0,Salaried,15.3,1,50.0,1,50.5,1,16.3,1,0.0,0,132.1,5.5,1
AU2026755,2025-04-19,2025-04,Business Loan,Urban,Rajasthan,Disbursed,50000.0,MSME Owner,5.3,0,13.3,0,25.6,0,10.7,0,16.7,0,71.6,3.0,0
AU2026756,2024-07-17,2024-07,Business Loan,Urban,Haryana,Rejected,1529000.0,Self-Employed,5.0,0,14.9,0,43.7,0,8.1,0,0.0,0,71.7,3.0,0
AU2026757,2025-05-04,2025-05,Vehicle Finance,Semi-Urban,Haryana,Pending Documents,1743000.0,Self-Employed,4.4,0,35.7,1,36.7,0,19.4,1,11.9,0,108.1,4.5,1
AU2026758,2025-05-09,2025-05,Business Loan,Urban,Punjab,Under Review,269000.0,Salaried,2.5,0,17.4,0,36.8,0,0.0,0,0.0,0,56.7,2.4,0
AU2026759,2024-01-28,2024-01,Business Loan,Urban,Karnataka,Disbursed,848000.0,Self-Employed,5.7,0,18.3,0,32.3,0,6.1,0,16.9,0,79.3,3.3,0
AU2026760,2025-01-15,2025-01,Personal Loan,Urban,Rajasthan,Pending Documents,439000.0,Salaried,5.3,0,11.3,0,18.0,0,5.5,0,7.9,0,48.0,2.0,0
AU2026761,2024-04-13,2024-04,MSME Loan,Semi-Urban,Uttar Pradesh,Disbursed,2712000.0,Farmer,5.4,0,12.1,0,55.5,1,14.1,0,18.6,0,105.7,4.4,1
AU2026762,2025-03-20,2025-03,Personal Loan,Semi-Urban,Odisha,Disbursed,100000.0,Salaried,6.1,0,19.4,0,47.4,0,19.2,1,20.3,0,112.4,4.7,1
AU2026763,2025-02-28,2025-02,MSME Loan,Rural,Tamil Nadu,Disbursed,120000.0,Self-Employed,17.6,1,45.9,1,50.5,1,24.4,1,24.2,1,162.6,6.8,1
AU2026764,2025-04-11,2025-04,Business Loan,Urban,Madhya Pradesh,Disbursed,153000.0,Salaried,4.2,0,23.9,0,21.9,0,4.8,0,11.3,0,66.1,2.8,0
AU2026765,2025-01-21,2025-01,Vehicle Finance,Urban,Punjab,Disbursed,203000.0,Self-Employed,3.3,0,22.6,0,13.0,0,5.9,0,15.7,0,60.5,2.5,0
AU2026766,2024-10-06,2024-10,MSME Loan,Urban,Odisha,Pending Documents,81000.0,Self-Employed,3.2,0,10.4,0,27.9,0,8.6,0,15.9,0,66.0,2.8,0
AU2026767,2024-04-10,2024-04,Business Loan,Urban,Odisha,Disbursed,747000.0,Self-Employed,5.0,0,13.2,0,40.0,0,7.1,0,14.6,0,79.9,3.3,0
AU2026768,2024-05-30,2024-05,Personal Loan,Urban,Madhya Pradesh,Disbursed,327000.0,Farmer,2.4,0,15.4,0,22.1,0,8.8,0,15.7,0,64.4,2.7,0
AU2026769,2024-03-31,2024-03,MSME Loan,Semi-Urban,Tamil Nadu,Disbursed,761000.0,Farmer,6.3,0,32.0,1,72.0,1,13.9,0,23.1,0,147.3,6.1,1
AU2026770,2024-04-05,2024-04,Business Loan,Urban,Gujarat,Disbursed,217000.0,Farmer,2.3,0,8.5,0,40.9,0,6.6,0,11.0,0,69.3,2.9,0
AU2026771,2025-01-11,2025-01,Business Loan,Urban,Maharashtra,Disbursed,58000.0,Farmer,2.9,0,14.8,0,55.8,1,10.6,0,7.3,0,91.4,3.8,1
AU2026772,2024-03-02,2024-03,Vehicle Finance,Semi-Urban,Karnataka,Rejected,202000.0,Salaried,6.8,0,27.5,1,36.3,0,8.8,0,0.0,0,79.4,3.3,1
AU2026773,2024-01-21,2024-01,MSME Loan,Urban,Haryana,Disbursed,1519000.0,MSME Owner,3.6,0,10.9,0,35.2,0,8.6,0,11.4,0,69.7,2.9,0
AU2026774,2024-05-22,2024-05,MSME Loan,Urban,Haryana,Rejected,204000.0,MSME Owner,2.9,0,17.4,0,22.3,0,4.8,0,0.0,0,47.4,2.0,0
AU2026775,2024-05-15,2024-05,Home Loan,Urban,Karnataka,Under Review,100000.0,Salaried,2.5,0,15.3,0,16.1,0,0.0,0,0.0,0,33.9,1.4,0
AU2026776,2024-03-23,2024-03,Vehicle Finance,Urban,Maharashtra,Pending Documents,82000.0,Salaried,3.0,0,16.0,0,19.0,0,8.1,0,14.0,0,60.1,2.5,0
AU2026777,2025-03-09,2025-03,Home Loan,Semi-Urban,Odisha,Disbursed,169000.0,Salaried,7.3,0,22.8,0,20.5,0,14.3,0,15.9,0,80.8,3.4,0
AU2026778,2024-01-03,2024-01,Home Loan,Urban,Uttar Pradesh,Pending Documents,5000000.0,MSME Owner,4.0,0,22.6,0,20.8,0,6.2,0,17.4,0,71.0,3.0,0
AU2026779,2024-08-26,2024-08,Business Loan,Urban,Punjab,Disbursed,418000.0,Farmer,4.3,0,20.5,0,49.2,1,10.6,0,12.6,0,97.2,4.0,1
AU2026780,2024-01-21,2024-01,Personal Loan,Urban,Maharashtra,Disbursed,711000.0,Self-Employed,4.4,0,8.5,0,12.8,0,9.8,0,8.3,0,43.8,1.8,0
AU2026781,2025-04-20,2025-04,Home Loan,Semi-Urban,Maharashtra,Pending Documents,50000.0,MSME Owner,6.5,0,39.0,1,21.5,0,12.6,0,23.2,0,102.8,4.3,1
AU2026782,2024-11-01,2024-11,Vehicle Finance,Semi-Urban,Punjab,Disbursed,134000.0,MSME Owner,7.7,0,20.9,0,19.2,0,10.8,0,26.0,1,84.6,3.5,1
AU2026783,2025-01-31,2025-01,MSME Loan,Semi-Urban,Rajasthan,Disbursed,679000.0,Self-Employed,6.8,0,27.5,1,40.7,0,18.1,1,22.6,0,115.7,4.8,1
AU2026784,2025-03-07,2025-03,Business Loan,Rural,Odisha,Disbursed,614000.0,MSME Owner,14.6,1,29.1,1,40.7,0,18.2,1,43.6,1,146.2,6.1,1
AU2026785,2024-09-08,2024-09,MSME Loan,Urban,Uttar Pradesh,Rejected,422000.0,Self-Employed,2.1,0,16.7,0,49.0,1,6.2,0,0.0,0,74.0,3.1,1
AU2026786,2024-10-08,2024-10,Personal Loan,Urban,Odisha,Disbursed,195000.0,MSME Owner,4.1,0,15.7,0,31.4,0,7.4,0,15.6,0,74.2,3.1,0
AU2026787,2024-02-07,2024-02,Personal Loan,Semi-Urban,Punjab,Rejected,976000.0,Farmer,5.3,0,26.5,1,31.0,0,12.6,0,0.0,0,75.4,3.1,1
AU2026788,2024-09-26,2024-09,Personal Loan,Rural,Punjab,Rejected,929000.0,Salaried,14.2,1,55.3,1,64.3,1,18.7,1,0.0,0,152.5,6.4,1
AU2026789,2025-05-04,2025-05,Business Loan,Rural,Madhya Pradesh,Disbursed,172000.0,MSME Owner,8.8,1,45.2,1,78.1,1,23.0,1,38.9,1,194.0,8.1,1
AU2026790,2024-09-23,2024-09,MSME Loan,Rural,Maharashtra,Disbursed,249000.0,Self-Employed,16.8,1,27.6,1,102.7,1,26.4,1,33.1,1,206.6,8.6,1
AU2026791,2025-02-06,2025-02,Business Loan,Semi-Urban,Gujarat,Pending Documents,286000.0,Salaried,7.5,0,14.0,0,36.1,0,17.2,1,15.4,0,90.2,3.8,1
AU2026792,2024-03-22,2024-03,MSME Loan,Semi-Urban,Karnataka,Disbursed,317000.0,Self-Employed,6.5,0,27.4,1,58.8,1,9.9,0,19.0,0,121.6,5.1,1
AU2026793,2024-10-05,2024-10,Home Loan,Semi-Urban,Haryana,Disbursed,65000.0,Salaried,5.3,0,19.9,0,29.3,0,14.5,0,11.3,0,80.3,3.3,0
AU2026794,2024-07-25,2024-07,Vehicle Finance,Rural,Karnataka,Pending Documents,149000.0,Salaried,16.3,1,26.0,1,33.9,0,21.8,1,23.4,0,121.4,5.1,1
AU2026795,2024-06-27,2024-06,MSME Loan,Rural,Gujarat,Rejected,615000.0,MSME Owner,10.2,1,50.2,1,62.1,1,24.0,1,0.0,0,146.5,6.1,1
AU2026796,2025-03-28,2025-03,Home Loan,Rural,Madhya Pradesh,Disbursed,50000.0,MSME Owner,12.7,1,59.6,1,58.4,1,18.5,1,28.6,1,177.8,7.4,1
AU2026797,2024-12-05,2024-12,Home Loan,Rural,Madhya Pradesh,Disbursed,143000.0,Salaried,10.1,1,51.7,1,38.0,0,24.0,1,42.8,1,166.6,6.9,1
AU2026798,2024-06-18,2024-06,Personal Loan,Semi-Urban,Punjab,Disbursed,3680000.0,Farmer,5.2,0,14.1,0,36.8,0,12.7,0,12.9,0,81.7,3.4,0
AU2026799,2024-05-30,2024-05,Personal Loan,Semi-Urban,Punjab,Disbursed,304000.0,Farmer,6.4,0,17.1,0,36.9,0,10.9,0,18.9,0,90.2,3.8,0
AU2026800,2025-05-01,2025-05,Vehicle Finance,Semi-Urban,Madhya Pradesh,Rejected,329000.0,MSME Owner,6.0,0,16.3,0,26.4,0,12.0,0,0.0,0,60.7,2.5,0
AU2026801,2024-09-28,2024-09,Personal Loan,Rural,Odisha,Disbursed,233000.0,Salaried,9.1,1,33.2,1,64.2,1,23.1,1,24.8,1,154.4,6.4,1
AU2026802,2024-10-14,2024-10,MSME Loan,Rural,Tamil Nadu,Rejected,399000.0,Self-Employed,11.7,1,32.1,1,78.7,1,28.0,1,0.0,0,150.5,6.3,1
AU2026803,2024-02-28,2024-02,MSME Loan,Urban,Rajasthan,Rejected,850000.0,Self-Employed,4.7,0,18.3,0,25.1,0,5.1,0,0.0,0,53.2,2.2,0
AU2026804,2024-08-16,2024-08,Personal Loan,Semi-Urban,Punjab,Disbursed,1025000.0,MSME Owner,9.4,1,21.5,0,34.9,0,18.7,1,27.9,1,112.4,4.7,1
AU2026805,2025-04-08,2025-04,MSME Loan,Semi-Urban,Madhya Pradesh,Disbursed,138000.0,Salaried,9.0,1,32.2,1,63.1,1,11.4,0,21.5,0,137.2,5.7,1
AU2026806,2025-04-15,2025-04,Business Loan,Semi-Urban,Odisha,Disbursed,230000.0,Self-Employed,6.2,0,27.9,1,53.8,1,19.1,1,11.8,0,118.8,5.0,1
AU2026807,2024-05-04,2024-05,Personal Loan,Rural,Odisha,Disbursed,341000.0,Salaried,13.0,1,47.5,1,26.2,0,17.2,1,42.3,1,146.2,6.1,1
AU2026808,2024-12-15,2024-12,Vehicle Finance,Urban,Rajasthan,Disbursed,75000.0,MSME Owner,4.7,0,15.5,0,34.0,0,7.1,0,8.8,0,70.1,2.9,0
AU2026809,2024-07-14,2024-07,Home Loan,Semi-Urban,Punjab,Disbursed,485000.0,Salaried,6.4,0,26.4,1,39.3,0,15.8,0,17.9,0,105.8,4.4,1
AU2026810,2024-07-16,2024-07,Business Loan,Urban,Gujarat,Disbursed,210000.0,Salaried,4.2,0,20.4,0,32.2,0,11.6,0,15.9,0,84.3,3.5,0
AU2026811,2024-10-03,2024-10,MSME Loan,Rural,Uttar Pradesh,Disbursed,173000.0,Self-Employed,9.3,1,50.0,1,82.2,1,21.1,1,38.8,1,201.4,8.4,1
AU2026812,2024-01-13,2024-01,Business Loan,Semi-Urban,Uttar Pradesh,Disbursed,547000.0,MSME Owner,8.7,1,12.3,0,71.5,1,11.3,0,26.0,1,129.8,5.4,1
AU2026813,2025-02-24,2025-02,Personal Loan,Semi-Urban,Karnataka,Rejected,405000.0,Self-Employed,6.5,0,28.3,1,34.5,0,11.3,0,0.0,0,80.6,3.4,1
AU2026814,2024-09-20,2024-09,Personal Loan,Semi-Urban,Punjab,Disbursed,50000.0,Salaried,7.1,0,27.5,1,47.0,0,18.0,1,22.9,0,122.5,5.1,1
AU2026815,2024-08-16,2024-08,Vehicle Finance,Urban,Karnataka,Disbursed,887000.0,Self-Employed,5.4,0,14.1,0,23.1,0,6.2,0,9.3,0,58.1,2.4,0
AU2026816,2024-01-23,2024-01,Personal Loan,Semi-Urban,Tamil Nadu,Disbursed,787000.0,MSME Owner,8.5,1,30.5,1,33.0,0,12.2,0,26.8,1,111.0,4.6,1
AU2026817,2025-04-04,2025-04,Personal Loan,Urban,Uttar Pradesh,Disbursed,3056000.0,Self-Employed,2.0,0,19.5,0,25.4,0,7.9,0,11.1,0,65.9,2.7,0
AU2026818,2024-06-13,2024-06,Vehicle Finance,Urban,Madhya Pradesh,Disbursed,823000.0,Self-Employed,3.9,0,17.1,0,25.4,0,6.5,0,7.2,0,60.1,2.5,0
AU2026819,2024-02-12,2024-02,MSME Loan,Semi-Urban,Karnataka,Rejected,87000.0,Self-Employed,8.5,1,26.0,1,27.7,0,18.7,1,0.0,0,80.9,3.4,1
AU2026820,2024-03-26,2024-03,Personal Loan,Urban,Gujarat,Rejected,850000.0,Farmer,3.4,0,17.0,0,26.9,0,11.8,0,0.0,0,59.1,2.5,0
AU2026821,2024-09-30,2024-09,MSME Loan,Urban,Karnataka,Rejected,868000.0,Self-Employed,5.3,0,8.5,0,19.2,0,4.6,0,0.0,0,37.6,1.6,0
AU2026822,2024-11-16,2024-11,Vehicle Finance,Rural,Rajasthan,Disbursed,193000.0,Salaried,13.9,1,58.6,1,29.0,0,14.2,0,39.1,1,154.8,6.5,1
AU2026823,2024-04-17,2024-04,Home Loan,Urban,Gujarat,Under Review,253000.0,Salaried,5.7,0,15.2,0,14.0,0,0.0,0,0.0,0,34.9,1.5,0
AU2026824,2025-03-18,2025-03,Vehicle Finance,Semi-Urban,Madhya Pradesh,Disbursed,72000.0,Salaried,9.8,1,31.7,1,20.2,0,13.4,0,21.4,0,96.5,4.0,1
AU2026825,2025-03-03,2025-03,Personal Loan,Semi-Urban,Haryana,Disbursed,1288000.0,Salaried,4.8,0,30.2,1,27.7,0,10.9,0,23.3,0,96.9,4.0,1
AU2026826,2024-04-15,2024-04,Home Loan,Urban,Gujarat,Under Review,82000.0,Self-Employed,4.9,0,15.5,0,23.3,0,0.0,0,0.0,0,43.7,1.8,0
AU2026827,2025-02-28,2025-02,Vehicle Finance,Semi-Urban,Karnataka,Disbursed,1137000.0,Self-Employed,7.2,0,30.7,1,37.6,0,13.1,0,27.5,1,116.1,4.8,1
AU2026828,2024-11-27,2024-11,Personal Loan,Urban,Haryana,Disbursed,520000.0,Salaried,2.7,0,12.7,0,28.4,0,11.0,0,15.6,0,70.4,2.9,0
AU2026829,2025-01-17,2025-01,Personal Loan,Semi-Urban,Gujarat,Disbursed,64000.0,Salaried,8.8,1,23.0,0,22.5,0,13.3,0,13.6,0,81.2,3.4,1
AU2026830,2024-01-13,2024-01,Business Loan,Semi-Urban,Maharashtra,Disbursed,300000.0,MSME Owner,8.6,1,27.9,1,50.3,1,8.0,0,21.0,0,115.8,4.8,1
AU2026831,2025-01-02,2025-01,Business Loan,Urban,Tamil Nadu,Disbursed,579000.0,MSME Owner,5.8,0,14.0,0,38.3,0,10.8,0,10.0,0,78.9,3.3,0
AU2026832,2024-01-20,2024-01,Personal Loan,Urban,Punjab,Under Review,160000.0,Self-Employed,5.4,0,23.0,0,22.2,0,0.0,0,0.0,0,50.6,2.1,0
AU2026833,2024-02-07,2024-02,Personal Loan,Rural,Gujarat,Disbursed,96000.0,Salaried,12.9,1,52.2,1,63.7,1,27.6,1,35.1,1,191.5,8.0,1
AU2026834,2024-04-01,2024-04,MSME Loan,Semi-Urban,Rajasthan,Disbursed,166000.0,Salaried,6.1,0,27.0,1,34.8,0,9.8,0,15.3,0,93.0,3.9,1
AU2026835,2024-10-12,2024-10,Personal Loan,Semi-Urban,Uttar Pradesh,Disbursed,1416000.0,Salaried,8.2,1,32.2,1,18.6,0,10.8,0,27.0,1,96.8,4.0,1
AU2026836,2024-10-21,2024-10,Business Loan,Rural,Gujarat,Disbursed,129000.0,Salaried,17.0,1,59.3,1,111.3,1,27.3,1,43.4,1,258.3,10.8,1
AU2026837,2025-04-11,2025-04,Home Loan,Rural,Madhya Pradesh,Disbursed,130000.0,Self-Employed,14.4,1,82.6,1,55.7,1,27.1,1,32.2,1,212.0,8.8,1
AU2026838,2024-07-27,2024-07,Home Loan,Rural,Uttar Pradesh,Disbursed,281000.0,Self-Employed,16.8,1,55.2,1,44.1,0,21.5,1,18.6,0,156.2,6.5,1
AU2026839,2024-08-18,2024-08,Vehicle Finance,Urban,Haryana,Pending Documents,640000.0,Salaried,3.8,0,23.2,0,33.6,0,9.6,0,13.1,0,83.3,3.5,0
AU2026840,2024-08-09,2024-08,Business Loan,Urban,Haryana,Disbursed,130000.0,MSME Owner,3.4,0,15.4,0,38.8,0,10.4,0,8.5,0,76.5,3.2,0
AU2026841,2024-01-09,2024-01,Business Loan,Urban,Punjab,Disbursed,874000.0,Self-Employed,2.8,0,9.0,0,52.8,1,8.3,0,7.6,0,80.5,3.4,1
AU2026842,2024-12-10,2024-12,Personal Loan,Urban,Haryana,Disbursed,966000.0,Salaried,4.5,0,14.5,0,23.2,0,10.4,0,10.0,0,62.6,2.6,0
AU2026843,2024-09-30,2024-09,Personal Loan,Rural,Gujarat,Disbursed,1237000.0,Salaried,15.1,1,48.6,1,62.4,1,15.3,0,28.6,1,170.0,7.1,1
AU2026844,2024-11-24,2024-11,Personal Loan,Semi-Urban,Rajasthan,Disbursed,240000.0,Farmer,9.3,1,35.9,1,30.5,0,8.6,0,15.5,0,99.8,4.2,1
AU2026845,2024-02-02,2024-02,Home Loan,Urban,Odisha,Disbursed,128000.0,Salaried,3.9,0,15.4,0,14.2,0,7.3,0,10.2,0,51.0,2.1,0
AU2026846,2024-01-24,2024-01,Vehicle Finance,Semi-Urban,Odisha,Disbursed,2699000.0,Farmer,7.4,0,15.8,0,33.5,0,12.7,0,18.6,0,88.0,3.7,0
AU2026847,2024-07-02,2024-07,Personal Loan,Semi-Urban,Gujarat,Disbursed,60000.0,MSME Owner,7.6,0,13.9,0,44.7,0,15.4,0,15.7,0,97.3,4.1,0
AU2026848,2024-02-24,2024-02,Personal Loan,Semi-Urban,Karnataka,Disbursed,96000.0,MSME Owner,9.2,1,14.4,0,25.2,0,8.3,0,10.8,0,67.9,2.8,1
AU2026849,2025-02-06,2025-02,Personal Loan,Rural,Uttar Pradesh,Disbursed,596000.0,Self-Employed,15.9,1,41.8,1,44.6,0,12.2,0,35.0,1,149.5,6.2,1
AU2026850,2024-11-06,2024-11,Personal Loan,Rural,Uttar Pradesh,Disbursed,942000.0,Self-Employed,10.7,1,33.6,1,65.4,1,12.2,0,23.4,0,145.3,6.1,1
AU2026851,2024-05-24,2024-05,Vehicle Finance,Rural,Gujarat,Disbursed,1197000.0,MSME Owner,13.6,1,26.3,1,53.8,1,26.7,1,47.8,1,168.2,7.0,1
AU2026852,2024-07-14,2024-07,Personal Loan,Semi-Urban,Tamil Nadu,Disbursed,194000.0,Salaried,6.2,0,23.8,0,28.8,0,14.6,0,14.3,0,87.7,3.7,0
AU2026853,2025-02-24,2025-02,Vehicle Finance,Rural,Haryana,Disbursed,98000.0,Self-Employed,14.5,1,44.3,1,41.6,0,23.6,1,18.8,0,142.8,6.0,1
AU2026854,2024-08-30,2024-08,Business Loan,Semi-Urban,Rajasthan,Disbursed,2904000.0,MSME Owner,4.7,0,35.8,1,55.9,1,12.4,0,14.5,0,123.3,5.1,1
AU2026855,2024-09-30,2024-09,Vehicle Finance,Rural,Maharashtra,Disbursed,302000.0,MSME Owner,11.6,1,38.0,1,37.7,0,24.7,1,28.8,1,140.8,5.9,1
AU2026856,2024-03-10,2024-03,Personal Loan,Urban,Madhya Pradesh,Under Review,106000.0,Farmer,2.3,0,8.8,0,15.1,0,0.0,0,0.0,0,26.2,1.1,0
AU2026857,2025-02-11,2025-02,Home Loan,Semi-Urban,Haryana,Disbursed,1019000.0,MSME Owner,8.5,1,23.1,0,36.7,0,15.0,0,27.0,1,110.3,4.6,1
AU2026858,2024-05-31,2024-05,Personal Loan,Urban,Karnataka,Rejected,101000.0,Self-Employed,2.2,0,23.4,0,14.6,0,4.5,0,0.0,0,44.7,1.9,0
AU2026859,2024-06-01,2024-06,Business Loan,Urban,Maharashtra,Rejected,788000.0,Farmer,3.0,0,18.1,0,17.7,0,7.1,0,0.0,0,45.9,1.9,0
AU2026860,2025-05-05,2025-05,Personal Loan,Semi-Urban,Punjab,Disbursed,417000.0,MSME Owner,9.6,1,34.6,1,34.5,0,13.9,0,16.0,0,108.6,4.5,1
AU2026861,2024-10-10,2024-10,Home Loan,Semi-Urban,Rajasthan,Pending Documents,703000.0,Salaried,5.9,0,27.3,1,42.2,0,9.2,0,18.2,0,102.8,4.3,1
AU2026862,2024-03-13,2024-03,Business Loan,Urban,Karnataka,Disbursed,118000.0,Self-Employed,5.8,0,23.7,0,37.8,0,8.1,0,9.4,0,84.8,3.5,0
AU2026863,2024-01-22,2024-01,MSME Loan,Urban,Gujarat,Disbursed,275000.0,Salaried,3.4,0,9.1,0,46.5,0,8.5,0,12.9,0,80.4,3.4,0
AU2026864,2024-10-20,2024-10,Business Loan,Rural,Rajasthan,Disbursed,1024000.0,Farmer,10.3,1,43.5,1,77.1,1,27.7,1,19.5,0,178.1,7.4,1
AU2026865,2024-07-20,2024-07,Business Loan,Urban,Odisha,Disbursed,66000.0,Salaried,5.9,0,11.4,0,54.3,1,5.6,0,17.2,0,94.4,3.9,1
AU2026866,2024-10-07,2024-10,Home Loan,Urban,Karnataka,Disbursed,90000.0,Self-Employed,3.7,0,27.3,1,30.4,0,6.6,0,17.1,0,85.1,3.5,1
AU2026867,2024-06-05,2024-06,MSME Loan,Urban,Gujarat,Disbursed,50000.0,Self-Employed,4.4,0,12.4,0,26.6,0,9.4,0,13.2,0,66.0,2.8,0
AU2026868,2025-01-18,2025-01,Personal Loan,Rural,Madhya Pradesh,Rejected,1271000.0,Salaried,12.7,1,30.1,1,26.0,0,18.1,1,0.0,0,86.9,3.6,1
AU2026869,2024-04-18,2024-04,Vehicle Finance,Semi-Urban,Punjab,Disbursed,84000.0,Salaried,8.8,1,12.0,0,28.3,0,13.9,0,24.7,1,87.7,3.7,1
AU2026870,2025-04-08,2025-04,MSME Loan,Semi-Urban,Haryana,Disbursed,94000.0,Salaried,7.3,0,28.3,1,27.7,0,8.7,0,24.1,1,96.1,4.0,1
AU2026871,2024-03-13,2024-03,MSME Loan,Semi-Urban,Karnataka,Disbursed,667000.0,MSME Owner,8.4,1,25.9,1,41.3,0,10.4,0,17.5,0,103.5,4.3,1
AU2026872,2024-04-04,2024-04,Business Loan,Urban,Maharashtra,Disbursed,434000.0,Salaried,3.9,0,19.9,0,35.9,0,6.9,0,11.7,0,78.3,3.3,0
AU2026873,2024-11-11,2024-11,MSME Loan,Rural,Madhya Pradesh,Disbursed,160000.0,MSME Owner,8.1,1,55.7,1,111.2,1,22.4,1,40.6,1,238.0,9.9,1
AU2026874,2024-04-09,2024-04,Vehicle Finance,Urban,Uttar Pradesh,Under Review,1385000.0,MSME Owner,5.4,0,19.7,0,17.1,0,0.0,0,0.0,0,42.2,1.8,0
AU2026875,2024-04-02,2024-04,Vehicle Finance,Rural,Gujarat,Under Review,1987000.0,MSME Owner,11.5,1,35.0,1,54.9,1,0.0,0,0.0,0,101.4,4.2,1
AU2026876,2025-03-12,2025-03,Home Loan,Urban,Odisha,Rejected,50000.0,Self-Employed,5.6,0,19.3,0,18.9,0,6.8,0,0.0,0,50.6,2.1,0
AU2026877,2025-03-11,2025-03,Vehicle Finance,Urban,Rajasthan,Under Review,250000.0,Salaried,4.4,0,10.0,0,35.5,0,0.0,0,0.0,0,49.9,2.1,0
AU2026878,2024-08-24,2024-08,Home Loan,Semi-Urban,Karnataka,Under Review,372000.0,Salaried,8.7,1,52.3,1,45.0,0,0.0,0,0.0,0,106.0,4.4,1
AU2026879,2024-02-07,2024-02,Business Loan,Urban,Karnataka,Disbursed,129000.0,Self-Employed,6.0,0,17.1,0,41.5,0,7.8,0,13.9,0,86.3,3.6,0
AU2026880,2024-12-09,2024-12,MSME Loan,Semi-Urban,Uttar Pradesh,Disbursed,350000.0,Self-Employed,7.6,0,14.6,0,32.2,0,18.5,1,15.4,0,88.3,3.7,1
AU2026881,2024-05-08,2024-05,Business Loan,Urban,Gujarat,Pending Documents,267000.0,Salaried,5.3,0,13.5,0,50.8,1,11.9,0,10.2,0,91.7,3.8,1
AU2026882,2024-04-11,2024-04,Personal Loan,Urban,Gujarat,Rejected,165000.0,Salaried,3.4,0,9.2,0,32.6,0,10.9,0,0.0,0,56.1,2.3,0
AU2026883,2024-09-06,2024-09,Vehicle Finance,Semi-Urban,Odisha,Rejected,131000.0,Self-Employed,7.1,0,27.2,1,39.1,0,12.2,0,0.0,0,85.6,3.6,1
AU2026884,2024-07-01,2024-07,Business Loan,Semi-Urban,Punjab,Disbursed,50000.0,MSME Owner,4.4,0,25.7,1,54.4,1,12.6,0,17.6,0,114.7,4.8,1
AU2026885,2024-12-09,2024-12,MSME Loan,Urban,Maharashtra,Under Review,800000.0,Farmer,4.6,0,20.4,0,41.1,0,0.0,0,0.0,0,66.1,2.8,0
AU2026886,2024-02-21,2024-02,Business Loan,Urban,Madhya Pradesh,Disbursed,73000.0,Farmer,3.6,0,21.6,0,26.2,0,6.5,0,6.7,0,64.6,2.7,0
AU2026887,2024-11-13,2024-11,Business Loan,Semi-Urban,Uttar Pradesh,Pending Documents,432000.0,Self-Employed,7.8,0,22.3,0,27.4,0,14.0,0,11.2,0,82.7,3.4,0
AU2026888,2025-04-05,2025-04,MSME Loan,Rural,Gujarat,Disbursed,108000.0,MSME Owner,16.2,1,53.6,1,56.3,1,16.7,1,33.6,1,176.4,7.3,1
AU2026889,2024-06-11,2024-06,MSME Loan,Rural,Madhya Pradesh,Disbursed,372000.0,MSME Owner,17.2,1,33.4,1,101.1,1,16.8,1,28.3,1,196.8,8.2,1
AU2026890,2024-08-18,2024-08,Personal Loan,Semi-Urban,Tamil Nadu,Under Review,84000.0,Salaried,7.4,0,26.0,1,35.3,0,0.0,0,0.0,0,68.7,2.9,1
AU2026891,2024-11-11,2024-11,MSME Loan,Semi-Urban,Punjab,Rejected,293000.0,Farmer,7.9,0,28.2,1,61.8,1,11.1,0,0.0,0,109.0,4.5,1
AU2026892,2024-12-21,2024-12,MSME Loan,Urban,Uttar Pradesh,Under Review,71000.0,Self-Employed,3.6,0,21.4,0,35.8,0,0.0,0,0.0,0,60.8,2.5,0
AU2026893,2024-03-19,2024-03,Home Loan,Rural,Odisha,Disbursed,2139000.0,MSME Owner,9.4,1,80.5,1,52.6,1,28.9,1,44.0,1,215.4,9.0,1
AU2026894,2024-10-17,2024-10,Personal Loan,Urban,Odisha,Disbursed,66000.0,Salaried,4.3,0,8.8,0,33.0,0,10.5,0,15.4,0,72.0,3.0,0
AU2026895,2025-02-17,2025-02,Personal Loan,Urban,Punjab,Disbursed,290000.0,Farmer,3.4,0,13.5,0,15.2,0,9.4,0,13.8,0,55.3,2.3,0
AU2026896,2025-05-05,2025-05,Personal Loan,Semi-Urban,Punjab,Rejected,2561000.0,MSME Owner,8.1,1,26.8,1,43.6,0,18.8,1,0.0,0,97.3,4.1,1
AU2026897,2024-03-27,2024-03,Personal Loan,Rural,Haryana,Disbursed,247000.0,Farmer,8.2,1,57.2,1,52.3,1,25.9,1,30.0,1,173.6,7.2,1
AU2026898,2024-06-09,2024-06,MSME Loan,Urban,Rajasthan,Disbursed,2315000.0,MSME Owner,5.5,0,18.6,0,39.0,0,9.7,0,15.0,0,87.8,3.7,0
AU2026899,2025-02-06,2025-02,Personal Loan,Urban,Madhya Pradesh,Disbursed,156000.0,Self-Employed,4.0,0,17.9,0,35.0,0,6.6,0,15.1,0,78.6,3.3,0
AU2026900,2024-12-30,2024-12,Vehicle Finance,Urban,Madhya Pradesh,Disbursed,130000.0,Salaried,4.5,0,21.5,0,29.5,0,7.7,0,16.9,0,80.1,3.3,0
AU2026901,2024-05-21,2024-05,Business Loan,Rural,Haryana,Disbursed,272000.0,Farmer,16.0,1,56.5,1,50.6,1,24.0,1,40.2,1,187.3,7.8,1
AU2026902,2024-03-09,2024-03,Home Loan,Semi-Urban,Punjab,Disbursed,104000.0,Farmer,9.0,1,19.1,0,46.5,0,10.2,0,17.5,0,102.3,4.3,1
AU2026903,2025-03-25,2025-03,Personal Loan,Rural,Punjab,Rejected,75000.0,Self-Employed,14.8,1,30.6,1,42.4,0,18.8,1,0.0,0,106.6,4.4,1
AU2026904,2024-08-24,2024-08,MSME Loan,Semi-Urban,Tamil Nadu,Disbursed,404000.0,Salaried,8.2,1,21.9,0,41.1,0,19.3,1,14.7,0,105.2,4.4,1
AU2026905,2024-07-02,2024-07,Business Loan,Urban,Tamil Nadu,Disbursed,50000.0,Salaried,3.2,0,21.8,0,47.5,0,9.4,0,11.5,0,93.4,3.9,0
AU2026906,2024-09-06,2024-09,Vehicle Finance,Urban,Uttar Pradesh,Disbursed,253000.0,Salaried,2.4,0,12.2,0,20.8,0,7.1,0,7.4,0,49.9,2.1,0
AU2026907,2024-02-25,2024-02,Personal Loan,Urban,Karnataka,Disbursed,50000.0,Salaried,2.3,0,19.3,0,21.3,0,6.6,0,7.5,0,57.0,2.4,0
AU2026908,2024-11-26,2024-11,Personal Loan,Urban,Maharashtra,Pending Documents,57000.0,Salaried,4.8,0,10.1,0,22.6,0,9.1,0,12.7,0,59.3,2.5,0
AU2026909,2024-02-11,2024-02,MSME Loan,Rural,Odisha,Rejected,565000.0,Self-Employed,8.1,1,50.4,1,115.0,1,19.3,1,0.0,0,192.8,8.0,1
AU2026910,2025-03-15,2025-03,Personal Loan,Urban,Uttar Pradesh,Disbursed,1299000.0,Salaried,5.6,0,16.7,0,23.2,0,10.3,0,7.2,0,63.0,2.6,0
AU2026911,2025-04-01,2025-04,Home Loan,Urban,Maharashtra,Disbursed,235000.0,Self-Employed,5.6,0,25.0,1,27.6,0,10.2,0,9.1,0,77.5,3.2,1
AU2026912,2024-04-10,2024-04,MSME Loan,Semi-Urban,Karnataka,Disbursed,68000.0,Salaried,5.7,0,16.3,0,59.1,1,15.0,0,21.7,0,117.8,4.9,1
AU2026913,2025-01-10,2025-01,Business Loan,Rural,Uttar Pradesh,Disbursed,119000.0,Self-Employed,10.8,1,43.0,1,59.5,1,26.2,1,44.7,1,184.2,7.7,1
AU2026914,2025-01-07,2025-01,Home Loan,Urban,Gujarat,Disbursed,235000.0,Farmer,3.6,0,34.7,1,34.2,0,9.3,0,6.1,0,87.9,3.7,1
AU2026915,2025-04-01,2025-04,Business Loan,Rural,Gujarat,Under Review,649000.0,Salaried,12.0,1,54.1,1,80.4,1,0.0,0,0.0,0,146.5,6.1,1
AU2026916,2025-03-10,2025-03,MSME Loan,Urban,Rajasthan,Disbursed,119000.0,Salaried,3.4,0,21.0,0,46.2,0,9.5,0,6.3,0,86.4,3.6,0
AU2026917,2024-11-19,2024-11,MSME Loan,Urban,Karnataka,Disbursed,256000.0,Salaried,2.3,0,8.2,0,39.2,0,9.0,0,6.6,0,65.3,2.7,0
AU2026918,2025-02-20,2025-02,Business Loan,Rural,Rajasthan,Disbursed,177000.0,MSME Owner,10.5,1,59.9,1,62.1,1,19.0,1,21.7,0,173.2,7.2,1
AU2026919,2024-10-23,2024-10,Home Loan,Urban,Odisha,Disbursed,57000.0,Salaried,3.6,0,32.3,1,29.7,0,5.2,0,13.3,0,84.1,3.5,1
AU2026920,2025-01-28,2025-01,Vehicle Finance,Urban,Haryana,Disbursed,208000.0,MSME Owner,2.6,0,10.0,0,18.5,0,11.6,0,15.0,0,57.7,2.4,0
AU2026921,2024-04-18,2024-04,Personal Loan,Semi-Urban,Odisha,Disbursed,50000.0,Self-Employed,6.8,0,35.1,1,24.6,0,15.1,0,22.6,0,104.2,4.3,1
AU2026922,2024-10-09,2024-10,MSME Loan,Semi-Urban,Rajasthan,Rejected,141000.0,Farmer,9.7,1,29.3,1,44.1,0,17.8,1,0.0,0,100.9,4.2,1
AU2026923,2024-10-05,2024-10,Personal Loan,Semi-Urban,Uttar Pradesh,Disbursed,50000.0,Farmer,6.6,0,22.3,0,38.3,0,17.2,1,18.6,0,103.0,4.3,1
AU2026924,2024-08-29,2024-08,Personal Loan,Rural,Karnataka,Disbursed,439000.0,Salaried,17.7,1,46.8,1,71.3,1,18.1,1,47.1,1,201.0,8.4,1
AU2026925,2024-07-06,2024-07,Personal Loan,Urban,Maharashtra,Disbursed,80000.0,Self-Employed,2.3,0,16.2,0,19.9,0,6.7,0,13.6,0,58.7,2.4,0
AU2026926,2024-04-24,2024-04,Personal Loan,Rural,Haryana,Disbursed,209000.0,Farmer,13.8,1,59.0,1,25.3,0,25.1,1,42.5,1,165.7,6.9,1
AU2026927,2025-01-10,2025-01,Personal Loan,Semi-Urban,Odisha,Under Review,580000.0,Self-Employed,4.4,0,28.6,1,19.8,0,0.0,0,0.0,0,52.8,2.2,1
AU2026928,2024-03-09,2024-03,Personal Loan,Urban,Uttar Pradesh,Disbursed,181000.0,MSME Owner,3.9,0,13.1,0,25.5,0,6.1,0,10.8,0,59.4,2.5,0
AU2026929,2024-09-13,2024-09,Business Loan,Rural,Tamil Nadu,Pending Documents,91000.0,MSME Owner,12.4,1,42.2,1,43.3,0,25.4,1,35.9,1,159.2,6.6,1
AU2026930,2024-02-16,2024-02,MSME Loan,Urban,Karnataka,Rejected,78000.0,MSME Owner,5.7,0,22.7,0,45.5,0,4.4,0,0.0,0,78.3,3.3,0
AU2026931,2024-07-05,2024-07,Home Loan,Urban,Haryana,Disbursed,715000.0,Salaried,2.2,0,29.6,1,17.7,0,4.2,0,10.8,0,64.5,2.7,1
AU2026932,2024-01-06,2024-01,Vehicle Finance,Urban,Karnataka,Disbursed,505000.0,Salaried,4.2,0,10.3,0,16.7,0,7.1,0,7.2,0,45.5,1.9,0
AU2026933,2025-03-10,2025-03,Personal Loan,Urban,Madhya Pradesh,Disbursed,89000.0,MSME Owner,2.3,0,21.8,0,31.6,0,10.1,0,9.7,0,75.5,3.1,0
AU2026934,2024-12-16,2024-12,MSME Loan,Urban,Odisha,Disbursed,479000.0,Salaried,5.6,0,22.5,0,53.9,1,8.0,0,16.4,0,106.4,4.4,1
AU2026935,2025-01-22,2025-01,MSME Loan,Urban,Maharashtra,Disbursed,206000.0,MSME Owner,3.2,0,20.1,0,19.0,0,8.2,0,7.5,0,58.0,2.4,0
AU2026936,2024-03-12,2024-03,Business Loan,Urban,Karnataka,Under Review,481000.0,MSME Owner,4.0,0,11.7,0,25.3,0,0.0,0,0.0,0,41.0,1.7,0
AU2026937,2024-03-22,2024-03,Vehicle Finance,Rural,Tamil Nadu,Disbursed,150000.0,Self-Employed,17.6,1,55.0,1,64.8,1,26.8,1,27.3,1,191.5,8.0,1
AU2026938,2024-10-16,2024-10,MSME Loan,Rural,Maharashtra,Disbursed,84000.0,Salaried,10.1,1,46.3,1,79.1,1,20.3,1,20.9,0,176.7,7.4,1
AU2026939,2024-12-03,2024-12,Home Loan,Urban,Odisha,Disbursed,50000.0,Self-Employed,3.6,0,11.6,0,20.5,0,10.2,0,13.4,0,59.3,2.5,0
AU2026940,2025-01-11,2025-01,Business Loan,Urban,Maharashtra,Disbursed,376000.0,MSME Owner,4.1,0,19.5,0,52.7,1,10.2,0,16.9,0,103.4,4.3,1
AU2026941,2025-04-25,2025-04,Business Loan,Rural,Tamil Nadu,Disbursed,655000.0,Farmer,8.4,1,47.7,1,102.5,1,15.1,0,37.9,1,211.6,8.8,1
AU2026942,2024-01-21,2024-01,MSME Loan,Urban,Punjab,Disbursed,605000.0,Salaried,2.4,0,9.6,0,26.8,0,6.0,0,14.9,0,59.7,2.5,0
AU2026943,2025-01-24,2025-01,Vehicle Finance,Rural,Madhya Pradesh,Disbursed,5000000.0,Self-Employed,11.2,1,54.6,1,58.0,1,27.6,1,19.4,0,170.8,7.1,1
AU2026944,2024-04-28,2024-04,Home Loan,Semi-Urban,Tamil Nadu,Under Review,5000000.0,Salaried,8.0,0,25.7,1,18.6,0,0.0,0,0.0,0,52.3,2.2,1
AU2026945,2024-05-15,2024-05,Business Loan,Rural,Gujarat,Pending Documents,494000.0,Farmer,16.8,1,56.2,1,56.7,1,14.7,0,37.2,1,181.6,7.6,1
AU2026946,2024-04-29,2024-04,Vehicle Finance,Urban,Punjab,Rejected,889000.0,Self-Employed,4.3,0,15.1,0,23.1,0,11.6,0,0.0,0,54.1,2.3,0
AU2026947,2024-12-08,2024-12,Business Loan,Semi-Urban,Rajasthan,Disbursed,330000.0,Salaried,5.7,0,17.6,0,42.5,0,18.5,1,19.1,0,103.4,4.3,1
AU2026948,2024-09-22,2024-09,Personal Loan,Urban,Madhya Pradesh,Disbursed,217000.0,Farmer,3.4,0,21.4,0,18.2,0,4.6,0,6.4,0,54.0,2.2,0
AU2026949,2024-07-17,2024-07,Vehicle Finance,Urban,Punjab,Disbursed,680000.0,MSME Owner,3.0,0,12.9,0,32.3,0,7.9,0,15.9,0,72.0,3.0,0
AU2026950,2025-04-14,2025-04,Business Loan,Urban,Tamil Nadu,Disbursed,256000.0,MSME Owner,3.7,0,15.3,0,50.0,1,5.4,0,8.6,0,83.0,3.5,1
AU2026951,2025-03-27,2025-03,Business Loan,Rural,Tamil Nadu,Disbursed,340000.0,Self-Employed,18.0,1,37.8,1,53.3,1,23.2,1,42.1,1,174.4,7.3,1
AU2026952,2024-01-21,2024-01,Personal Loan,Semi-Urban,Rajasthan,Disbursed,50000.0,Salaried,6.8,0,34.3,1,39.3,0,19.2,1,21.9,0,121.5,5.1,1
AU2026953,2024-02-22,2024-02,Personal Loan,Urban,Punjab,Under Review,328000.0,Self-Employed,5.9,0,10.5,0,19.1,0,0.0,0,0.0,0,35.5,1.5,0
AU2026954,2024-11-20,2024-11,Business Loan,Semi-Urban,Karnataka,Disbursed,151000.0,MSME Owner,6.8,0,25.4,1,48.2,1,18.7,1,20.1,0,119.2,5.0,1
AU2026955,2025-03-03,2025-03,MSME Loan,Semi-Urban,Uttar Pradesh,Disbursed,207000.0,Self-Employed,7.1,0,24.7,1,60.1,1,10.7,0,21.9,0,124.5,5.2,1
AU2026956,2024-10-23,2024-10,Home Loan,Semi-Urban,Uttar Pradesh,Disbursed,572000.0,Salaried,4.1,0,21.2,0,29.3,0,9.3,0,13.6,0,77.5,3.2,0
AU2026957,2024-10-18,2024-10,Home Loan,Rural,Karnataka,Under Review,97000.0,MSME Owner,12.2,1,82.2,1,49.2,1,0.0,0,0.0,0,143.6,6.0,1
AU2026958,2024-07-11,2024-07,Personal Loan,Rural,Maharashtra,Disbursed,93000.0,MSME Owner,10.1,1,57.3,1,56.0,1,28.1,1,34.6,1,186.1,7.8,1
AU2026959,2024-07-06,2024-07,Home Loan,Semi-Urban,Haryana,Under Review,123000.0,MSME Owner,7.5,0,39.7,1,45.7,0,0.0,0,0.0,0,92.9,3.9,1
AU2026960,2024-11-30,2024-11,Personal Loan,Urban,Odisha,Under Review,475000.0,Self-Employed,3.2,0,11.3,0,30.3,0,0.0,0,0.0,0,44.8,1.9,0
AU2026961,2024-09-21,2024-09,Personal Loan,Semi-Urban,Gujarat,Under Review,58000.0,MSME Owner,8.3,1,33.3,1,24.5,0,0.0,0,0.0,0,66.1,2.8,1
AU2026962,2024-07-11,2024-07,MSME Loan,Semi-Urban,Uttar Pradesh,Pending Documents,549000.0,Salaried,4.6,0,30.8,1,35.1,0,8.3,0,26.4,1,105.2,4.4,1
AU2026963,2024-09-21,2024-09,MSME Loan,Urban,Madhya Pradesh,Rejected,771000.0,Salaried,3.1,0,18.0,0,47.3,0,4.1,0,0.0,0,72.5,3.0,0
AU2026964,2024-06-29,2024-06,Personal Loan,Rural,Haryana,Rejected,120000.0,Self-Employed,14.4,1,53.4,1,37.9,0,29.7,1,0.0,0,135.4,5.6,1
AU2026965,2024-09-06,2024-09,Business Loan,Urban,Punjab,Disbursed,224000.0,Farmer,4.9,0,17.2,0,22.7,0,5.2,0,12.0,0,62.0,2.6,0
AU2026966,2025-03-30,2025-03,Home Loan,Rural,Tamil Nadu,Disbursed,207000.0,Farmer,13.5,1,49.9,1,39.5,0,14.4,0,32.2,1,149.5,6.2,1
AU2026967,2024-01-04,2024-01,Home Loan,Rural,Odisha,Disbursed,109000.0,Salaried,14.8,1,75.7,1,27.4,0,27.3,1,42.9,1,188.1,7.8,1
AU2026968,2025-03-27,2025-03,Vehicle Finance,Semi-Urban,Karnataka,Rejected,179000.0,Self-Employed,8.6,1,20.2,0,40.5,0,13.3,0,0.0,0,82.6,3.4,1
AU2026969,2024-08-13,2024-08,Business Loan,Rural,Maharashtra,Rejected,1497000.0,Salaried,17.6,1,51.9,1,45.2,0,13.4,0,0.0,0,128.1,5.3,1
AU2026970,2024-04-27,2024-04,Vehicle Finance,Semi-Urban,Maharashtra,Disbursed,55000.0,Salaried,7.1,0,20.3,0,34.3,0,19.4,1,12.6,0,93.7,3.9,1
AU2026971,2024-09-20,2024-09,Personal Loan,Urban,Gujarat,Disbursed,199000.0,MSME Owner,4.3,0,15.9,0,20.5,0,6.5,0,10.5,0,57.7,2.4,0
AU2026972,2024-04-18,2024-04,Vehicle Finance,Urban,Uttar Pradesh,Rejected,50000.0,Self-Employed,5.9,0,8.3,0,16.8,0,7.6,0,0.0,0,38.6,1.6,0
AU2026973,2024-04-05,2024-04,Personal Loan,Rural,Maharashtra,Disbursed,479000.0,Farmer,11.3,1,53.8,1,42.2,0,16.5,1,45.3,1,169.1,7.0,1
AU2026974,2024-07-04,2024-07,Personal Loan,Rural,Maharashtra,Disbursed,273000.0,MSME Owner,8.1,1,41.9,1,59.4,1,26.1,1,22.7,0,158.2,6.6,1
AU2026975,2025-01-02,2025-01,Business Loan,Semi-Urban,Odisha,Disbursed,340000.0,Self-Employed,8.8,1,19.2,0,47.1,0,19.5,1,10.6,0,105.2,4.4,1
AU2026976,2024-12-04,2024-12,Vehicle Finance,Semi-Urban,Gujarat,Rejected,798000.0,Salaried,7.2,0,30.8,1,20.8,0,8.1,0,0.0,0,66.9,2.8,1
AU2026977,2024-07-31,2024-07,Home Loan,Semi-Urban,Madhya Pradesh,Pending Documents,759000.0,MSME Owner,9.8,1,51.2,1,32.4,0,17.1,1,22.0,0,132.5,5.5,1
AU2026978,2025-01-03,2025-01,MSME Loan,Rural,Punjab,Disbursed,114000.0,MSME Owner,16.1,1,41.8,1,80.6,1,26.9,1,27.4,1,192.8,8.0,1
AU2026979,2024-09-03,2024-09,Personal Loan,Semi-Urban,Gujarat,Under Review,102000.0,MSME Owner,6.2,0,13.6,0,37.1,0,0.0,0,0.0,0,56.9,2.4,0
AU2026980,2024-09-02,2024-09,Business Loan,Urban,Tamil Nadu,Under Review,99000.0,MSME Owner,5.9,0,18.6,0,41.6,0,0.0,0,0.0,0,66.1,2.8,0
AU2026981,2024-10-29,2024-10,Personal Loan,Semi-Urban,Madhya Pradesh,Disbursed,119000.0,Farmer,5.1,0,24.5,1,33.4,0,15.2,0,15.9,0,94.1,3.9,1
AU2026982,2024-11-27,2024-11,MSME Loan,Semi-Urban,Maharashtra,Rejected,104000.0,Self-Employed,7.3,0,33.6,1,69.9,1,9.8,0,0.0,0,120.6,5.0,1
AU2026983,2024-01-12,2024-01,Business Loan,Rural,Haryana,Disbursed,375000.0,MSME Owner,14.1,1,47.3,1,50.9,1,16.1,1,30.9,1,159.3,6.6,1
AU2026984,2024-01-23,2024-01,Personal Loan,Urban,Madhya Pradesh,Disbursed,50000.0,Salaried,3.3,0,11.3,0,21.9,0,5.6,0,14.4,0,56.5,2.4,0
AU2026985,2024-10-20,2024-10,Personal Loan,Rural,Maharashtra,Disbursed,1205000.0,Farmer,16.3,1,48.5,1,67.8,1,14.5,0,23.3,0,170.4,7.1,1
AU2026986,2024-03-23,2024-03,Business Loan,Urban,Odisha,Disbursed,169000.0,Self-Employed,3.0,0,17.7,0,56.4,1,8.1,0,11.1,0,96.3,4.0,1
AU2026987,2024-11-18,2024-11,Business Loan,Rural,Maharashtra,Disbursed,289000.0,Farmer,12.2,1,35.3,1,112.9,1,28.8,1,37.3,1,226.5,9.4,1
AU2026988,2024-01-21,2024-01,Personal Loan,Semi-Urban,Karnataka,Disbursed,81000.0,Self-Employed,8.5,1,18.6,0,46.2,0,10.3,0,11.2,0,94.8,4.0,1
AU2026989,2024-03-16,2024-03,Vehicle Finance,Rural,Odisha,Pending Documents,181000.0,MSME Owner,10.0,1,59.2,1,68.1,1,14.9,0,34.8,1,187.0,7.8,1
AU2026990,2024-03-26,2024-03,Vehicle Finance,Semi-Urban,Rajasthan,Pending Documents,321000.0,Salaried,7.2,0,30.7,1,25.4,0,12.7,0,27.1,1,103.1,4.3,1
AU2026991,2025-04-17,2025-04,Home Loan,Semi-Urban,Uttar Pradesh,Disbursed,144000.0,Self-Employed,8.6,1,47.0,1,25.3,0,15.9,0,11.7,0,108.5,4.5,1
AU2026992,2024-09-21,2024-09,Personal Loan,Semi-Urban,Maharashtra,Disbursed,333000.0,Self-Employed,8.8,1,27.9,1,39.9,0,11.7,0,14.7,0,103.0,4.3,1
AU2026993,2024-11-02,2024-11,Vehicle Finance,Urban,Haryana,Under Review,181000.0,Self-Employed,2.9,0,18.0,0,34.7,0,0.0,0,0.0,0,55.6,2.3,0
AU2026994,2024-11-22,2024-11,MSME Loan,Urban,Odisha,Disbursed,161000.0,Self-Employed,4.0,0,22.6,0,47.5,0,11.9,0,11.7,0,97.7,4.1,0
AU2026995,2025-03-25,2025-03,Personal Loan,Rural,Rajasthan,Disbursed,50000.0,MSME Owner,8.3,1,51.4,1,69.0,1,19.0,1,25.2,1,172.9,7.2,1
AU2026996,2025-04-29,2025-04,Personal Loan,Semi-Urban,Uttar Pradesh,Disbursed,80000.0,Salaried,6.8,0,25.0,1,22.3,0,16.5,1,25.9,1,96.5,4.0,1
AU2026997,2024-04-20,2024-04,Business Loan,Urban,Gujarat,Rejected,1326000.0,Salaried,2.2,0,17.9,0,25.8,0,5.4,0,0.0,0,51.3,2.1,0
AU2026998,2024-11-06,2024-11,Business Loan,Rural,Tamil Nadu,Disbursed,271000.0,Salaried,15.3,1,56.1,1,46.4,0,25.1,1,31.4,1,174.3,7.3,1
AU2026999,2025-03-20,2025-03,Home Loan,Semi-Urban,Tamil Nadu,Disbursed,1173000.0,Salaried,6.8,0,51.4,1,28.3,0,15.5,0,10.2,0,112.2,4.7,1
AU2027000,2024-03-28,2024-03,Home Loan,Semi-Urban,Tamil Nadu,Rejected,458000.0,MSME Owner,8.1,1,23.9,0,24.5,0,16.0,0,0.0,0,72.5,3.0,1
AU2027001,2025-03-01,2025-03,Home Loan,Semi-Urban,Madhya Pradesh,Disbursed,117000.0,Salaried,9.7,1,34.8,1,34.8,0,19.4,1,21.8,0,120.5,5.0,1
AU2027002,2024-11-03,2024-11,MSME Loan,Urban,Haryana,Under Review,851000.0,Farmer,3.1,0,14.5,0,45.8,0,0.0,0,0.0,0,63.4,2.6,0
AU2027003,2025-02-10,2025-02,Personal Loan,Rural,Maharashtra,Disbursed,146000.0,Self-Employed,9.2,1,33.7,1,43.4,0,20.8,1,18.0,0,125.1,5.2,1
AU2027004,2025-02-24,2025-02,MSME Loan,Urban,Odisha,Rejected,2488000.0,Salaried,4.4,0,16.6,0,22.7,0,5.9,0,0.0,0,49.6,2.1,0
AU2027005,2024-11-15,2024-11,Personal Loan,Urban,Maharashtra,Disbursed,50000.0,MSME Owner,3.3,0,13.5,0,15.2,0,8.6,0,10.1,0,50.7,2.1,0
AU2027006,2024-05-15,2024-05,Home Loan,Semi-Urban,Karnataka,Disbursed,289000.0,Salaried,9.4,1,44.9,1,32.8,0,19.6,1,19.8,0,126.5,5.3,1
AU2027007,2025-01-05,2025-01,Business Loan,Urban,Maharashtra,Disbursed,50000.0,Farmer,5.5,0,17.7,0,32.1,0,9.2,0,15.1,0,79.6,3.3,0
AU2027008,2025-04-17,2025-04,Business Loan,Semi-Urban,Punjab,Rejected,362000.0,Salaried,4.7,0,32.5,1,67.5,1,12.7,0,0.0,0,117.4,4.9,1
AU2027009,2024-11-01,2024-11,MSME Loan,Rural,Tamil Nadu,Rejected,395000.0,Salaried,15.3,1,27.6,1,106.3,1,14.7,0,0.0,0,163.9,6.8,1
AU2027010,2024-02-05,2024-02,Vehicle Finance,Rural,Odisha,Disbursed,314000.0,Self-Employed,11.2,1,59.7,1,52.3,1,24.8,1,33.8,1,181.8,7.6,1
AU2027011,2024-07-12,2024-07,Home Loan,Rural,Madhya Pradesh,Rejected,192000.0,Farmer,12.6,1,72.7,1,62.3,1,18.8,1,0.0,0,166.4,6.9,1
AU2027012,2024-03-08,2024-03,MSME Loan,Urban,Haryana,Disbursed,240000.0,Farmer,3.1,0,12.1,0,49.6,1,6.2,0,13.9,0,84.9,3.5,1
AU2027013,2024-01-09,2024-01,MSME Loan,Rural,Gujarat,Rejected,268000.0,Salaried,8.8,1,35.0,1,35.9,0,21.0,1,0.0,0,100.7,4.2,1
AU2027014,2024-09-24,2024-09,Vehicle Finance,Urban,Madhya Pradesh,Disbursed,83000.0,Self-Employed,4.7,0,21.3,0,33.0,0,9.6,0,14.2,0,82.8,3.4,0
AU2027015,2024-12-16,2024-12,Personal Loan,Urban,Karnataka,Under Review,142000.0,Salaried,3.4,0,10.3,0,16.7,0,0.0,0,0.0,0,30.4,1.3,0
AU2027016,2025-02-27,2025-02,Business Loan,Urban,Haryana,Rejected,109000.0,MSME Owner,3.0,0,19.1,0,45.9,0,11.7,0,0.0,0,79.7,3.3,0
AU2027017,2024-11-06,2024-11,Personal Loan,Urban,Maharashtra,Disbursed,1192000.0,Salaried,3.3,0,14.6,0,33.7,0,5.6,0,17.7,0,74.9,3.1,0
AU2027018,2024-03-31,2024-03,MSME Loan,Rural,Gujarat,Pending Documents,627000.0,Self-Employed,13.1,1,57.6,1,64.0,1,12.8,0,40.9,1,188.4,7.9,1
AU2027019,2025-04-06,2025-04,Vehicle Finance,Rural,Tamil Nadu,Disbursed,565000.0,Self-Employed,10.5,1,56.5,1,29.3,0,27.2,1,20.7,0,144.2,6.0,1
AU2027020,2024-11-03,2024-11,Personal Loan,Urban,Odisha,Disbursed,95000.0,Self-Employed,2.8,0,21.7,0,13.1,0,6.8,0,13.6,0,58.0,2.4,0
AU2027021,2025-03-25,2025-03,MSME Loan,Rural,Rajasthan,Under Review,384000.0,Salaried,16.4,1,52.1,1,107.0,1,0.0,0,0.0,0,175.5,7.3,1
AU2027022,2024-09-14,2024-09,Business Loan,Semi-Urban,Karnataka,Disbursed,1304000.0,Self-Employed,8.8,1,27.2,1,60.2,1,10.8,0,27.5,1,134.5,5.6,1
AU2027023,2024-02-17,2024-02,Home Loan,Urban,Gujarat,Rejected,50000.0,Salaried,2.3,0,23.7,0,25.3,0,5.5,0,0.0,0,56.8,2.4,0
AU2027024,2024-12-03,2024-12,MSME Loan,Urban,Tamil Nadu,Disbursed,80000.0,Self-Employed,3.5,0,23.4,0,33.7,0,8.7,0,17.3,0,86.6,3.6,0
AU2027025,2025-04-06,2025-04,MSME Loan,Urban,Maharashtra,Under Review,603000.0,Self-Employed,4.4,0,14.0,0,32.4,0,0.0,0,0.0,0,50.8,2.1,0
AU2027026,2024-10-03,2024-10,Vehicle Finance,Urban,Odisha,Disbursed,686000.0,Self-Employed,2.5,0,16.8,0,16.3,0,10.1,0,17.6,0,63.3,2.6,0
AU2027027,2025-04-04,2025-04,Business Loan,Semi-Urban,Rajasthan,Disbursed,257000.0,Salaried,8.8,1,26.8,1,28.3,0,18.1,1,13.4,0,95.4,4.0,1
AU2027028,2024-09-24,2024-09,MSME Loan,Urban,Haryana,Disbursed,210000.0,MSME Owner,3.9,0,22.5,0,39.6,0,11.4,0,17.8,0,95.2,4.0,0
AU2027029,2024-07-08,2024-07,Vehicle Finance,Semi-Urban,Haryana,Under Review,137000.0,Salaried,9.2,1,26.2,1,39.8,0,0.0,0,0.0,0,75.2,3.1,1
AU2027030,2024-12-23,2024-12,Business Loan,Rural,Rajasthan,Disbursed,1267000.0,Self-Employed,14.9,1,25.4,1,56.9,1,28.4,1,30.7,1,156.3,6.5,1
AU2027031,2024-08-07,2024-08,MSME Loan,Urban,Karnataka,Pending Documents,66000.0,MSME Owner,5.1,0,14.3,0,53.2,1,8.4,0,14.2,0,95.2,4.0,1
AU2027032,2025-04-25,2025-04,Personal Loan,Semi-Urban,Madhya Pradesh,Under Review,498000.0,Salaried,9.6,1,35.6,1,28.6,0,0.0,0,0.0,0,73.8,3.1,1
AU2027033,2025-02-08,2025-02,Personal Loan,Semi-Urban,Tamil Nadu,Disbursed,116000.0,Self-Employed,4.1,0,13.2,0,18.5,0,15.4,0,20.1,0,71.3,3.0,0
AU2027034,2024-06-28,2024-06,Personal Loan,Semi-Urban,Haryana,Under Review,637000.0,MSME Owner,4.2,0,21.0,0,33.2,0,0.0,0,0.0,0,58.4,2.4,0
AU2027035,2025-02-15,2025-02,MSME Loan,Semi-Urban,Odisha,Disbursed,150000.0,Salaried,5.1,0,23.7,0,50.2,1,17.2,1,23.1,0,119.3,5.0,1
AU2027036,2024-02-20,2024-02,Personal Loan,Semi-Urban,Odisha,Disbursed,1264000.0,Self-Employed,9.0,1,35.4,1,36.2,0,9.7,0,16.8,0,107.1,4.5,1
AU2027037,2024-03-09,2024-03,Personal Loan,Semi-Urban,Haryana,Under Review,148000.0,Self-Employed,8.7,1,31.2,1,43.5,0,0.0,0,0.0,0,83.4,3.5,1
AU2027038,2024-09-01,2024-09,Home Loan,Urban,Uttar Pradesh,Pending Documents,299000.0,MSME Owner,3.0,0,20.8,0,16.4,0,8.2,0,12.0,0,60.4,2.5,0
AU2027039,2025-04-10,2025-04,Personal Loan,Semi-Urban,Madhya Pradesh,Disbursed,517000.0,Salaried,6.3,0,21.8,0,27.6,0,11.1,0,16.1,0,82.9,3.5,0
AU2027040,2024-05-25,2024-05,Personal Loan,Semi-Urban,Gujarat,Under Review,588000.0,Salaried,6.1,0,19.7,0,46.1,0,0.0,0,0.0,0,71.9,3.0,0
AU2027041,2025-03-24,2025-03,Vehicle Finance,Urban,Odisha,Pending Documents,83000.0,Salaried,2.2,0,12.8,0,20.1,0,4.7,0,13.4,0,53.2,2.2,0
AU2027042,2024-07-28,2024-07,Business Loan,Semi-Urban,Karnataka,Disbursed,1085000.0,Salaried,4.7,0,15.7,0,37.6,0,10.0,0,22.1,0,90.1,3.8,0
AU2027043,2024-04-06,2024-04,Business Loan,Semi-Urban,Uttar Pradesh,Disbursed,753000.0,Farmer,5.0,0,20.6,0,28.7,0,9.6,0,22.0,0,85.9,3.6,0
AU2027044,2024-12-29,2024-12,Home Loan,Semi-Urban,Rajasthan,Disbursed,271000.0,Self-Employed,5.5,0,18.9,0,34.4,0,11.8,0,19.4,0,90.0,3.8,0
AU2027045,2024-10-22,2024-10,Personal Loan,Rural,Rajasthan,Pending Documents,537000.0,Salaried,16.4,1,55.4,1,71.8,1,18.2,1,40.7,1,202.5,8.4,1
AU2027046,2024-03-01,2024-03,Personal Loan,Semi-Urban,Karnataka,Rejected,110000.0,MSME Owner,6.5,0,17.2,0,34.3,0,18.4,1,0.0,0,76.4,3.2,1
AU2027047,2024-01-04,2024-01,Home Loan,Urban,Karnataka,Disbursed,560000.0,Salaried,2.4,0,20.0,0,20.1,0,4.9,0,16.6,0,64.0,2.7,0
AU2027048,2024-12-01,2024-12,Vehicle Finance,Rural,Haryana,Disbursed,50000.0,Self-Employed,14.1,1,41.7,1,64.2,1,28.2,1,32.1,1,180.3,7.5,1
AU2027049,2024-12-18,2024-12,Personal Loan,Rural,Madhya Pradesh,Rejected,107000.0,Self-Employed,15.5,1,26.7,1,27.2,0,14.8,0,0.0,0,84.2,3.5,1
AU2027050,2024-07-28,2024-07,Business Loan,Urban,Punjab,Under Review,50000.0,Salaried,4.4,0,9.9,0,46.5,0,0.0,0,0.0,0,60.8,2.5,0
AU2027051,2024-02-24,2024-02,Personal Loan,Rural,Punjab,Disbursed,909000.0,Salaried,12.7,1,57.2,1,38.3,0,28.3,1,19.6,0,156.1,6.5,1
AU2027052,2024-08-06,2024-08,Personal Loan,Semi-Urban,Maharashtra,Disbursed,110000.0,Salaried,5.7,0,29.7,1,39.1,0,19.5,1,23.0,0,117.0,4.9,1
AU2027053,2024-05-09,2024-05,Home Loan,Semi-Urban,Odisha,Under Review,171000.0,Salaried,5.8,0,43.9,1,24.9,0,0.0,0,0.0,0,74.6,3.1,1
AU2027054,2025-03-13,2025-03,Business Loan,Rural,Uttar Pradesh,Disbursed,116000.0,Salaried,13.2,1,54.7,1,48.2,1,13.9,0,20.2,0,150.2,6.3,1
AU2027055,2024-08-04,2024-08,Vehicle Finance,Rural,Karnataka,Disbursed,385000.0,Salaried,14.9,1,53.7,1,62.8,1,26.1,1,21.9,0,179.4,7.5,1
AU2027056,2024-07-06,2024-07,Business Loan,Rural,Odisha,Pending Documents,1509000.0,Farmer,12.5,1,28.9,1,87.9,1,29.3,1,38.9,1,197.5,8.2,1
AU2027057,2024-05-21,2024-05,MSME Loan,Semi-Urban,Odisha,Disbursed,625000.0,Salaried,9.9,1,23.8,0,25.6,0,19.5,1,19.0,0,97.8,4.1,1
AU2027058,2025-01-21,2025-01,MSME Loan,Semi-Urban,Haryana,Disbursed,145000.0,Self-Employed,9.4,1,24.1,1,47.8,0,17.8,1,10.9,0,110.0,4.6,1
AU2027059,2024-07-30,2024-07,Personal Loan,Urban,Madhya Pradesh,Rejected,58000.0,Self-Employed,5.5,0,16.0,0,17.3,0,10.4,0,0.0,0,49.2,2.0,0
AU2027060,2025-02-05,2025-02,MSME Loan,Urban,Karnataka,Disbursed,131000.0,Salaried,4.0,0,11.4,0,16.4,0,6.4,0,11.7,0,49.9,2.1,0
AU2027061,2024-09-04,2024-09,Business Loan,Urban,Karnataka,Disbursed,265000.0,MSME Owner,4.7,0,14.3,0,21.6,0,8.0,0,16.7,0,65.3,2.7,0
AU2027062,2024-07-08,2024-07,Vehicle Finance,Urban,Maharashtra,Disbursed,77000.0,Farmer,2.7,0,16.6,0,29.1,0,7.2,0,6.5,0,62.1,2.6,0
AU2027063,2024-10-11,2024-10,Personal Loan,Rural,Karnataka,Disbursed,86000.0,MSME Owner,13.6,1,58.0,1,67.6,1,20.7,1,27.5,1,187.4,7.8,1
AU2027064,2024-05-09,2024-05,Vehicle Finance,Semi-Urban,Tamil Nadu,Disbursed,164000.0,Salaried,8.1,1,17.9,0,31.2,0,19.6,1,21.3,0,98.1,4.1,1
AU2027065,2024-10-22,2024-10,MSME Loan,Semi-Urban,Uttar Pradesh,Rejected,442000.0,Self-Employed,4.9,0,24.5,1,37.9,0,20.0,1,0.0,0,87.3,3.6,1
AU2027066,2025-01-31,2025-01,Personal Loan,Semi-Urban,Punjab,Disbursed,248000.0,Salaried,6.8,0,18.1,0,24.7,0,19.5,1,16.5,0,85.6,3.6,1
AU2027067,2025-01-11,2025-01,Personal Loan,Rural,Haryana,Rejected,1216000.0,Salaried,12.1,1,55.0,1,41.2,0,22.2,1,0.0,0,130.5,5.4,1
AU2027068,2025-03-13,2025-03,Business Loan,Semi-Urban,Maharashtra,Disbursed,242000.0,Self-Employed,8.2,1,21.9,0,62.5,1,9.6,0,21.8,0,124.0,5.2,1
AU2027069,2025-01-17,2025-01,MSME Loan,Rural,Gujarat,Disbursed,89000.0,Salaried,9.6,1,36.4,1,77.3,1,15.5,0,46.6,1,185.4,7.7,1
AU2027070,2024-08-16,2024-08,MSME Loan,Urban,Madhya Pradesh,Disbursed,128000.0,Self-Employed,3.6,0,11.1,0,41.2,0,11.9,0,10.4,0,78.2,3.3,0
AU2027071,2024-02-21,2024-02,Vehicle Finance,Urban,Maharashtra,Under Review,623000.0,Farmer,2.7,0,22.4,0,15.6,0,0.0,0,0.0,0,40.7,1.7,0
AU2027072,2024-09-17,2024-09,Business Loan,Semi-Urban,Madhya Pradesh,Rejected,240000.0,Self-Employed,5.6,0,13.2,0,29.4,0,17.6,1,0.0,0,65.8,2.7,1
AU2027073,2025-02-06,2025-02,Personal Loan,Urban,Haryana,Rejected,211000.0,Farmer,3.2,0,21.7,0,24.1,0,11.7,0,0.0,0,60.7,2.5,0
AU2027074,2025-02-14,2025-02,MSME Loan,Semi-Urban,Punjab,Pending Documents,1897000.0,MSME Owner,8.3,1,26.9,1,46.3,0,17.5,1,27.1,1,126.1,5.3,1
AU2027075,2024-11-10,2024-11,Personal Loan,Semi-Urban,Karnataka,Under Review,50000.0,MSME Owner,8.8,1,33.5,1,40.5,0,0.0,0,0.0,0,82.8,3.4,1
AU2027076,2024-03-23,2024-03,MSME Loan,Rural,Rajasthan,Disbursed,389000.0,MSME Owner,11.0,1,27.4,1,58.5,1,25.9,1,44.3,1,167.1,7.0,1
AU2027077,2025-05-08,2025-05,MSME Loan,Urban,Haryana,Disbursed,50000.0,Self-Employed,3.5,0,18.7,0,30.7,0,4.2,0,11.3,0,68.4,2.9,0
AU2027078,2025-02-15,2025-02,Personal Loan,Urban,Rajasthan,Disbursed,209000.0,Salaried,4.4,0,23.9,0,25.1,0,9.2,0,17.0,0,79.6,3.3,0
AU2027079,2025-02-25,2025-02,Business Loan,Urban,Gujarat,Disbursed,56000.0,Self-Employed,4.6,0,8.1,0,51.0,1,4.6,0,16.8,0,85.1,3.5,1
AU2027080,2024-08-29,2024-08,MSME Loan,Rural,Maharashtra,Under Review,433000.0,Salaried,17.0,1,35.4,1,59.8,1,0.0,0,0.0,0,112.2,4.7,1
AU2027081,2024-08-10,2024-08,Personal Loan,Semi-Urban,Odisha,Rejected,117000.0,Self-Employed,8.0,0,33.1,1,21.6,0,14.3,0,0.0,0,77.0,3.2,1
AU2027082,2024-02-02,2024-02,Vehicle Finance,Semi-Urban,Gujarat,Disbursed,110000.0,Self-Employed,5.1,0,30.7,1,44.1,0,12.7,0,19.2,0,111.8,4.7,1
AU2027083,2024-04-23,2024-04,MSME Loan,Semi-Urban,Uttar Pradesh,Pending Documents,186000.0,Salaried,9.2,1,23.9,0,26.2,0,19.7,1,27.4,1,106.4,4.4,1
AU2027084,2024-02-10,2024-02,Business Loan,Rural,Punjab,Disbursed,89000.0,Salaried,15.8,1,37.6,1,33.6,0,19.5,1,24.8,1,131.3,5.5,1
AU2027085,2024-01-20,2024-01,Home Loan,Urban,Odisha,Under Review,511000.0,Salaried,3.6,0,17.7,0,27.5,0,0.0,0,0.0,0,48.8,2.0,0
AU2027086,2025-04-21,2025-04,Business Loan,Rural,Haryana,Disbursed,180000.0,Salaried,10.0,1,27.7,1,75.7,1,29.8,1,19.0,0,162.2,6.8,1
AU2027087,2024-11-10,2024-11,Vehicle Finance,Urban,Haryana,Disbursed,399000.0,Salaried,5.6,0,8.3,0,30.6,0,6.0,0,10.6,0,61.1,2.5,0
AU2027088,2024-05-26,2024-05,Business Loan,Urban,Karnataka,Disbursed,184000.0,MSME Owner,2.5,0,19.9,0,27.8,0,11.1,0,11.1,0,72.4,3.0,0
AU2027089,2024-01-30,2024-01,Personal Loan,Rural,Odisha,Disbursed,130000.0,Self-Employed,13.7,1,37.4,1,69.7,1,27.2,1,42.9,1,190.9,8.0,1
AU2027090,2024-11-23,2024-11,MSME Loan,Semi-Urban,Maharashtra,Disbursed,138000.0,Salaried,6.9,0,34.2,1,33.7,0,18.2,1,17.5,0,110.5,4.6,1
AU2027091,2024-08-12,2024-08,Personal Loan,Rural,Tamil Nadu,Pending Documents,1175000.0,Salaried,11.0,1,38.1,1,63.1,1,12.2,0,24.7,1,149.1,6.2,1
AU2027092,2024-04-13,2024-04,Home Loan,Semi-Urban,Rajasthan,Disbursed,343000.0,Salaried,7.7,0,16.0,0,39.3,0,16.8,1,24.2,1,104.0,4.3,1
AU2027093,2024-05-26,2024-05,Personal Loan,Semi-Urban,Karnataka,Disbursed,411000.0,Farmer,8.1,1,14.3,0,23.6,0,16.0,0,18.6,0,80.6,3.4,1
AU2027094,2024-01-18,2024-01,Home Loan,Urban,Madhya Pradesh,Rejected,325000.0,Farmer,4.5,0,11.3,0,35.7,0,5.3,0,0.0,0,56.8,2.4,0
AU2027095,2024-09-18,2024-09,Vehicle Finance,Urban,Odisha,Disbursed,64000.0,Salaried,5.4,0,22.0,0,23.2,0,4.8,0,16.6,0,72.0,3.0,0
AU2027096,2024-12-23,2024-12,Vehicle Finance,Semi-Urban,Karnataka,Disbursed,431000.0,Self-Employed,6.8,0,33.5,1,27.5,0,14.9,0,15.4,0,98.1,4.1,1
AU2027097,2024-11-10,2024-11,Home Loan,Urban,Madhya Pradesh,Disbursed,50000.0,MSME Owner,2.7,0,26.3,1,35.3,0,8.2,0,8.2,0,80.7,3.4,1
AU2027098,2024-12-11,2024-12,Business Loan,Rural,Maharashtra,Disbursed,728000.0,Self-Employed,15.8,1,35.4,1,75.3,1,24.4,1,23.0,0,173.9,7.2,1
AU2027099,2024-07-03,2024-07,Business Loan,Semi-Urban,Rajasthan,Rejected,600000.0,Self-Employed,8.8,1,23.6,0,69.9,1,16.8,1,0.0,0,119.1,5.0,1
AU2027100,2024-12-01,2024-12,Business Loan,Semi-Urban,Madhya Pradesh,Under Review,287000.0,Salaried,5.7,0,28.5,1,29.0,0,0.0,0,0.0,0,63.2,2.6,1
AU2027101,2025-05-14,2025-05,MSME Loan,Urban,Rajasthan,Rejected,62000.0,Farmer,2.4,0,14.6,0,53.7,1,5.6,0,0.0,0,76.3,3.2,1
AU2027102,2024-02-14,2024-02,Vehicle Finance,Urban,Maharashtra,Disbursed,72000.0,Self-Employed,3.9,0,15.7,0,14.1,0,10.4,0,11.8,0,55.9,2.3,0
AU2027103,2025-02-03,2025-02,MSME Loan,Rural,Uttar Pradesh,Disbursed,94000.0,Salaried,17.1,1,51.4,1,41.8,0,24.6,1,18.6,0,153.5,6.4,1
AU2027104,2024-06-29,2024-06,Personal Loan,Semi-Urban,Haryana,Disbursed,149000.0,Salaried,6.2,0,23.5,0,23.1,0,14.9,0,17.8,0,85.5,3.6,0
AU2027105,2024-07-26,2024-07,MSME Loan,Rural,Haryana,Disbursed,329000.0,Self-Employed,9.4,1,32.0,1,106.9,1,24.6,1,23.7,0,196.6,8.2,1
AU2027106,2024-04-12,2024-04,Vehicle Finance,Rural,Odisha,Disbursed,50000.0,Salaried,16.9,1,54.4,1,43.3,0,12.6,0,31.4,1,158.6,6.6,1
AU2027107,2024-01-08,2024-01,Personal Loan,Urban,Karnataka,Disbursed,80000.0,Salaried,5.8,0,8.8,0,21.6,0,5.3,0,14.3,0,55.8,2.3,0
AU2027108,2025-04-15,2025-04,Personal Loan,Semi-Urban,Gujarat,Rejected,301000.0,Salaried,4.5,0,29.6,1,24.5,0,13.4,0,0.0,0,72.0,3.0,1
AU2027109,2024-10-08,2024-10,MSME Loan,Rural,Gujarat,Under Review,347000.0,Self-Employed,15.4,1,36.9,1,114.9,1,0.0,0,0.0,0,167.2,7.0,1
AU2027110,2025-01-06,2025-01,Business Loan,Urban,Uttar Pradesh,Disbursed,832000.0,Self-Employed,4.2,0,10.0,0,34.0,0,10.5,0,9.8,0,68.5,2.9,0
AU2027111,2025-04-13,2025-04,Business Loan,Semi-Urban,Karnataka,Under Review,50000.0,MSME Owner,4.6,0,32.8,1,67.4,1,0.0,0,0.0,0,104.8,4.4,1
AU2027112,2024-06-27,2024-06,Home Loan,Semi-Urban,Odisha,Rejected,927000.0,Salaried,4.6,0,36.4,1,37.6,0,9.8,0,0.0,0,88.4,3.7,1
AU2027113,2025-05-08,2025-05,Personal Loan,Semi-Urban,Punjab,Under Review,229000.0,MSME Owner,6.3,0,35.9,1,37.9,0,0.0,0,0.0,0,80.1,3.3,1
AU2027114,2024-04-25,2024-04,MSME Loan,Rural,Uttar Pradesh,Disbursed,1309000.0,Self-Employed,14.3,1,36.3,1,68.2,1,22.0,1,43.2,1,184.0,7.7,1
AU2027115,2025-05-08,2025-05,Home Loan,Urban,Odisha,Disbursed,84000.0,Salaried,2.0,0,15.8,0,31.2,0,11.2,0,10.7,0,70.9,3.0,0
AU2027116,2024-08-20,2024-08,Vehicle Finance,Semi-Urban,Madhya Pradesh,Pending Documents,1392000.0,Salaried,9.1,1,22.9,0,48.0,0,8.0,0,12.0,0,100.0,4.2,1
AU2027117,2024-10-21,2024-10,Business Loan,Urban,Haryana,Rejected,668000.0,Salaried,5.0,0,8.8,0,26.4,0,10.7,0,0.0,0,50.9,2.1,0
AU2027118,2024-05-13,2024-05,Business Loan,Rural,Rajasthan,Disbursed,1138000.0,Salaried,10.7,1,47.6,1,65.0,1,14.4,0,20.0,0,157.7,6.6,1
AU2027119,2024-07-27,2024-07,Home Loan,Semi-Urban,Maharashtra,Disbursed,180000.0,Farmer,6.5,0,42.7,1,45.3,0,18.1,1,19.2,0,131.8,5.5,1
AU2027120,2024-02-24,2024-02,Home Loan,Semi-Urban,Karnataka,Disbursed,167000.0,Salaried,4.2,0,38.0,1,43.9,0,8.3,0,13.5,0,107.9,4.5,1
AU2027121,2024-02-07,2024-02,Vehicle Finance,Semi-Urban,Karnataka,Disbursed,50000.0,Salaried,7.1,0,31.6,1,19.1,0,12.2,0,21.9,0,91.9,3.8,1
AU2027122,2024-05-30,2024-05,Personal Loan,Urban,Karnataka,Disbursed,50000.0,Farmer,2.3,0,17.1,0,32.3,0,11.9,0,14.4,0,78.0,3.2,0
AU2027123,2025-04-29,2025-04,Business Loan,Semi-Urban,Punjab,Disbursed,190000.0,Self-Employed,8.4,1,31.7,1,46.2,0,16.6,1,26.5,1,129.4,5.4,1
AU2027124,2025-02-15,2025-02,MSME Loan,Semi-Urban,Gujarat,Disbursed,62000.0,Salaried,6.9,0,15.8,0,54.4,1,15.7,0,19.5,0,112.3,4.7,1
AU2027125,2025-05-04,2025-05,Personal Loan,Urban,Karnataka,Disbursed,311000.0,Salaried,6.0,0,13.5,0,19.0,0,4.4,0,13.6,0,56.5,2.4,0
AU2027126,2025-03-24,2025-03,Home Loan,Urban,Uttar Pradesh,Under Review,136000.0,Self-Employed,3.8,0,19.1,0,31.6,0,0.0,0,0.0,0,54.5,2.3,0
AU2027127,2025-02-20,2025-02,Business Loan,Semi-Urban,Karnataka,Under Review,572000.0,Salaried,4.6,0,26.8,1,33.9,0,0.0,0,0.0,0,65.3,2.7,1
AU2027128,2024-05-08,2024-05,Personal Loan,Urban,Odisha,Disbursed,309000.0,Salaried,5.9,0,13.5,0,28.7,0,10.5,0,9.3,0,67.9,2.8,0
AU2027129,2025-05-09,2025-05,Home Loan,Rural,Tamil Nadu,Disbursed,103000.0,Farmer,8.2,1,43.8,1,61.4,1,15.5,0,38.9,1,167.8,7.0,1
AU2027130,2024-10-15,2024-10,MSME Loan,Rural,Haryana,Disbursed,247000.0,Salaried,13.1,1,47.4,1,70.6,1,22.2,1,30.5,1,183.8,7.7,1
AU2027131,2025-01-29,2025-01,Vehicle Finance,Rural,Tamil Nadu,Disbursed,418000.0,Salaried,15.6,1,36.2,1,63.2,1,13.0,0,28.0,1,156.0,6.5,1
AU2027132,2025-01-22,2025-01,Personal Loan,Urban,Madhya Pradesh,Rejected,770000.0,Self-Employed,3.2,0,19.5,0,27.0,0,10.4,0,0.0,0,60.1,2.5,0
AU2027133,2025-05-07,2025-05,Personal Loan,Semi-Urban,Punjab,Disbursed,194000.0,Self-Employed,9.5,1,20.6,0,36.4,0,12.4,0,11.7,0,90.6,3.8,1
AU2027134,2024-12-14,2024-12,Vehicle Finance,Semi-Urban,Tamil Nadu,Disbursed,985000.0,Salaried,5.8,0,31.5,1,45.6,0,12.9,0,26.0,1,121.8,5.1,1
AU2027135,2025-04-04,2025-04,Personal Loan,Urban,Tamil Nadu,Under Review,172000.0,Farmer,2.9,0,8.9,0,14.2,0,0.0,0,0.0,0,26.0,1.1,0
AU2027136,2025-03-17,2025-03,Vehicle Finance,Semi-Urban,Odisha,Disbursed,445000.0,Salaried,9.0,1,28.8,1,18.4,0,10.8,0,20.9,0,87.9,3.7,1
AU2027137,2024-09-03,2024-09,Vehicle Finance,Semi-Urban,Rajasthan,Disbursed,338000.0,MSME Owner,5.6,0,21.3,0,29.1,0,16.1,1,11.6,0,83.7,3.5,1
AU2027138,2024-05-12,2024-05,Personal Loan,Urban,Gujarat,Disbursed,452000.0,MSME Owner,4.6,0,15.6,0,13.3,0,11.7,0,8.0,0,53.2,2.2,0
AU2027139,2024-07-14,2024-07,Home Loan,Rural,Gujarat,Rejected,65000.0,Salaried,11.2,1,32.8,1,53.4,1,23.0,1,0.0,0,120.4,5.0,1
AU2027140,2024-12-12,2024-12,Personal Loan,Rural,Madhya Pradesh,Rejected,175000.0,Self-Employed,13.0,1,28.1,1,28.2,0,26.1,1,0.0,0,95.4,4.0,1
AU2027141,2025-02-13,2025-02,Personal Loan,Rural,Madhya Pradesh,Disbursed,98000.0,Self-Employed,12.8,1,44.5,1,52.9,1,29.4,1,24.7,1,164.3,6.8,1
AU2027142,2024-07-30,2024-07,Personal Loan,Urban,Punjab,Rejected,91000.0,Self-Employed,2.7,0,13.3,0,34.8,0,9.5,0,0.0,0,60.3,2.5,0
AU2027143,2024-09-21,2024-09,Business Loan,Urban,Punjab,Rejected,307000.0,Self-Employed,6.0,0,19.7,0,37.2,0,10.4,0,0.0,0,73.3,3.1,0
AU2027144,2024-01-05,2024-01,Personal Loan,Semi-Urban,Karnataka,Disbursed,64000.0,Salaried,5.7,0,12.2,0,45.5,0,16.2,1,22.4,0,102.0,4.2,1
AU2027145,2024-05-07,2024-05,Vehicle Finance,Semi-Urban,Uttar Pradesh,Pending Documents,216000.0,Self-Employed,8.3,1,20.6,0,43.6,0,18.3,1,26.2,1,117.0,4.9,1
AU2027146,2024-02-17,2024-02,Personal Loan,Urban,Uttar Pradesh,Disbursed,192000.0,Salaried,4.9,0,12.3,0,32.5,0,5.4,0,10.4,0,65.5,2.7,0
AU2027147,2024-12-10,2024-12,Vehicle Finance,Semi-Urban,Haryana,Disbursed,50000.0,MSME Owner,7.6,0,32.9,1,44.0,0,14.6,0,26.4,1,125.5,5.2,1
AU2027148,2024-02-08,2024-02,MSME Loan,Rural,Punjab,Under Review,234000.0,Salaried,17.1,1,50.0,1,56.1,1,0.0,0,0.0,0,123.2,5.1,1
AU2027149,2025-04-21,2025-04,Vehicle Finance,Urban,Karnataka,Disbursed,1143000.0,MSME Owner,3.3,0,16.1,0,30.4,0,10.0,0,8.0,0,67.8,2.8,0
AU2027150,2024-08-31,2024-08,Personal Loan,Semi-Urban,Maharashtra,Rejected,179000.0,Farmer,9.7,1,22.9,0,20.4,0,11.1,0,0.0,0,64.1,2.7,1
AU2027151,2024-06-30,2024-06,Personal Loan,Semi-Urban,Punjab,Disbursed,88000.0,Salaried,9.3,1,26.9,1,35.9,0,19.8,1,21.3,0,113.2,4.7,1
AU2027152,2025-04-02,2025-04,MSME Loan,Urban,Madhya Pradesh,Disbursed,1697000.0,Salaried,4.8,0,8.5,0,44.3,0,7.7,0,14.3,0,79.6,3.3,0
AU2027153,2024-05-17,2024-05,Vehicle Finance,Rural,Odisha,Disbursed,5000000.0,Farmer,8.6,1,48.6,1,45.8,0,26.8,1,41.7,1,171.5,7.1,1
AU2027154,2025-04-29,2025-04,MSME Loan,Urban,Maharashtra,Under Review,238000.0,MSME Owner,2.9,0,9.8,0,42.5,0,0.0,0,0.0,0,55.2,2.3,0
AU2027155,2024-09-12,2024-09,Home Loan,Semi-Urban,Madhya Pradesh,Rejected,51000.0,Farmer,7.3,0,31.3,1,43.8,0,19.6,1,0.0,0,102.0,4.2,1
AU2027156,2024-04-30,2024-04,Vehicle Finance,Rural,Madhya Pradesh,Disbursed,1831000.0,Salaried,11.5,1,59.7,1,54.6,1,27.7,1,42.2,1,195.7,8.2,1
AU2027157,2025-03-22,2025-03,Home Loan,Rural,Madhya Pradesh,Disbursed,87000.0,Self-Employed,13.9,1,67.7,1,32.1,0,17.0,1,26.6,1,157.3,6.6,1
AU2027158,2024-04-15,2024-04,Vehicle Finance,Rural,Uttar Pradesh,Pending Documents,120000.0,Salaried,12.0,1,54.0,1,68.0,1,16.3,1,26.0,1,176.3,7.3,1
AU2027159,2024-04-13,2024-04,Personal Loan,Urban,Madhya Pradesh,Under Review,87000.0,Self-Employed,5.1,0,17.3,0,18.2,0,0.0,0,0.0,0,40.6,1.7,0
AU2027160,2025-03-04,2025-03,Home Loan,Rural,Madhya Pradesh,Rejected,273000.0,Salaried,9.1,1,57.0,1,46.9,0,26.7,1,0.0,0,139.7,5.8,1
AU2027161,2024-07-01,2024-07,Personal Loan,Urban,Odisha,Disbursed,261000.0,Salaried,3.2,0,19.7,0,17.8,0,10.7,0,11.6,0,63.0,2.6,0
AU2027162,2025-02-02,2025-02,Business Loan,Semi-Urban,Maharashtra,Rejected,207000.0,Farmer,4.4,0,34.5,1,26.4,0,17.3,1,0.0,0,82.6,3.4,1
AU2027163,2024-03-02,2024-03,Vehicle Finance,Urban,Gujarat,Disbursed,271000.0,MSME Owner,5.6,0,16.5,0,20.5,0,4.5,0,14.2,0,61.3,2.6,0
AU2027164,2024-12-12,2024-12,Business Loan,Urban,Gujarat,Rejected,191000.0,Salaried,4.8,0,9.0,0,51.5,1,6.5,0,0.0,0,71.8,3.0,1
AU2027165,2024-11-10,2024-11,Home Loan,Semi-Urban,Tamil Nadu,Disbursed,266000.0,Self-Employed,4.1,0,40.8,1,29.0,0,16.6,1,21.3,0,111.8,4.7,1
AU2027166,2025-01-26,2025-01,Home Loan,Rural,Rajasthan,Disbursed,50000.0,Salaried,15.8,1,75.9,1,35.8,0,27.5,1,35.7,1,190.7,7.9,1
AU2027167,2025-05-05,2025-05,Vehicle Finance,Urban,Karnataka,Disbursed,61000.0,Self-Employed,2.4,0,15.4,0,35.8,0,9.7,0,12.6,0,75.9,3.2,0
AU2027168,2025-03-10,2025-03,Vehicle Finance,Urban,Rajasthan,Pending Documents,338000.0,Salaried,2.8,0,10.9,0,24.5,0,5.7,0,14.3,0,58.2,2.4,0
AU2027169,2024-07-09,2024-07,Vehicle Finance,Urban,Tamil Nadu,Rejected,461000.0,Salaried,5.3,0,13.7,0,20.1,0,4.1,0,0.0,0,43.2,1.8,0
AU2027170,2024-06-10,2024-06,Vehicle Finance,Semi-Urban,Odisha,Disbursed,83000.0,Farmer,9.7,1,29.6,1,47.1,0,9.3,0,15.0,0,110.7,4.6,1
AU2027171,2025-04-04,2025-04,Business Loan,Urban,Tamil Nadu,Pending Documents,791000.0,Salaried,5.4,0,20.3,0,31.4,0,4.2,0,6.1,0,67.4,2.8,0
AU2027172,2025-03-20,2025-03,Personal Loan,Semi-Urban,Odisha,Disbursed,1295000.0,Self-Employed,5.0,0,31.2,1,28.0,0,11.4,0,23.8,0,99.4,4.1,1
AU2027173,2024-09-08,2024-09,MSME Loan,Rural,Uttar Pradesh,Disbursed,440000.0,Self-Employed,8.9,1,58.6,1,50.6,1,15.6,0,44.7,1,178.4,7.4,1
AU2027174,2025-01-26,2025-01,MSME Loan,Semi-Urban,Maharashtra,Disbursed,1184000.0,Self-Employed,4.8,0,16.1,0,69.1,1,14.3,0,22.7,0,127.0,5.3,1
AU2027175,2024-05-23,2024-05,Business Loan,Semi-Urban,Karnataka,Pending Documents,251000.0,Salaried,8.0,0,16.1,0,31.2,0,17.4,1,25.2,1,97.9,4.1,1
AU2027176,2024-04-23,2024-04,Home Loan,Urban,Haryana,Disbursed,202000.0,MSME Owner,3.1,0,34.4,1,33.9,0,4.3,0,15.2,0,90.9,3.8,1
AU2027177,2024-03-06,2024-03,Personal Loan,Urban,Odisha,Disbursed,464000.0,Self-Employed,3.3,0,17.2,0,16.1,0,4.2,0,12.9,0,53.7,2.2,0
AU2027178,2024-09-26,2024-09,Vehicle Finance,Semi-Urban,Rajasthan,Disbursed,241000.0,Salaried,7.8,0,28.2,1,33.6,0,16.3,1,15.8,0,101.7,4.2,1
AU2027179,2024-09-01,2024-09,Personal Loan,Semi-Urban,Haryana,Disbursed,757000.0,Self-Employed,6.9,0,23.5,0,36.0,0,8.4,0,27.8,1,102.6,4.3,1
AU2027180,2024-01-17,2024-01,Home Loan,Semi-Urban,Karnataka,Disbursed,348000.0,Salaried,5.4,0,29.8,1,35.8,0,16.1,1,21.6,0,108.7,4.5,1
AU2027181,2024-06-26,2024-06,MSME Loan,Urban,Karnataka,Disbursed,142000.0,Salaried,4.2,0,17.3,0,24.9,0,7.1,0,15.9,0,69.4,2.9,0
AU2027182,2025-03-16,2025-03,Personal Loan,Semi-Urban,Haryana,Pending Documents,1914000.0,MSME Owner,5.2,0,17.2,0,40.8,0,17.0,1,11.1,0,91.3,3.8,1
AU2027183,2024-08-22,2024-08,Business Loan,Urban,Maharashtra,Under Review,278000.0,Self-Employed,5.7,0,23.9,0,48.0,0,0.0,0,0.0,0,77.6,3.2,0
AU2027184,2024-12-23,2024-12,Personal Loan,Semi-Urban,Gujarat,Disbursed,1175000.0,Self-Employed,8.5,1,21.6,0,22.5,0,13.5,0,27.1,1,93.2,3.9,1
AU2027185,2024-08-23,2024-08,MSME Loan,Urban,Karnataka,Disbursed,83000.0,Farmer,2.5,0,12.1,0,26.8,0,8.6,0,10.9,0,60.9,2.5,0
AU2027186,2024-12-18,2024-12,Personal Loan,Semi-Urban,Punjab,Disbursed,321000.0,Self-Employed,4.4,0,27.3,1,30.9,0,12.9,0,20.7,0,96.2,4.0,1
AU2027187,2024-01-07,2024-01,Vehicle Finance,Urban,Rajasthan,Disbursed,4109000.0,Salaried,4.7,0,17.2,0,30.2,0,9.9,0,16.2,0,78.2,3.3,0
AU2027188,2024-07-13,2024-07,Business Loan,Urban,Madhya Pradesh,Under Review,208000.0,Salaried,5.7,0,14.5,0,24.7,0,0.0,0,0.0,0,44.9,1.9,0
AU2027189,2024-02-21,2024-02,MSME Loan,Urban,Odisha,Rejected,50000.0,Salaried,5.2,0,22.4,0,48.3,1,10.8,0,0.0,0,86.7,3.6,1
AU2027190,2024-07-04,2024-07,MSME Loan,Semi-Urban,Punjab,Under Review,88000.0,Self-Employed,4.5,0,28.7,1,45.9,0,0.0,0,0.0,0,79.1,3.3,1
AU2027191,2025-03-17,2025-03,MSME Loan,Rural,Odisha,Rejected,535000.0,MSME Owner,14.6,1,27.8,1,106.8,1,27.9,1,0.0,0,177.1,7.4,1
AU2027192,2024-04-05,2024-04,MSME Loan,Semi-Urban,Uttar Pradesh,Disbursed,257000.0,Self-Employed,6.2,0,27.3,1,61.7,1,15.5,0,19.3,0,130.0,5.4,1
AU2027193,2024-05-14,2024-05,Business Loan,Semi-Urban,Karnataka,Under Review,466000.0,Salaried,4.8,0,14.9,0,72.1,1,0.0,0,0.0,0,91.8,3.8,1
AU2027194,2024-05-17,2024-05,Vehicle Finance,Semi-Urban,Madhya Pradesh,Rejected,177000.0,Self-Employed,5.8,0,20.9,0,20.3,0,10.4,0,0.0,0,57.4,2.4,0
AU2027195,2025-05-05,2025-05,Home Loan,Urban,Tamil Nadu,Disbursed,81000.0,Salaried,4.2,0,25.9,1,32.8,0,10.6,0,9.4,0,82.9,3.5,1
AU2027196,2024-06-24,2024-06,Personal Loan,Urban,Odisha,Pending Documents,198000.0,Salaried,3.9,0,11.3,0,31.3,0,8.6,0,13.4,0,68.5,2.9,0
AU2027197,2024-04-04,2024-04,Vehicle Finance,Urban,Punjab,Disbursed,301000.0,MSME Owner,3.5,0,16.1,0,32.2,0,5.2,0,12.5,0,69.5,2.9,0
AU2027198,2024-08-05,2024-08,Business Loan,Semi-Urban,Tamil Nadu,Disbursed,124000.0,Salaried,8.3,1,27.4,1,70.6,1,14.2,0,19.5,0,140.0,5.8,1
AU2027199,2024-08-02,2024-08,Home Loan,Urban,Madhya Pradesh,Disbursed,374000.0,Salaried,3.0,0,18.7,0,34.6,0,10.4,0,17.2,0,83.9,3.5,0
AU2027200,2024-07-05,2024-07,MSME Loan,Semi-Urban,Punjab,Disbursed,811000.0,Self-Employed,7.0,0,15.2,0,46.4,0,12.6,0,16.3,0,97.5,4.1,0
AU2027201,2024-05-23,2024-05,MSME Loan,Urban,Haryana,Pending Documents,319000.0,Salaried,5.8,0,16.8,0,44.8,0,5.5,0,13.9,0,86.8,3.6,0
AU2027202,2024-04-02,2024-04,MSME Loan,Urban,Tamil Nadu,Disbursed,104000.0,Salaried,4.7,0,11.4,0,43.3,0,10.9,0,13.8,0,84.1,3.5,0
AU2027203,2024-03-08,2024-03,Personal Loan,Semi-Urban,Odisha,Disbursed,155000.0,Salaried,5.9,0,34.3,1,40.3,0,9.6,0,18.6,0,108.7,4.5,1
AU2027204,2024-12-17,2024-12,Business Loan,Rural,Odisha,Pending Documents,79000.0,Self-Employed,12.8,1,31.7,1,87.2,1,18.0,1,37.6,1,187.3,7.8,1
AU2027205,2025-02-20,2025-02,Business Loan,Semi-Urban,Madhya Pradesh,Rejected,61000.0,Self-Employed,8.2,1,23.1,0,30.9,0,10.2,0,0.0,0,72.4,3.0,1
AU2027206,2025-01-04,2025-01,Personal Loan,Semi-Urban,Gujarat,Disbursed,156000.0,Salaried,4.9,0,23.0,0,44.6,0,10.3,0,20.2,0,103.0,4.3,0
AU2027207,2025-02-15,2025-02,MSME Loan,Semi-Urban,Uttar Pradesh,Disbursed,2182000.0,MSME Owner,8.9,1,26.2,1,69.5,1,14.2,0,24.9,1,143.7,6.0,1
AU2027208,2024-10-11,2024-10,MSME Loan,Semi-Urban,Madhya Pradesh,Disbursed,1151000.0,MSME Owner,4.2,0,29.6,1,65.0,1,16.4,1,22.8,0,138.0,5.8,1
AU2027209,2025-03-14,2025-03,Personal Loan,Semi-Urban,Haryana,Under Review,473000.0,Farmer,5.4,0,25.9,1,42.1,0,0.0,0,0.0,0,73.4,3.1,1
AU2027210,2024-04-10,2024-04,Personal Loan,Semi-Urban,Haryana,Rejected,744000.0,Self-Employed,10.0,1,30.5,1,35.4,0,19.2,1,0.0,0,95.1,4.0,1
AU2027211,2025-02-13,2025-02,MSME Loan,Semi-Urban,Maharashtra,Disbursed,631000.0,Salaried,5.5,0,24.3,1,54.5,1,10.9,0,26.6,1,121.8,5.1,1
AU2027212,2024-08-30,2024-08,Vehicle Finance,Semi-Urban,Maharashtra,Disbursed,877000.0,Self-Employed,7.5,0,24.6,1,23.4,0,11.4,0,19.4,0,86.3,3.6,1
AU2027213,2024-03-31,2024-03,Home Loan,Semi-Urban,Rajasthan,Disbursed,59000.0,Salaried,8.0,0,31.5,1,21.8,0,16.1,1,13.7,0,91.1,3.8,1
AU2027214,2024-09-12,2024-09,Vehicle Finance,Urban,Haryana,Pending Documents,168000.0,Farmer,3.3,0,18.3,0,19.6,0,4.9,0,13.5,0,59.6,2.5,0
AU2027215,2025-04-02,2025-04,MSME Loan,Semi-Urban,Maharashtra,Disbursed,55000.0,Self-Employed,6.5,0,26.8,1,38.2,0,12.5,0,18.0,0,102.0,4.2,1
AU2027216,2024-09-30,2024-09,MSME Loan,Urban,Karnataka,Disbursed,126000.0,Self-Employed,5.0,0,15.4,0,29.7,0,11.3,0,7.6,0,69.0,2.9,0
AU2027217,2025-02-06,2025-02,Home Loan,Semi-Urban,Punjab,Rejected,112000.0,Farmer,8.4,1,26.8,1,28.6,0,12.7,0,0.0,0,76.5,3.2,1
AU2027218,2024-06-02,2024-06,MSME Loan,Urban,Tamil Nadu,Rejected,595000.0,Self-Employed,4.9,0,12.8,0,46.6,0,6.7,0,0.0,0,71.0,3.0,0
AU2027219,2024-10-14,2024-10,Personal Loan,Urban,Uttar Pradesh,Disbursed,457000.0,MSME Owner,5.0,0,11.4,0,15.5,0,6.4,0,11.8,0,50.1,2.1,0
AU2027220,2024-01-25,2024-01,Vehicle Finance,Semi-Urban,Odisha,Rejected,534000.0,Salaried,7.8,0,26.7,1,26.4,0,12.9,0,0.0,0,73.8,3.1,1
AU2027221,2024-02-20,2024-02,Personal Loan,Semi-Urban,Haryana,Disbursed,240000.0,Salaried,6.7,0,22.1,0,21.9,0,9.6,0,21.7,0,82.0,3.4,0
AU2027222,2024-01-31,2024-01,Home Loan,Rural,Maharashtra,Disbursed,3242000.0,Self-Employed,16.0,1,71.5,1,71.3,1,14.5,0,19.7,0,193.0,8.0,1
AU2027223,2025-02-20,2025-02,Business Loan,Urban,Madhya Pradesh,Pending Documents,516000.0,Salaried,4.2,0,13.1,0,26.1,0,5.2,0,9.8,0,58.4,2.4,0
AU2027224,2024-08-31,2024-08,Vehicle Finance,Rural,Uttar Pradesh,Disbursed,150000.0,MSME Owner,8.4,1,56.6,1,49.9,1,15.0,0,31.6,1,161.5,6.7,1
AU2027225,2024-08-18,2024-08,MSME Loan,Urban,Gujarat,Disbursed,280000.0,Salaried,4.4,0,9.4,0,47.4,0,11.4,0,17.2,0,89.8,3.7,0
AU2027226,2024-05-13,2024-05,Personal Loan,Semi-Urban,Punjab,Disbursed,1107000.0,Self-Employed,9.2,1,31.2,1,26.3,0,15.6,0,10.1,0,92.4,3.8,1
AU2027227,2024-07-03,2024-07,Business Loan,Urban,Punjab,Pending Documents,371000.0,Self-Employed,4.6,0,19.7,0,47.7,0,9.9,0,9.5,0,91.4,3.8,0
AU2027228,2024-10-12,2024-10,Home Loan,Semi-Urban,Karnataka,Disbursed,220000.0,Self-Employed,5.1,0,20.4,0,24.3,0,14.6,0,26.5,1,90.9,3.8,1
AU2027229,2024-06-25,2024-06,Business Loan,Urban,Uttar Pradesh,Disbursed,404000.0,Self-Employed,5.6,0,14.0,0,36.1,0,8.3,0,15.4,0,79.4,3.3,0
AU2027230,2024-07-29,2024-07,Vehicle Finance,Urban,Rajasthan,Disbursed,481000.0,Salaried,5.1,0,11.2,0,29.5,0,4.1,0,15.6,0,65.5,2.7,0
AU2027231,2024-06-28,2024-06,Personal Loan,Urban,Gujarat,Disbursed,4400000.0,Salaried,3.9,0,12.5,0,35.8,0,8.6,0,12.8,0,73.6,3.1,0
AU2027232,2024-04-11,2024-04,Personal Loan,Semi-Urban,Odisha,Disbursed,119000.0,MSME Owner,6.2,0,35.7,1,23.1,0,8.0,0,20.7,0,93.7,3.9,1
AU2027233,2024-10-21,2024-10,MSME Loan,Semi-Urban,Odisha,Disbursed,956000.0,Self-Employed,9.5,1,12.2,0,33.5,0,17.8,1,26.1,1,99.1,4.1,1
AU2027234,2024-03-30,2024-03,Home Loan,Rural,Karnataka,Disbursed,2187000.0,MSME Owner,15.9,1,85.1,1,41.4,0,12.8,0,28.9,1,184.1,7.7,1
AU2027235,2024-06-30,2024-06,Home Loan,Urban,Uttar Pradesh,Under Review,450000.0,Salaried,2.0,0,23.2,0,29.4,0,0.0,0,0.0,0,54.6,2.3,0
AU2027236,2024-12-10,2024-12,Business Loan,Urban,Punjab,Disbursed,109000.0,Farmer,4.2,0,13.6,0,30.3,0,5.1,0,13.1,0,66.3,2.8,0
AU2027237,2024-09-06,2024-09,Vehicle Finance,Rural,Karnataka,Disbursed,1409000.0,Salaried,9.0,1,34.6,1,44.5,0,29.4,1,37.6,1,155.1,6.5,1
AU2027238,2025-03-31,2025-03,Home Loan,Urban,Tamil Nadu,Disbursed,104000.0,Self-Employed,3.4,0,32.3,1,35.7,0,6.7,0,14.5,0,92.6,3.9,1
AU2027239,2024-07-14,2024-07,Home Loan,Urban,Gujarat,Under Review,104000.0,Salaried,4.9,0,19.0,0,20.8,0,0.0,0,0.0,0,44.7,1.9,0
AU2027240,2024-05-26,2024-05,Personal Loan,Urban,Odisha,Disbursed,316000.0,MSME Owner,5.4,0,19.9,0,34.0,0,10.0,0,17.2,0,86.5,3.6,0
AU2027241,2024-11-19,2024-11,Personal Loan,Semi-Urban,Tamil Nadu,Pending Documents,183000.0,MSME Owner,9.3,1,12.7,0,44.2,0,16.4,1,13.1,0,95.7,4.0,1
AU2027242,2025-03-20,2025-03,Personal Loan,Urban,Maharashtra,Under Review,514000.0,Self-Employed,5.7,0,15.4,0,16.9,0,0.0,0,0.0,0,38.0,1.6,0
AU2027243,2024-11-23,2024-11,Business Loan,Urban,Maharashtra,Disbursed,348000.0,Salaried,5.6,0,16.5,0,41.9,0,11.4,0,12.2,0,87.6,3.7,0
AU2027244,2024-08-03,2024-08,MSME Loan,Urban,Punjab,Pending Documents,335000.0,MSME Owner,2.8,0,14.2,0,28.8,0,4.8,0,13.0,0,63.6,2.6,0
AU2027245,2024-10-19,2024-10,MSME Loan,Semi-Urban,Odisha,Disbursed,177000.0,Salaried,4.8,0,24.3,1,75.2,1,18.5,1,16.1,0,138.9,5.8,1
AU2027246,2025-03-10,2025-03,Vehicle Finance,Semi-Urban,Haryana,Rejected,825000.0,Salaried,9.7,1,13.7,0,32.3,0,19.0,1,0.0,0,74.7,3.1,1
AU2027247,2024-02-10,2024-02,Personal Loan,Urban,Gujarat,Disbursed,556000.0,Salaried,3.7,0,13.3,0,31.6,0,4.9,0,14.2,0,67.7,2.8,0
AU2027248,2024-06-24,2024-06,Business Loan,Semi-Urban,Maharashtra,Disbursed,1550000.0,Salaried,8.9,1,32.7,1,28.2,0,15.2,0,20.7,0,105.7,4.4,1
AU2027249,2024-06-09,2024-06,Personal Loan,Urban,Madhya Pradesh,Pending Documents,811000.0,Self-Employed,5.7,0,18.8,0,12.7,0,4.6,0,14.7,0,56.5,2.4,0
AU2027250,2024-11-30,2024-11,Vehicle Finance,Urban,Punjab,Disbursed,517000.0,Salaried,3.0,0,23.5,0,33.3,0,6.5,0,15.9,0,82.2,3.4,0
AU2027251,2024-12-29,2024-12,Personal Loan,Urban,Uttar Pradesh,Disbursed,600000.0,Salaried,5.4,0,17.3,0,18.2,0,10.8,0,15.6,0,67.3,2.8,0
AU2027252,2024-11-05,2024-11,Personal Loan,Semi-Urban,Uttar Pradesh,Rejected,799000.0,Salaried,5.9,0,32.3,1,45.0,0,11.4,0,0.0,0,94.6,3.9,1
AU2027253,2024-05-18,2024-05,MSME Loan,Urban,Haryana,Disbursed,771000.0,Salaried,3.7,0,14.1,0,39.2,0,4.6,0,17.7,0,79.3,3.3,0
AU2027254,2025-02-03,2025-02,MSME Loan,Rural,Tamil Nadu,Under Review,76000.0,Salaried,9.0,1,35.7,1,74.3,1,0.0,0,0.0,0,119.0,5.0,1
AU2027255,2025-01-17,2025-01,Vehicle Finance,Semi-Urban,Punjab,Disbursed,556000.0,Farmer,7.2,0,18.6,0,46.1,0,15.5,0,18.7,0,106.1,4.4,0
AU2027256,2024-09-23,2024-09,Vehicle Finance,Semi-Urban,Odisha,Disbursed,1999000.0,Farmer,6.2,0,35.8,1,38.4,0,13.1,0,22.2,0,115.7,4.8,1
AU2027257,2024-07-30,2024-07,Vehicle Finance,Urban,Tamil Nadu,Rejected,561000.0,Self-Employed,5.2,0,10.5,0,24.9,0,10.1,0,0.0,0,50.7,2.1,0
AU2027258,2024-04-04,2024-04,MSME Loan,Rural,Maharashtra,Disbursed,187000.0,Salaried,9.1,1,54.9,1,41.9,0,14.5,0,25.4,1,145.8,6.1,1
AU2027259,2024-03-05,2024-03,Vehicle Finance,Rural,Rajasthan,Disbursed,389000.0,Self-Employed,9.7,1,33.6,1,30.4,0,19.4,1,35.7,1,128.8,5.4,1
AU2027260,2024-12-04,2024-12,Business Loan,Rural,Madhya Pradesh,Pending Documents,140000.0,Self-Employed,11.9,1,57.0,1,87.0,1,12.7,0,18.4,0,187.0,7.8,1
AU2027261,2025-04-26,2025-04,Personal Loan,Urban,Uttar Pradesh,Disbursed,494000.0,MSME Owner,3.3,0,14.0,0,19.9,0,4.1,0,17.5,0,58.8,2.5,0
AU2027262,2024-04-17,2024-04,Personal Loan,Urban,Gujarat,Disbursed,621000.0,Salaried,3.8,0,8.4,0,30.5,0,9.1,0,14.4,0,66.2,2.8,0
AU2027263,2024-07-22,2024-07,Vehicle Finance,Rural,Maharashtra,Disbursed,263000.0,Self-Employed,15.0,1,42.7,1,33.1,0,17.7,1,20.8,0,129.3,5.4,1
AU2027264,2024-02-18,2024-02,Business Loan,Semi-Urban,Gujarat,Disbursed,665000.0,Salaried,5.3,0,33.4,1,60.3,1,9.3,0,17.3,0,125.6,5.2,1
AU2027265,2025-04-24,2025-04,Home Loan,Semi-Urban,Gujarat,Disbursed,363000.0,Self-Employed,8.8,1,27.5,1,39.3,0,19.9,1,17.0,0,112.5,4.7,1
AU2027266,2024-10-07,2024-10,Home Loan,Urban,Tamil Nadu,Disbursed,243000.0,Self-Employed,4.5,0,15.0,0,13.7,0,7.0,0,12.3,0,52.5,2.2,0
AU2027267,2024-01-14,2024-01,Vehicle Finance,Semi-Urban,Rajasthan,Disbursed,51000.0,Salaried,8.6,1,14.1,0,24.0,0,16.9,1,15.0,0,78.6,3.3,1
AU2027268,2024-09-25,2024-09,Vehicle Finance,Urban,Haryana,Disbursed,1128000.0,Farmer,4.6,0,17.1,0,25.7,0,8.0,0,15.7,0,71.1,3.0,0
AU2027269,2024-02-23,2024-02,Personal Loan,Rural,Gujarat,Disbursed,54000.0,MSME Owner,8.1,1,55.3,1,29.8,0,25.0,1,30.5,1,148.7,6.2,1
AU2027270,2024-11-12,2024-11,Home Loan,Semi-Urban,Uttar Pradesh,Disbursed,50000.0,Self-Employed,8.4,1,18.2,0,33.5,0,15.4,0,15.3,0,90.8,3.8,1
AU2027271,2024-02-13,2024-02,MSME Loan,Semi-Urban,Maharashtra,Disbursed,305000.0,Salaried,7.2,0,21.0,0,34.8,0,8.4,0,20.2,0,91.6,3.8,0
AU2027272,2024-06-07,2024-06,Vehicle Finance,Urban,Haryana,Disbursed,307000.0,Salaried,2.6,0,15.1,0,26.9,0,10.8,0,8.8,0,64.2,2.7,0
AU2027273,2024-05-06,2024-05,Vehicle Finance,Semi-Urban,Madhya Pradesh,Disbursed,318000.0,Self-Employed,5.4,0,35.7,1,32.3,0,14.4,0,13.9,0,101.7,4.2,1
AU2027274,2024-08-14,2024-08,Vehicle Finance,Urban,Uttar Pradesh,Disbursed,50000.0,Farmer,2.2,0,8.7,0,33.3,0,5.0,0,6.0,0,55.2,2.3,0
AU2027275,2024-03-08,2024-03,Personal Loan,Rural,Maharashtra,Under Review,1026000.0,Salaried,14.7,1,42.3,1,67.4,1,0.0,0,0.0,0,124.4,5.2,1
AU2027276,2025-03-05,2025-03,Personal Loan,Urban,Karnataka,Disbursed,840000.0,Self-Employed,4.8,0,18.2,0,30.6,0,5.9,0,11.1,0,70.6,2.9,0
AU2027277,2024-01-15,2024-01,Personal Loan,Semi-Urban,Maharashtra,Rejected,981000.0,MSME Owner,8.3,1,19.4,0,37.9,0,12.4,0,0.0,0,78.0,3.2,1
AU2027278,2024-12-05,2024-12,Business Loan,Semi-Urban,Rajasthan,Rejected,232000.0,Self-Employed,6.6,0,19.8,0,58.4,1,19.2,1,0.0,0,104.0,4.3,1
AU2027279,2025-03-16,2025-03,Vehicle Finance,Rural,Punjab,Disbursed,702000.0,Self-Employed,16.7,1,56.4,1,48.7,1,12.4,0,21.2,0,155.4,6.5,1
AU2027280,2025-03-18,2025-03,Vehicle Finance,Urban,Punjab,Disbursed,608000.0,MSME Owner,2.4,0,11.2,0,32.0,0,9.8,0,15.7,0,71.1,3.0,0
AU2027281,2024-08-27,2024-08,MSME Loan,Rural,Tamil Nadu,Disbursed,652000.0,Salaried,13.7,1,47.0,1,60.5,1,25.9,1,20.8,0,167.9,7.0,1
AU2027282,2025-04-23,2025-04,Home Loan,Urban,Karnataka,Disbursed,69000.0,Farmer,5.3,0,34.3,1,33.0,0,9.9,0,8.2,0,90.7,3.8,1
AU2027283,2024-10-07,2024-10,Business Loan,Semi-Urban,Uttar Pradesh,Disbursed,288000.0,MSME Owner,5.4,0,15.1,0,49.6,1,9.9,0,22.5,0,102.5,4.3,1
AU2027284,2024-03-10,2024-03,Vehicle Finance,Semi-Urban,Tamil Nadu,Disbursed,996000.0,Salaried,4.5,0,13.8,0,35.4,0,18.8,1,20.0,0,92.5,3.9,1
AU2027285,2024-03-31,2024-03,Vehicle Finance,Urban,Karnataka,Disbursed,75000.0,Salaried,5.6,0,9.6,0,36.0,0,5.3,0,14.1,0,70.6,2.9,0
AU2027286,2024-11-01,2024-11,MSME Loan,Urban,Odisha,Rejected,61000.0,Salaried,5.3,0,12.1,0,27.6,0,12.0,0,0.0,0,57.0,2.4,0
AU2027287,2024-11-19,2024-11,Business Loan,Rural,Tamil Nadu,Disbursed,87000.0,Self-Employed,16.3,1,35.2,1,52.2,1,19.6,1,39.0,1,162.3,6.8,1
AU2027288,2024-08-10,2024-08,Personal Loan,Urban,Odisha,Disbursed,608000.0,Salaried,4.4,0,16.1,0,17.2,0,6.1,0,8.0,0,51.8,2.2,0
AU2027289,2024-11-23,2024-11,Personal Loan,Semi-Urban,Karnataka,Rejected,69000.0,Salaried,7.7,0,35.6,1,20.2,0,13.9,0,0.0,0,77.4,3.2,1
AU2027290,2024-06-07,2024-06,Personal Loan,Rural,Karnataka,Pending Documents,88000.0,Self-Employed,8.7,1,42.8,1,24.9,0,25.1,1,32.6,1,134.1,5.6,1
AU2027291,2024-09-03,2024-09,Vehicle Finance,Urban,Punjab,Disbursed,184000.0,Salaried,4.9,0,11.2,0,26.8,0,6.2,0,13.9,0,63.0,2.6,0
AU2027292,2024-04-26,2024-04,Vehicle Finance,Semi-Urban,Karnataka,Rejected,1046000.0,MSME Owner,7.2,0,33.0,1,42.9,0,14.4,0,0.0,0,97.5,4.1,1
AU2027293,2024-08-14,2024-08,Vehicle Finance,Urban,Gujarat,Disbursed,188000.0,Self-Employed,4.6,0,18.8,0,28.3,0,4.9,0,8.3,0,64.9,2.7,0
AU2027294,2024-07-06,2024-07,Vehicle Finance,Semi-Urban,Uttar Pradesh,Rejected,211000.0,Self-Employed,7.0,0,18.4,0,30.3,0,8.4,0,0.0,0,64.1,2.7,0
AU2027295,2024-05-13,2024-05,Personal Loan,Semi-Urban,Haryana,Under Review,201000.0,Salaried,4.2,0,29.0,1,43.7,0,0.0,0,0.0,0,76.9,3.2,1
AU2027296,2024-06-04,2024-06,Personal Loan,Urban,Maharashtra,Disbursed,257000.0,Farmer,2.8,0,9.9,0,28.9,0,7.0,0,9.8,0,58.4,2.4,0
AU2027297,2024-01-01,2024-01,Home Loan,Urban,Rajasthan,Disbursed,370000.0,Salaried,5.1,0,18.1,0,24.8,0,4.2,0,15.5,0,67.7,2.8,0
AU2027298,2025-02-21,2025-02,Vehicle Finance,Urban,Karnataka,Disbursed,471000.0,Self-Employed,3.1,0,19.1,0,33.3,0,4.3,0,11.0,0,70.8,2.9,0
AU2027299,2024-06-25,2024-06,Vehicle Finance,Semi-Urban,Maharashtra,Disbursed,50000.0,Salaried,4.4,0,25.7,1,37.4,0,9.9,0,16.0,0,93.4,3.9,1
AU2027300,2024-08-28,2024-08,Business Loan,Rural,Uttar Pradesh,Disbursed,1350000.0,MSME Owner,14.7,1,34.8,1,100.5,1,25.4,1,39.1,1,214.5,8.9,1
AU2027301,2024-01-05,2024-01,Personal Loan,Urban,Karnataka,Rejected,354000.0,Farmer,5.1,0,21.3,0,25.1,0,6.4,0,0.0,0,57.9,2.4,0
AU2027302,2025-04-29,2025-04,Home Loan,Semi-Urban,Tamil Nadu,Pending Documents,173000.0,Farmer,5.0,0,42.2,1,44.2,0,11.7,0,24.9,1,128.0,5.3,1
AU2027303,2024-06-02,2024-06,Business Loan,Rural,Tamil Nadu,Disbursed,237000.0,MSME Owner,14.8,1,41.7,1,89.3,1,28.6,1,40.0,1,214.4,8.9,1
AU2027304,2025-01-27,2025-01,MSME Loan,Semi-Urban,Rajasthan,Disbursed,225000.0,Salaried,6.3,0,34.0,1,43.8,0,19.0,1,17.6,0,120.7,5.0,1
AU2027305,2025-02-12,2025-02,MSME Loan,Semi-Urban,Haryana,Disbursed,155000.0,Self-Employed,6.5,0,18.2,0,39.8,0,10.2,0,16.0,0,90.7,3.8,0
AU2027306,2024-11-01,2024-11,Vehicle Finance,Urban,Uttar Pradesh,Rejected,68000.0,Self-Employed,4.9,0,11.5,0,16.4,0,7.0,0,0.0,0,39.8,1.7,0
AU2027307,2025-02-11,2025-02,Vehicle Finance,Rural,Madhya Pradesh,Under Review,230000.0,Salaried,8.4,1,38.4,1,49.1,1,0.0,0,0.0,0,95.9,4.0,1
AU2027308,2024-10-07,2024-10,Personal Loan,Urban,Rajasthan,Under Review,102000.0,Self-Employed,4.0,0,18.9,0,24.1,0,0.0,0,0.0,0,47.0,2.0,0
AU2027309,2024-04-06,2024-04,Home Loan,Urban,Punjab,Disbursed,83000.0,MSME Owner,5.7,0,28.6,1,30.6,0,10.0,0,9.9,0,84.8,3.5,1
AU2027310,2025-03-27,2025-03,Home Loan,Rural,Haryana,Disbursed,1543000.0,MSME Owner,11.4,1,78.3,1,63.1,1,16.2,1,39.5,1,208.5,8.7,1
AU2027311,2024-08-11,2024-08,Personal Loan,Urban,Karnataka,Disbursed,344000.0,Farmer,2.1,0,21.2,0,24.2,0,10.9,0,16.1,0,74.5,3.1,0
AU2027312,2024-05-07,2024-05,MSME Loan,Rural,Haryana,Under Review,147000.0,Salaried,15.4,1,29.5,1,47.9,0,0.0,0,0.0,0,92.8,3.9,1
AU2027313,2025-01-01,2025-01,MSME Loan,Urban,Maharashtra,Disbursed,100000.0,Salaried,2.0,0,12.6,0,31.6,0,4.7,0,12.8,0,63.7,2.7,0
AU2027314,2025-02-28,2025-02,Business Loan,Urban,Haryana,Rejected,616000.0,Self-Employed,5.9,0,22.6,0,38.6,0,7.6,0,0.0,0,74.7,3.1,0
AU2027315,2024-04-22,2024-04,Home Loan,Semi-Urban,Haryana,Pending Documents,474000.0,Self-Employed,10.0,1,48.3,1,46.6,0,11.9,0,12.7,0,129.5,5.4,1
AU2027316,2024-02-10,2024-02,Home Loan,Rural,Uttar Pradesh,Disbursed,442000.0,Salaried,13.0,1,85.9,1,48.3,1,26.2,1,18.9,0,192.3,8.0,1
AU2027317,2024-11-16,2024-11,Home Loan,Rural,Haryana,Disbursed,1348000.0,Salaried,14.5,1,85.1,1,32.5,0,19.3,1,22.7,0,174.1,7.3,1
AU2027318,2024-09-21,2024-09,Vehicle Finance,Semi-Urban,Madhya Pradesh,Pending Documents,1390000.0,Farmer,5.9,0,28.2,1,40.7,0,12.0,0,13.0,0,99.8,4.2,1
AU2027319,2025-02-17,2025-02,Vehicle Finance,Urban,Odisha,Disbursed,50000.0,Farmer,4.0,0,21.7,0,16.7,0,11.5,0,15.5,0,69.4,2.9,0
AU2027320,2024-05-25,2024-05,MSME Loan,Urban,Uttar Pradesh,Disbursed,1173000.0,MSME Owner,2.3,0,22.5,0,54.4,1,8.7,0,8.2,0,96.1,4.0,1
AU2027321,2025-02-18,2025-02,MSME Loan,Semi-Urban,Karnataka,Under Review,432000.0,MSME Owner,4.5,0,26.6,1,49.6,1,0.0,0,0.0,0,80.7,3.4,1
AU2027322,2024-07-30,2024-07,Personal Loan,Rural,Uttar Pradesh,Disbursed,77000.0,Self-Employed,14.2,1,39.0,1,70.8,1,14.4,0,29.7,1,168.1,7.0,1
AU2027323,2025-03-12,2025-03,Business Loan,Semi-Urban,Madhya Pradesh,Disbursed,861000.0,Salaried,9.7,1,22.0,0,42.5,0,13.4,0,13.9,0,101.5,4.2,1
AU2027324,2024-04-03,2024-04,Personal Loan,Urban,Gujarat,Disbursed,182000.0,Self-Employed,4.5,0,8.0,0,34.1,0,10.6,0,17.6,0,74.8,3.1,0
AU2027325,2024-05-28,2024-05,Business Loan,Semi-Urban,Maharashtra,Disbursed,63000.0,MSME Owner,5.0,0,19.8,0,50.0,1,15.1,0,20.1,0,110.0,4.6,1
AU2027326,2024-11-22,2024-11,Personal Loan,Semi-Urban,Gujarat,Pending Documents,351000.0,Self-Employed,4.7,0,16.8,0,25.6,0,13.9,0,23.2,0,84.2,3.5,0
AU2027327,2024-11-12,2024-11,Vehicle Finance,Urban,Tamil Nadu,Disbursed,808000.0,Salaried,5.0,0,10.7,0,23.6,0,9.5,0,8.7,0,57.5,2.4,0
AU2027328,2024-05-19,2024-05,Personal Loan,Semi-Urban,Tamil Nadu,Disbursed,1384000.0,Salaried,6.9,0,34.3,1,32.1,0,20.0,1,12.8,0,106.1,4.4,1
AU2027329,2024-09-08,2024-09,Home Loan,Semi-Urban,Odisha,Under Review,474000.0,Salaried,5.7,0,20.2,0,46.0,0,0.0,0,0.0,0,71.9,3.0,0
AU2027330,2024-06-13,2024-06,Business Loan,Urban,Madhya Pradesh,Disbursed,910000.0,Self-Employed,5.7,0,11.9,0,44.4,0,9.9,0,9.3,0,81.2,3.4,0
AU2027331,2024-03-18,2024-03,Personal Loan,Urban,Rajasthan,Disbursed,378000.0,Farmer,5.8,0,19.8,0,29.4,0,5.9,0,6.9,0,67.8,2.8,0
AU2027332,2025-05-11,2025-05,MSME Loan,Semi-Urban,Rajasthan,Rejected,164000.0,Salaried,8.8,1,22.9,0,67.2,1,13.3,0,0.0,0,112.2,4.7,1
AU2027333,2024-01-12,2024-01,Personal Loan,Semi-Urban,Karnataka,Disbursed,1234000.0,Self-Employed,7.0,0,25.2,1,25.2,0,12.5,0,15.3,0,85.2,3.6,1
AU2027334,2025-05-12,2025-05,Business Loan,Semi-Urban,Maharashtra,Disbursed,50000.0,Salaried,10.0,1,13.8,0,57.8,1,10.1,0,25.1,1,116.8,4.9,1
AU2027335,2024-05-24,2024-05,MSME Loan,Semi-Urban,Gujarat,Under Review,53000.0,Salaried,4.8,0,19.6,0,42.4,0,0.0,0,0.0,0,66.8,2.8,0
AU2027336,2024-03-05,2024-03,Business Loan,Semi-Urban,Uttar Pradesh,Disbursed,266000.0,Self-Employed,4.4,0,15.2,0,51.0,1,10.8,0,25.8,1,107.2,4.5,1
AU2027337,2025-01-07,2025-01,Personal Loan,Urban,Tamil Nadu,Disbursed,175000.0,Farmer,4.5,0,13.7,0,12.4,0,7.9,0,8.5,0,47.0,2.0,0
AU2027338,2024-04-29,2024-04,Vehicle Finance,Semi-Urban,Rajasthan,Disbursed,947000.0,Salaried,7.9,0,14.8,0,26.8,0,15.9,0,24.9,1,90.3,3.8,1
AU2027339,2024-03-18,2024-03,Business Loan,Rural,Gujarat,Rejected,368000.0,Salaried,16.8,1,42.3,1,86.2,1,20.9,1,0.0,0,166.2,6.9,1
AU2027340,2024-09-09,2024-09,MSME Loan,Urban,Rajasthan,Disbursed,274000.0,Self-Employed,2.7,0,18.8,0,19.2,0,7.4,0,7.0,0,55.1,2.3,0
AU2027341,2024-06-24,2024-06,Vehicle Finance,Urban,Madhya Pradesh,Disbursed,276000.0,MSME Owner,3.9,0,10.8,0,14.4,0,6.5,0,11.6,0,47.2,2.0,0
AU2027342,2024-06-08,2024-06,Vehicle Finance,Urban,Haryana,Rejected,162000.0,Salaried,5.4,0,20.6,0,35.6,0,7.0,0,0.0,0,68.6,2.9,0
AU2027343,2024-07-09,2024-07,Personal Loan,Semi-Urban,Tamil Nadu,Disbursed,1848000.0,Self-Employed,7.8,0,16.1,0,44.0,0,14.6,0,26.3,1,108.8,4.5,1
AU2027344,2024-12-22,2024-12,Personal Loan,Semi-Urban,Tamil Nadu,Disbursed,1730000.0,Salaried,5.2,0,28.9,1,33.6,0,10.8,0,18.7,0,97.2,4.0,1
AU2027345,2024-06-18,2024-06,Vehicle Finance,Semi-Urban,Rajasthan,Disbursed,279000.0,Self-Employed,7.6,0,29.9,1,44.7,0,13.3,0,16.2,0,111.7,4.7,1
AU2027346,2025-03-07,2025-03,Personal Loan,Urban,Gujarat,Disbursed,490000.0,Self-Employed,3.0,0,9.9,0,32.4,0,11.0,0,9.2,0,65.5,2.7,0
AU2027347,2024-01-29,2024-01,Vehicle Finance,Urban,Maharashtra,Disbursed,486000.0,Salaried,4.3,0,10.4,0,12.3,0,4.8,0,9.8,0,41.6,1.7,0
AU2027348,2025-02-01,2025-02,Home Loan,Urban,Uttar Pradesh,Under Review,92000.0,Salaried,3.0,0,11.9,0,19.1,0,0.0,0,0.0,0,34.0,1.4,0
AU2027349,2024-02-06,2024-02,MSME Loan,Urban,Haryana,Disbursed,70000.0,Salaried,4.9,0,23.5,0,49.4,1,4.3,0,9.8,0,91.9,3.8,1
AU2027350,2024-08-28,2024-08,Personal Loan,Urban,Karnataka,Disbursed,94000.0,Self-Employed,3.6,0,20.3,0,15.4,0,5.3,0,13.5,0,58.1,2.4,0
AU2027351,2024-04-08,2024-04,Vehicle Finance,Urban,Maharashtra,Under Review,81000.0,Salaried,3.5,0,14.7,0,19.7,0,0.0,0,0.0,0,37.9,1.6,0
AU2027352,2025-02-22,2025-02,Business Loan,Rural,Uttar Pradesh,Disbursed,88000.0,Self-Employed,10.4,1,51.1,1,93.5,1,12.4,0,19.8,0,187.2,7.8,1
AU2027353,2025-02-28,2025-02,MSME Loan,Rural,Haryana,Disbursed,1143000.0,Self-Employed,16.1,1,29.0,1,86.6,1,20.6,1,40.3,1,192.6,8.0,1
AU2027354,2024-03-03,2024-03,Personal Loan,Semi-Urban,Rajasthan,Disbursed,452000.0,Farmer,9.3,1,21.8,0,22.1,0,15.6,0,25.7,1,94.5,3.9,1
AU2027355,2024-07-16,2024-07,Personal Loan,Semi-Urban,Madhya Pradesh,Disbursed,732000.0,Salaried,8.1,1,28.4,1,36.0,0,18.3,1,11.5,0,102.3,4.3,1
AU2027356,2024-05-06,2024-05,Personal Loan,Rural,Tamil Nadu,Disbursed,752000.0,Farmer,14.9,1,52.5,1,37.6,0,17.2,1,43.9,1,166.1,6.9,1
AU2027357,2024-04-11,2024-04,Vehicle Finance,Urban,Rajasthan,Disbursed,101000.0,MSME Owner,2.9,0,18.5,0,13.0,0,6.4,0,14.1,0,54.9,2.3,0
AU2027358,2025-01-11,2025-01,Personal Loan,Urban,Tamil Nadu,Under Review,265000.0,Salaried,3.4,0,17.2,0,15.7,0,0.0,0,0.0,0,36.3,1.5,0
AU2027359,2024-09-23,2024-09,Vehicle Finance,Urban,Gujarat,Disbursed,2567000.0,Farmer,5.9,0,14.8,0,30.9,0,9.2,0,7.4,0,68.2,2.8,0
AU2027360,2024-08-30,2024-08,Business Loan,Urban,Madhya Pradesh,Disbursed,617000.0,MSME Owner,5.4,0,22.3,0,48.9,1,6.7,0,8.6,0,91.9,3.8,1
AU2027361,2024-12-14,2024-12,Vehicle Finance,Semi-Urban,Haryana,Disbursed,314000.0,MSME Owner,9.8,1,25.7,1,31.7,0,18.1,1,10.4,0,95.7,4.0,1
AU2027362,2025-04-24,2025-04,Personal Loan,Rural,Uttar Pradesh,Rejected,750000.0,Self-Employed,14.3,1,46.8,1,32.8,0,17.1,1,0.0,0,111.0,4.6,1
AU2027363,2024-03-22,2024-03,Personal Loan,Urban,Punjab,Disbursed,215000.0,Salaried,5.6,0,9.6,0,26.8,0,6.7,0,15.7,0,64.4,2.7,0
AU2027364,2025-01-16,2025-01,Vehicle Finance,Urban,Rajasthan,Pending Documents,308000.0,Farmer,4.8,0,19.8,0,12.8,0,4.2,0,6.4,0,48.0,2.0,0
AU2027365,2024-09-23,2024-09,MSME Loan,Rural,Karnataka,Disbursed,124000.0,Salaried,9.5,1,35.8,1,63.4,1,25.5,1,44.0,1,178.2,7.4,1
AU2027366,2024-05-09,2024-05,Home Loan,Semi-Urban,Gujarat,Rejected,222000.0,Salaried,5.7,0,41.5,1,46.8,0,15.0,0,0.0,0,109.0,4.5,1
AU2027367,2024-11-22,2024-11,Personal Loan,Rural,Tamil Nadu,Under Review,1753000.0,Self-Employed,17.3,1,45.2,1,35.5,0,0.0,0,0.0,0,98.0,4.1,1
AU2027368,2024-04-11,2024-04,MSME Loan,Urban,Uttar Pradesh,Disbursed,171000.0,Salaried,3.5,0,12.4,0,24.1,0,5.6,0,7.6,0,53.2,2.2,0
AU2027369,2025-03-30,2025-03,Vehicle Finance,Semi-Urban,Punjab,Rejected,368000.0,Self-Employed,9.7,1,33.1,1,46.7,0,12.7,0,0.0,0,102.2,4.3,1
AU2027370,2025-03-18,2025-03,Home Loan,Urban,Rajasthan,Disbursed,110000.0,Salaried,4.0,0,27.7,1,34.2,0,8.7,0,14.1,0,88.7,3.7,1
AU2027371,2025-05-13,2025-05,Business Loan,Semi-Urban,Madhya Pradesh,Disbursed,420000.0,Farmer,6.4,0,23.2,0,47.1,0,17.7,1,27.2,1,121.6,5.1,1
AU2027372,2024-04-30,2024-04,Business Loan,Semi-Urban,Gujarat,Rejected,264000.0,Salaried,6.2,0,25.2,1,46.3,0,10.2,0,0.0,0,87.9,3.7,1
AU2027373,2024-06-15,2024-06,Home Loan,Rural,Haryana,Under Review,779000.0,MSME Owner,16.4,1,46.1,1,53.9,1,0.0,0,0.0,0,116.4,4.9,1
AU2027374,2024-03-26,2024-03,MSME Loan,Rural,Rajasthan,Disbursed,547000.0,Salaried,16.8,1,27.5,1,47.6,0,25.0,1,23.2,0,140.1,5.8,1
AU2027375,2024-10-26,2024-10,Personal Loan,Semi-Urban,Uttar Pradesh,Under Review,135000.0,Salaried,9.0,1,31.4,1,35.4,0,0.0,0,0.0,0,75.8,3.2,1
AU2027376,2024-07-21,2024-07,Business Loan,Urban,Gujarat,Disbursed,50000.0,MSME Owner,4.4,0,22.6,0,22.0,0,4.5,0,12.4,0,65.9,2.7,0
AU2027377,2024-01-05,2024-01,Personal Loan,Rural,Madhya Pradesh,Disbursed,70000.0,Self-Employed,11.6,1,37.5,1,44.7,0,12.3,0,20.5,0,126.6,5.3,1
AU2027378,2024-10-24,2024-10,Vehicle Finance,Urban,Rajasthan,Rejected,155000.0,Salaried,3.4,0,8.6,0,15.4,0,6.6,0,0.0,0,34.0,1.4,0
AU2027379,2024-12-18,2024-12,MSME Loan,Rural,Tamil Nadu,Disbursed,197000.0,Salaried,14.3,1,53.0,1,112.0,1,12.1,0,30.4,1,221.8,9.2,1
AU2027380,2024-03-20,2024-03,Home Loan,Rural,Odisha,Disbursed,74000.0,Salaried,12.9,1,40.3,1,59.4,1,25.3,1,43.3,1,181.2,7.5,1
AU2027381,2025-01-29,2025-01,Business Loan,Urban,Punjab,Disbursed,803000.0,Self-Employed,4.8,0,14.1,0,38.0,0,8.2,0,8.0,0,73.1,3.0,0
AU2027382,2024-05-07,2024-05,Vehicle Finance,Semi-Urban,Gujarat,Under Review,127000.0,Self-Employed,8.2,1,14.1,0,41.8,0,0.0,0,0.0,0,64.1,2.7,1
AU2027383,2024-09-12,2024-09,MSME Loan,Semi-Urban,Maharashtra,Disbursed,388000.0,Salaried,4.8,0,25.9,1,50.2,1,12.4,0,26.6,1,119.9,5.0,1
AU2027384,2024-12-17,2024-12,Business Loan,Semi-Urban,Gujarat,Disbursed,50000.0,Salaried,9.5,1,22.8,0,52.0,1,15.9,0,11.2,0,111.4,4.6,1
AU2027385,2024-06-22,2024-06,Home Loan,Semi-Urban,Odisha,Rejected,4295000.0,MSME Owner,9.2,1,30.3,1,42.3,0,11.1,0,0.0,0,92.9,3.9,1
AU2027386,2024-01-31,2024-01,Personal Loan,Urban,Rajasthan,Disbursed,54000.0,MSME Owner,2.2,0,11.5,0,21.8,0,7.1,0,7.6,0,50.2,2.1,0
AU2027387,2024-11-26,2024-11,MSME Loan,Urban,Punjab,Rejected,838000.0,Salaried,5.5,0,14.2,0,52.9,1,6.7,0,0.0,0,79.3,3.3,1
AU2027388,2024-12-25,2024-12,Vehicle Finance,Semi-Urban,Maharashtra,Disbursed,603000.0,Salaried,6.9,0,24.7,1,38.7,0,8.4,0,20.5,0,99.2,4.1,1
AU2027389,2025-02-09,2025-02,Personal Loan,Urban,Karnataka,Disbursed,126000.0,Farmer,2.5,0,10.7,0,28.1,0,7.0,0,13.5,0,61.8,2.6,0
AU2027390,2024-03-05,2024-03,MSME Loan,Rural,Gujarat,Disbursed,738000.0,Salaried,12.5,1,37.6,1,57.2,1,29.9,1,40.0,1,177.2,7.4,1
AU2027391,2024-04-29,2024-04,Business Loan,Rural,Tamil Nadu,Disbursed,271000.0,Farmer,10.7,1,32.0,1,53.3,1,21.7,1,26.7,1,144.4,6.0,1
AU2027392,2024-10-12,2024-10,Personal Loan,Rural,Punjab,Under Review,662000.0,Farmer,14.8,1,42.7,1,66.3,1,0.0,0,0.0,0,123.8,5.2,1
AU2027393,2025-02-16,2025-02,Business Loan,Semi-Urban,Punjab,Pending Documents,366000.0,MSME Owner,9.3,1,30.2,1,40.8,0,16.6,1,13.5,0,110.4,4.6,1
AU2027394,2025-01-10,2025-01,Business Loan,Rural,Tamil Nadu,Disbursed,147000.0,MSME Owner,10.0,1,43.6,1,68.5,1,22.0,1,22.1,0,166.2,6.9,1
AU2027395,2024-01-11,2024-01,Business Loan,Semi-Urban,Madhya Pradesh,Disbursed,594000.0,Self-Employed,7.1,0,34.7,1,72.7,1,12.3,0,16.3,0,143.1,6.0,1
AU2027396,2024-07-02,2024-07,Vehicle Finance,Urban,Haryana,Disbursed,120000.0,Self-Employed,3.5,0,10.7,0,33.3,0,11.0,0,16.3,0,74.8,3.1,0
AU2027397,2024-05-08,2024-05,Business Loan,Urban,Maharashtra,Disbursed,123000.0,Salaried,2.9,0,22.0,0,56.4,1,10.5,0,14.8,0,106.6,4.4,1
AU2027398,2024-09-05,2024-09,Vehicle Finance,Rural,Rajasthan,Pending Documents,80000.0,Salaried,13.8,1,36.0,1,67.7,1,23.0,1,38.3,1,178.8,7.5,1
AU2027399,2024-10-13,2024-10,Personal Loan,Semi-Urban,Tamil Nadu,Disbursed,383000.0,MSME Owner,6.3,0,35.4,1,38.1,0,15.9,0,26.5,1,122.2,5.1,1
AU2027400,2024-10-04,2024-10,MSME Loan,Urban,Uttar Pradesh,Under Review,226000.0,Salaried,4.5,0,15.5,0,41.8,0,0.0,0,0.0,0,61.8,2.6,0
AU2027401,2024-04-07,2024-04,Business Loan,Rural,Tamil Nadu,Disbursed,69000.0,Self-Employed,17.9,1,34.2,1,76.3,1,24.3,1,21.8,0,174.5,7.3,1
AU2027402,2024-04-05,2024-04,Business Loan,Rural,Odisha,Disbursed,3417000.0,MSME Owner,15.3,1,55.2,1,65.2,1,24.7,1,40.0,1,200.4,8.3,1
AU2027403,2024-06-27,2024-06,Business Loan,Rural,Karnataka,Under Review,235000.0,Salaried,14.8,1,49.8,1,68.4,1,0.0,0,0.0,0,133.0,5.5,1
AU2027404,2025-01-09,2025-01,Home Loan,Urban,Punjab,Disbursed,1622000.0,Self-Employed,2.3,0,18.0,0,23.4,0,9.9,0,14.9,0,68.5,2.9,0
AU2027405,2024-05-20,2024-05,Vehicle Finance,Urban,Tamil Nadu,Disbursed,161000.0,Salaried,5.1,0,10.9,0,23.2,0,9.4,0,17.6,0,66.2,2.8,0
AU2027406,2025-04-13,2025-04,MSME Loan,Rural,Odisha,Rejected,675000.0,Farmer,17.5,1,40.0,1,67.2,1,20.3,1,0.0,0,145.0,6.0,1
AU2027407,2024-03-23,2024-03,Home Loan,Rural,Karnataka,Disbursed,645000.0,Self-Employed,17.8,1,44.7,1,34.7,0,24.9,1,23.4,0,145.5,6.1,1
AU2027408,2024-09-28,2024-09,Business Loan,Urban,Gujarat,Disbursed,50000.0,Self-Employed,2.8,0,20.3,0,28.9,0,6.7,0,9.0,0,67.7,2.8,0
AU2027409,2024-08-18,2024-08,Business Loan,Semi-Urban,Maharashtra,Disbursed,974000.0,Farmer,9.4,1,26.6,1,27.0,0,15.3,0,11.6,0,89.9,3.7,1
AU2027410,2025-02-23,2025-02,Home Loan,Urban,Uttar Pradesh,Under Review,235000.0,Self-Employed,4.4,0,15.1,0,34.3,0,0.0,0,0.0,0,53.8,2.2,0
AU2027411,2024-10-04,2024-10,Home Loan,Urban,Uttar Pradesh,Disbursed,540000.0,Self-Employed,4.7,0,24.8,1,27.8,0,4.9,0,11.7,0,73.9,3.1,1
AU2027412,2024-08-20,2024-08,Business Loan,Rural,Punjab,Disbursed,377000.0,Farmer,16.2,1,26.7,1,79.0,1,19.2,1,42.2,1,183.3,7.6,1
AU2027413,2025-02-01,2025-02,Personal Loan,Urban,Rajasthan,Disbursed,230000.0,Salaried,4.8,0,21.1,0,28.9,0,7.5,0,16.5,0,78.8,3.3,0
AU2027414,2024-07-13,2024-07,Personal Loan,Urban,Karnataka,Disbursed,516000.0,Farmer,3.9,0,10.3,0,16.3,0,7.0,0,8.5,0,46.0,1.9,0
AU2027415,2025-03-28,2025-03,Personal Loan,Semi-Urban,Maharashtra,Disbursed,231000.0,Salaried,8.7,1,30.6,1,32.7,0,9.2,0,26.5,1,107.7,4.5,1
AU2027416,2024-11-13,2024-11,Home Loan,Urban,Rajasthan,Disbursed,1784000.0,Self-Employed,3.9,0,29.1,1,26.7,0,4.6,0,6.8,0,71.1,3.0,1
AU2027417,2025-02-01,2025-02,Business Loan,Semi-Urban,Punjab,Disbursed,71000.0,MSME Owner,5.2,0,28.9,1,64.4,1,9.5,0,21.7,0,129.7,5.4,1
AU2027418,2024-05-02,2024-05,MSME Loan,Urban,Odisha,Under Review,1352000.0,Salaried,5.0,0,15.7,0,45.6,0,0.0,0,0.0,0,66.3,2.8,0
AU2027419,2025-01-04,2025-01,Business Loan,Urban,Punjab,Disbursed,1769000.0,Farmer,2.5,0,14.2,0,29.7,0,10.9,0,11.7,0,69.0,2.9,0
AU2027420,2024-12-03,2024-12,MSME Loan,Semi-Urban,Gujarat,Under Review,203000.0,Salaried,6.8,0,29.2,1,33.6,0,0.0,0,0.0,0,69.6,2.9,1
AU2027421,2025-02-23,2025-02,Personal Loan,Semi-Urban,Karnataka,Disbursed,170000.0,MSME Owner,7.2,0,27.5,1,26.3,0,11.3,0,24.4,1,96.7,4.0,1
AU2027422,2024-04-07,2024-04,Home Loan,Semi-Urban,Haryana,Disbursed,454000.0,Farmer,5.0,0,41.8,1,46.9,0,11.7,0,10.3,0,115.7,4.8,1
AU2027423,2024-12-15,2024-12,Home Loan,Urban,Karnataka,Under Review,1284000.0,Salaried,4.6,0,19.8,0,16.9,0,0.0,0,0.0,0,41.3,1.7,0
AU2027424,2025-01-27,2025-01,Business Loan,Urban,Tamil Nadu,Rejected,470000.0,Self-Employed,2.9,0,21.6,0,46.7,0,8.1,0,0.0,0,79.3,3.3,0
AU2027425,2024-03-19,2024-03,Vehicle Finance,Rural,Karnataka,Rejected,644000.0,Farmer,13.1,1,46.5,1,65.0,1,16.2,1,0.0,0,140.8,5.9,1
AU2027426,2024-05-24,2024-05,Vehicle Finance,Rural,Odisha,Disbursed,128000.0,Salaried,10.8,1,45.2,1,66.5,1,23.5,1,25.2,1,171.2,7.1,1
AU2027427,2024-07-28,2024-07,MSME Loan,Semi-Urban,Punjab,Disbursed,121000.0,Self-Employed,8.7,1,29.7,1,54.4,1,9.7,0,24.5,1,127.0,5.3,1
AU2027428,2024-02-26,2024-02,Business Loan,Rural,Punjab,Disbursed,106000.0,Salaried,10.4,1,29.7,1,83.6,1,22.8,1,35.6,1,182.1,7.6,1
AU2027429,2024-09-24,2024-09,Vehicle Finance,Rural,Gujarat,Under Review,126000.0,Salaried,13.9,1,26.8,1,29.8,0,0.0,0,0.0,0,70.5,2.9,1
AU2027430,2024-01-23,2024-01,Home Loan,Semi-Urban,Gujarat,Disbursed,138000.0,Farmer,6.5,0,34.6,1,41.1,0,15.6,0,25.1,1,122.9,5.1,1
AU2027431,2024-04-01,2024-04,Vehicle Finance,Rural,Maharashtra,Rejected,106000.0,Self-Employed,11.8,1,57.5,1,56.9,1,23.2,1,0.0,0,149.4,6.2,1
AU2027432,2024-04-13,2024-04,Vehicle Finance,Urban,Rajasthan,Disbursed,184000.0,Self-Employed,5.0,0,10.6,0,13.5,0,10.7,0,13.4,0,53.2,2.2,0
AU2027433,2024-09-05,2024-09,Personal Loan,Rural,Gujarat,Rejected,281000.0,Salaried,11.8,1,29.6,1,64.1,1,21.2,1,0.0,0,126.7,5.3,1
AU2027434,2024-02-20,2024-02,MSME Loan,Urban,Madhya Pradesh,Disbursed,1019000.0,Salaried,2.6,0,10.3,0,55.1,1,9.5,0,13.0,0,90.5,3.8,1
AU2027435,2024-10-19,2024-10,Business Loan,Semi-Urban,Rajasthan,Disbursed,1298000.0,Farmer,8.5,1,26.9,1,55.0,1,14.1,0,14.6,0,119.1,5.0,1
AU2027436,2024-12-02,2024-12,Personal Loan,Semi-Urban,Haryana,Disbursed,303000.0,Farmer,9.5,1,12.3,0,21.2,0,15.0,0,25.3,1,83.3,3.5,1
AU2027437,2024-09-26,2024-09,MSME Loan,Rural,Tamil Nadu,Rejected,115000.0,Salaried,8.7,1,25.7,1,83.2,1,12.7,0,0.0,0,130.3,5.4,1
AU2027438,2024-12-25,2024-12,Home Loan,Urban,Odisha,Under Review,735000.0,Farmer,2.8,0,19.9,0,15.2,0,0.0,0,0.0,0,37.9,1.6,0
AU2027439,2024-05-11,2024-05,MSME Loan,Urban,Odisha,Rejected,283000.0,Farmer,4.7,0,9.1,0,40.1,0,5.4,0,0.0,0,59.3,2.5,0
AU2027440,2024-07-06,2024-07,Business Loan,Urban,Rajasthan,Rejected,1253000.0,Salaried,2.1,0,8.5,0,25.0,0,7.0,0,0.0,0,42.6,1.8,0
AU2027441,2024-11-06,2024-11,MSME Loan,Urban,Madhya Pradesh,Disbursed,116000.0,Salaried,5.6,0,19.2,0,48.4,1,5.0,0,7.6,0,85.8,3.6,1
AU2027442,2024-01-07,2024-01,Personal Loan,Rural,Gujarat,Disbursed,353000.0,Self-Employed,10.0,1,46.9,1,26.1,0,29.9,1,18.8,0,131.7,5.5,1
AU2027443,2024-12-01,2024-12,Personal Loan,Urban,Madhya Pradesh,Under Review,3074000.0,Salaried,3.9,0,8.3,0,13.9,0,0.0,0,0.0,0,26.1,1.1,0
AU2027444,2025-04-20,2025-04,Home Loan,Rural,Tamil Nadu,Under Review,232000.0,Farmer,15.7,1,37.9,1,48.1,1,0.0,0,0.0,0,101.7,4.2,1
AU2027445,2024-08-27,2024-08,MSME Loan,Semi-Urban,Gujarat,Disbursed,80000.0,Salaried,4.3,0,16.7,0,70.6,1,15.8,0,23.3,0,130.7,5.4,1
AU2027446,2024-07-03,2024-07,Vehicle Finance,Urban,Rajasthan,Disbursed,277000.0,Self-Employed,6.0,0,14.1,0,32.5,0,10.9,0,8.8,0,72.3,3.0,0
AU2027447,2025-01-15,2025-01,Personal Loan,Rural,Karnataka,Disbursed,647000.0,Salaried,13.0,1,46.3,1,61.3,1,29.0,1,45.5,1,195.1,8.1,1
AU2027448,2025-02-24,2025-02,MSME Loan,Urban,Haryana,Rejected,132000.0,MSME Owner,3.7,0,22.7,0,17.7,0,10.4,0,0.0,0,54.5,2.3,0
AU2027449,2025-02-10,2025-02,Personal Loan,Semi-Urban,Punjab,Disbursed,144000.0,Self-Employed,9.6,1,27.8,1,26.7,0,10.1,0,17.6,0,91.8,3.8,1
AU2027450,2025-02-25,2025-02,Vehicle Finance,Semi-Urban,Rajasthan,Disbursed,190000.0,Self-Employed,7.7,0,17.0,0,42.8,0,15.4,0,21.6,0,104.5,4.4,0
AU2027451,2024-05-16,2024-05,Vehicle Finance,Rural,Odisha,Rejected,338000.0,Self-Employed,10.4,1,26.6,1,31.9,0,29.9,1,0.0,0,98.8,4.1,1
AU2027452,2024-01-21,2024-01,MSME Loan,Urban,Karnataka,Disbursed,619000.0,Farmer,5.4,0,21.7,0,42.7,0,5.8,0,14.8,0,90.4,3.8,0
AU2027453,2025-03-03,2025-03,MSME Loan,Semi-Urban,Gujarat,Disbursed,324000.0,Self-Employed,8.1,1,17.0,0,61.7,1,15.0,0,21.0,0,122.8,5.1,1
AU2027454,2024-02-09,2024-02,Business Loan,Urban,Uttar Pradesh,Disbursed,50000.0,Salaried,3.4,0,15.8,0,56.0,1,10.1,0,16.2,0,101.5,4.2,1
AU2027455,2025-05-06,2025-05,Vehicle Finance,Semi-Urban,Madhya Pradesh,Disbursed,755000.0,MSME Owner,6.5,0,29.8,1,30.3,0,9.3,0,13.1,0,89.0,3.7,1
AU2027456,2024-02-19,2024-02,MSME Loan,Urban,Karnataka,Disbursed,336000.0,Salaried,2.6,0,12.4,0,40.4,0,10.0,0,9.3,0,74.7,3.1,0
AU2027457,2025-01-06,2025-01,MSME Loan,Urban,Gujarat,Disbursed,497000.0,Farmer,2.5,0,22.2,0,44.9,0,4.6,0,11.8,0,86.0,3.6,0
AU2027458,2024-09-29,2024-09,Vehicle Finance,Rural,Madhya Pradesh,Disbursed,91000.0,Self-Employed,10.1,1,26.8,1,71.9,1,16.9,1,22.2,0,147.9,6.2,1
AU2027459,2024-04-07,2024-04,Home Loan,Rural,Haryana,Disbursed,231000.0,Salaried,8.9,1,33.8,1,55.7,1,22.6,1,37.9,1,158.9,6.6,1
AU2027460,2024-09-26,2024-09,Vehicle Finance,Rural,Madhya Pradesh,Disbursed,260000.0,MSME Owner,12.1,1,39.7,1,64.8,1,13.9,0,34.9,1,165.4,6.9,1
AU2027461,2024-10-18,2024-10,Home Loan,Rural,Madhya Pradesh,Disbursed,676000.0,Self-Employed,10.6,1,84.7,1,41.7,0,26.4,1,18.9,0,182.3,7.6,1
AU2027462,2024-10-12,2024-10,Personal Loan,Urban,Maharashtra,Rejected,210000.0,Salaried,3.0,0,10.8,0,16.9,0,10.2,0,0.0,0,40.9,1.7,0
AU2027463,2024-07-31,2024-07,Business Loan,Rural,Karnataka,Disbursed,244000.0,Farmer,11.0,1,38.4,1,65.5,1,21.8,1,35.5,1,172.2,7.2,1
AU2027464,2025-01-27,2025-01,Personal Loan,Rural,Gujarat,Disbursed,132000.0,Salaried,16.1,1,59.1,1,27.7,0,28.9,1,28.8,1,160.6,6.7,1
AU2027465,2024-07-02,2024-07,MSME Loan,Semi-Urban,Odisha,Under Review,626000.0,MSME Owner,4.2,0,13.6,0,51.8,1,0.0,0,0.0,0,69.6,2.9,1
AU2027466,2024-12-25,2024-12,MSME Loan,Urban,Tamil Nadu,Disbursed,1451000.0,Salaried,3.0,0,21.7,0,49.3,1,10.3,0,15.3,0,99.6,4.1,1
AU2027467,2025-03-28,2025-03,Vehicle Finance,Semi-Urban,Haryana,Disbursed,60000.0,Salaried,6.4,0,15.8,0,29.7,0,11.6,0,20.8,0,84.3,3.5,0
AU2027468,2024-03-26,2024-03,Business Loan,Semi-Urban,Gujarat,Disbursed,910000.0,Farmer,6.2,0,19.3,0,33.8,0,11.2,0,19.0,0,89.5,3.7,0
AU2027469,2024-10-08,2024-10,MSME Loan,Urban,Maharashtra,Disbursed,1015000.0,Salaried,2.4,0,22.8,0,51.8,1,6.5,0,9.0,0,92.5,3.9,1
AU2027470,2024-09-15,2024-09,MSME Loan,Urban,Haryana,Disbursed,274000.0,Salaried,2.9,0,22.8,0,16.7,0,7.2,0,15.5,0,65.1,2.7,0
AU2027471,2024-12-02,2024-12,MSME Loan,Semi-Urban,Punjab,Disbursed,689000.0,Self-Employed,5.6,0,18.1,0,66.2,1,9.9,0,10.1,0,109.9,4.6,1
AU2027472,2024-09-30,2024-09,Business Loan,Semi-Urban,Maharashtra,Rejected,554000.0,Self-Employed,8.0,0,18.5,0,44.5,0,15.4,0,0.0,0,86.4,3.6,0
AU2027473,2024-08-14,2024-08,Business Loan,Semi-Urban,Odisha,Disbursed,934000.0,Self-Employed,8.3,1,23.4,0,71.1,1,12.6,0,19.5,0,134.9,5.6,1
AU2027474,2025-04-07,2025-04,Personal Loan,Urban,Punjab,Under Review,72000.0,Self-Employed,2.3,0,16.5,0,19.3,0,0.0,0,0.0,0,38.1,1.6,0
AU2027475,2024-10-08,2024-10,Home Loan,Semi-Urban,Punjab,Disbursed,111000.0,MSME Owner,8.5,1,22.2,0,27.0,0,12.2,0,13.4,0,83.3,3.5,1
AU2027476,2025-03-08,2025-03,Personal Loan,Urban,Punjab,Under Review,50000.0,Self-Employed,5.0,0,13.7,0,23.2,0,0.0,0,0.0,0,41.9,1.7,0
AU2027477,2024-07-30,2024-07,Business Loan,Semi-Urban,Punjab,Disbursed,512000.0,Self-Employed,7.4,0,22.1,0,25.9,0,15.5,0,25.8,1,96.7,4.0,1
AU2027478,2025-02-26,2025-02,Home Loan,Rural,Haryana,Disbursed,339000.0,Salaried,8.3,1,54.7,1,37.8,0,16.7,1,46.6,1,164.1,6.8,1
AU2027479,2024-11-07,2024-11,Personal Loan,Urban,Punjab,Disbursed,51000.0,MSME Owner,4.9,0,10.1,0,17.3,0,10.0,0,9.3,0,51.6,2.1,0
AU2027480,2024-10-15,2024-10,MSME Loan,Semi-Urban,Madhya Pradesh,Disbursed,169000.0,Salaried,6.0,0,30.4,1,33.8,0,12.6,0,10.6,0,93.4,3.9,1
AU2027481,2024-04-19,2024-04,MSME Loan,Urban,Karnataka,Disbursed,673000.0,Self-Employed,4.8,0,21.0,0,30.3,0,10.5,0,11.6,0,78.2,3.3,0
AU2027482,2025-01-27,2025-01,Personal Loan,Rural,Haryana,Disbursed,540000.0,Self-Employed,8.1,1,55.3,1,37.7,0,21.0,1,24.1,1,146.2,6.1,1
AU2027483,2025-04-19,2025-04,Business Loan,Semi-Urban,Karnataka,Disbursed,316000.0,Self-Employed,8.9,1,20.2,0,54.0,1,17.3,1,22.9,0,123.3,5.1,1
AU2027484,2024-07-03,2024-07,Vehicle Finance,Urban,Uttar Pradesh,Disbursed,50000.0,MSME Owner,2.5,0,23.5,0,30.7,0,6.4,0,6.5,0,69.6,2.9,0
AU2027485,2024-08-17,2024-08,Home Loan,Semi-Urban,Tamil Nadu,Pending Documents,105000.0,Salaried,4.5,0,50.7,1,25.8,0,16.7,1,11.1,0,108.8,4.5,1
AU2027486,2024-01-01,2024-01,Home Loan,Urban,Haryana,Rejected,520000.0,Salaried,3.2,0,11.8,0,33.1,0,8.8,0,0.0,0,56.9,2.4,0
AU2027487,2024-05-25,2024-05,Personal Loan,Semi-Urban,Rajasthan,Disbursed,281000.0,Salaried,8.6,1,13.5,0,37.4,0,17.9,1,26.3,1,103.7,4.3,1
AU2027488,2024-01-09,2024-01,Home Loan,Urban,Odisha,Disbursed,794000.0,Salaried,2.4,0,24.7,1,17.2,0,8.9,0,8.6,0,61.8,2.6,1
AU2027489,2024-03-10,2024-03,Personal Loan,Semi-Urban,Karnataka,Under Review,412000.0,MSME Owner,8.9,1,18.4,0,44.6,0,0.0,0,0.0,0,71.9,3.0,1
AU2027490,2024-01-04,2024-01,Vehicle Finance,Urban,Uttar Pradesh,Disbursed,113000.0,Farmer,3.1,0,13.4,0,17.6,0,4.0,0,14.3,0,52.4,2.2,0
AU2027491,2024-04-23,2024-04,Vehicle Finance,Rural,Uttar Pradesh,Disbursed,308000.0,Farmer,11.3,1,56.9,1,29.1,0,25.4,1,35.4,1,158.1,6.6,1
AU2027492,2025-03-14,2025-03,Business Loan,Urban,Madhya Pradesh,Disbursed,269000.0,Self-Employed,4.9,0,23.9,0,26.7,0,6.6,0,10.1,0,72.2,3.0,0
AU2027493,2024-01-12,2024-01,Home Loan,Rural,Punjab,Pending Documents,161000.0,Farmer,16.8,1,89.5,1,42.0,0,29.1,1,40.8,1,218.2,9.1,1
AU2027494,2025-04-15,2025-04,Personal Loan,Urban,Uttar Pradesh,Disbursed,516000.0,Salaried,5.0,0,10.3,0,31.7,0,10.4,0,17.7,0,75.1,3.1,0
AU2027495,2024-09-18,2024-09,Personal Loan,Rural,Karnataka,Disbursed,1070000.0,Self-Employed,12.7,1,46.6,1,71.7,1,22.8,1,45.8,1,199.6,8.3,1
AU2027496,2024-10-19,2024-10,Business Loan,Urban,Karnataka,Disbursed,224000.0,MSME Owner,3.9,0,8.3,0,38.3,0,9.0,0,17.8,0,77.3,3.2,0
AU2027497,2024-03-20,2024-03,Personal Loan,Semi-Urban,Odisha,Disbursed,1883000.0,Salaried,7.7,0,17.6,0,40.5,0,14.2,0,13.9,0,93.9,3.9,0
AU2027498,2024-01-20,2024-01,Vehicle Finance,Urban,Gujarat,Under Review,383000.0,Farmer,3.0,0,11.1,0,27.0,0,0.0,0,0.0,0,41.1,1.7,0
AU2027499,2024-07-01,2024-07,Business Loan,Urban,Tamil Nadu,Disbursed,292000.0,Self-Employed,2.4,0,11.2,0,25.6,0,7.6,0,6.5,0,53.3,2.2,0
AU2027500,2024-03-11,2024-03,Vehicle Finance,Rural,Maharashtra,Disbursed,867000.0,Salaried,9.3,1,25.6,1,54.9,1,21.9,1,24.9,1,136.6,5.7,1
AU2027501,2024-07-06,2024-07,MSME Loan,Semi-Urban,Uttar Pradesh,Disbursed,424000.0,MSME Owner,5.5,0,28.2,1,31.0,0,16.3,1,14.3,0,95.3,4.0,1
AU2027502,2024-05-07,2024-05,Vehicle Finance,Urban,Odisha,Rejected,456000.0,Salaried,2.5,0,16.9,0,35.5,0,9.3,0,0.0,0,64.2,2.7,0
AU2027503,2024-05-11,2024-05,Personal Loan,Urban,Madhya Pradesh,Disbursed,404000.0,MSME Owner,2.1,0,21.6,0,34.6,0,11.1,0,17.0,0,86.4,3.6,0
AU2027504,2024-02-17,2024-02,Personal Loan,Rural,Uttar Pradesh,Disbursed,208000.0,Self-Employed,8.4,1,25.4,1,69.3,1,26.6,1,33.9,1,163.6,6.8,1
AU2027505,2024-07-23,2024-07,Vehicle Finance,Semi-Urban,Odisha,Disbursed,362000.0,MSME Owner,6.9,0,27.3,1,46.9,0,13.7,0,17.5,0,112.3,4.7,1
AU2027506,2025-04-14,2025-04,MSME Loan,Rural,Odisha,Pending Documents,50000.0,Salaried,8.3,1,50.2,1,52.1,1,22.9,1,45.5,1,179.0,7.5,1
AU2027507,2025-01-10,2025-01,MSME Loan,Urban,Madhya Pradesh,Disbursed,552000.0,MSME Owner,4.1,0,20.9,0,51.0,1,7.5,0,10.3,0,93.8,3.9,1
AU2027508,2025-01-05,2025-01,Vehicle Finance,Semi-Urban,Gujarat,Disbursed,353000.0,Salaried,9.8,1,26.9,1,44.3,0,9.2,0,14.5,0,104.7,4.4,1
AU2027509,2025-02-09,2025-02,Business Loan,Urban,Punjab,Disbursed,324000.0,Farmer,3.7,0,23.4,0,39.9,0,5.1,0,12.6,0,84.7,3.5,0
AU2027510,2024-03-29,2024-03,MSME Loan,Semi-Urban,Tamil Nadu,Disbursed,319000.0,Salaried,5.7,0,34.3,1,71.5,1,14.2,0,14.7,0,140.4,5.9,1
AU2027511,2025-02-26,2025-02,Personal Loan,Urban,Tamil Nadu,Disbursed,2332000.0,Salaried,2.2,0,15.3,0,29.9,0,11.1,0,13.0,0,71.5,3.0,0
AU2027512,2025-02-23,2025-02,Home Loan,Urban,Odisha,Disbursed,746000.0,Self-Employed,4.2,0,34.0,1,27.2,0,9.1,0,15.4,0,89.9,3.7,1
AU2027513,2024-10-31,2024-10,Personal Loan,Semi-Urban,Gujarat,Pending Documents,753000.0,Self-Employed,5.8,0,26.4,1,24.6,0,14.7,0,12.8,0,84.3,3.5,1
AU2027514,2024-01-20,2024-01,Vehicle Finance,Semi-Urban,Uttar Pradesh,Disbursed,59000.0,Salaried,7.0,0,17.9,0,41.5,0,16.5,1,14.8,0,97.7,4.1,1
AU2027515,2024-07-14,2024-07,Personal Loan,Urban,Odisha,Disbursed,133000.0,Salaried,2.1,0,13.7,0,35.1,0,9.5,0,16.3,0,76.7,3.2,0
AU2027516,2025-02-03,2025-02,Personal Loan,Urban,Gujarat,Disbursed,252000.0,Self-Employed,3.6,0,19.7,0,19.4,0,8.3,0,17.9,0,68.9,2.9,0
AU2027517,2025-04-16,2025-04,Business Loan,Semi-Urban,Rajasthan,Disbursed,309000.0,MSME Owner,5.6,0,16.1,0,63.5,1,13.0,0,26.4,1,124.6,5.2,1
AU2027518,2024-06-27,2024-06,Vehicle Finance,Semi-Urban,Punjab,Disbursed,730000.0,Self-Employed,5.6,0,34.7,1,27.6,0,9.8,0,27.8,1,105.5,4.4,1
AU2027519,2024-08-01,2024-08,Home Loan,Semi-Urban,Haryana,Pending Documents,926000.0,Salaried,4.5,0,41.6,1,23.3,0,19.0,1,25.1,1,113.5,4.7,1
AU2027520,2025-03-21,2025-03,Business Loan,Rural,Gujarat,Disbursed,593000.0,Farmer,11.6,1,30.6,1,50.3,1,21.3,1,35.9,1,149.7,6.2,1
AU2027521,2025-01-17,2025-01,Personal Loan,Semi-Urban,Madhya Pradesh,Under Review,293000.0,Self-Employed,5.0,0,34.9,1,26.0,0,0.0,0,0.0,0,65.9,2.7,1
AU2027522,2025-04-20,2025-04,Business Loan,Semi-Urban,Odisha,Disbursed,50000.0,Self-Employed,6.9,0,17.0,0,75.4,1,18.4,1,26.0,1,143.7,6.0,1
AU2027523,2024-11-20,2024-11,Home Loan,Urban,Rajasthan,Disbursed,297000.0,MSME Owner,2.2,0,22.9,0,21.5,0,5.7,0,10.5,0,62.8,2.6,0
AU2027524,2024-01-28,2024-01,MSME Loan,Semi-Urban,Haryana,Disbursed,56000.0,Self-Employed,9.4,1,25.4,1,62.4,1,13.4,0,19.4,0,130.0,5.4,1
AU2027525,2024-09-25,2024-09,Home Loan,Rural,Uttar Pradesh,Rejected,516000.0,Farmer,16.2,1,76.9,1,64.6,1,17.1,1,0.0,0,174.8,7.3,1
AU2027526,2024-06-12,2024-06,Vehicle Finance,Semi-Urban,Rajasthan,Under Review,130000.0,MSME Owner,7.4,0,34.9,1,24.8,0,0.0,0,0.0,0,67.1,2.8,1
AU2027527,2024-10-16,2024-10,Personal Loan,Semi-Urban,Karnataka,Disbursed,71000.0,Self-Employed,6.1,0,15.8,0,43.8,0,12.6,0,27.7,1,106.0,4.4,1
AU2027528,2024-06-16,2024-06,MSME Loan,Urban,Maharashtra,Disbursed,1012000.0,Farmer,4.5,0,8.6,0,35.7,0,11.1,0,14.6,0,74.5,3.1,0
AU2027529,2024-12-23,2024-12,MSME Loan,Semi-Urban,Karnataka,Disbursed,410000.0,Farmer,9.5,1,15.0,0,30.7,0,14.5,0,23.6,0,93.3,3.9,1
AU2027530,2024-03-19,2024-03,Business Loan,Urban,Madhya Pradesh,Disbursed,70000.0,Self-Employed,5.5,0,16.9,0,44.2,0,9.3,0,12.6,0,88.5,3.7,0
AU2027531,2024-12-10,2024-12,Business Loan,Urban,Rajasthan,Disbursed,62000.0,Farmer,5.3,0,17.3,0,53.4,1,11.1,0,17.1,0,104.2,4.3,1
AU2027532,2025-05-12,2025-05,Personal Loan,Semi-Urban,Haryana,Disbursed,99000.0,MSME Owner,6.5,0,32.0,1,41.9,0,10.5,0,13.3,0,104.2,4.3,1
AU2027533,2025-01-20,2025-01,Home Loan,Semi-Urban,Tamil Nadu,Disbursed,720000.0,MSME Owner,9.1,1,24.3,1,34.7,0,17.9,1,25.7,1,111.7,4.7,1
AU2027534,2024-10-21,2024-10,Business Loan,Urban,Odisha,Disbursed,252000.0,Self-Employed,2.1,0,8.8,0,43.4,0,8.7,0,12.9,0,75.9,3.2,0
AU2027535,2024-02-16,2024-02,Personal Loan,Urban,Karnataka,Under Review,559000.0,Salaried,5.5,0,9.9,0,16.1,0,0.0,0,0.0,0,31.5,1.3,0
AU2027536,2024-08-09,2024-08,Business Loan,Semi-Urban,Madhya Pradesh,Disbursed,164000.0,Farmer,5.1,0,28.7,1,74.2,1,9.4,0,17.2,0,134.6,5.6,1
AU2027537,2025-02-06,2025-02,Personal Loan,Urban,Uttar Pradesh,Disbursed,135000.0,Self-Employed,5.0,0,18.8,0,34.2,0,5.2,0,9.8,0,73.0,3.0,0
AU2027538,2024-03-16,2024-03,Business Loan,Urban,Haryana,Disbursed,1080000.0,Farmer,2.5,0,21.2,0,49.8,1,7.1,0,7.3,0,87.9,3.7,1
AU2027539,2024-06-21,2024-06,MSME Loan,Semi-Urban,Maharashtra,Pending Documents,254000.0,Self-Employed,6.4,0,17.9,0,75.2,1,11.0,0,10.4,0,120.9,5.0,1
AU2027540,2024-08-31,2024-08,Vehicle Finance,Urban,Gujarat,Disbursed,58000.0,Self-Employed,2.1,0,17.4,0,14.9,0,5.7,0,14.6,0,54.7,2.3,0
AU2027541,2025-01-16,2025-01,Business Loan,Urban,Odisha,Disbursed,1226000.0,Salaried,3.1,0,17.9,0,46.3,0,9.9,0,11.8,0,89.0,3.7,0
AU2027542,2024-10-07,2024-10,Vehicle Finance,Rural,Rajasthan,Disbursed,434000.0,Self-Employed,15.1,1,33.2,1,39.6,0,28.1,1,30.6,1,146.6,6.1,1
AU2027543,2024-05-14,2024-05,Vehicle Finance,Urban,Haryana,Disbursed,97000.0,Salaried,3.7,0,23.8,0,33.0,0,9.1,0,16.3,0,85.9,3.6,0
AU2027544,2024-07-23,2024-07,Vehicle Finance,Urban,Gujarat,Disbursed,80000.0,Self-Employed,5.3,0,10.1,0,15.1,0,5.8,0,12.6,0,48.9,2.0,0
AU2027545,2024-08-10,2024-08,Business Loan,Semi-Urban,Karnataka,Disbursed,490000.0,Self-Employed,5.7,0,35.5,1,50.1,1,16.9,1,22.6,0,130.8,5.5,1
AU2027546,2025-01-25,2025-01,Vehicle Finance,Urban,Maharashtra,Disbursed,167000.0,Salaried,2.1,0,13.2,0,15.6,0,11.2,0,8.1,0,50.2,2.1,0
AU2027547,2024-09-03,2024-09,Business Loan,Semi-Urban,Maharashtra,Under Review,2280000.0,Self-Employed,5.1,0,18.5,0,46.4,0,0.0,0,0.0,0,70.0,2.9,0
AU2027548,2024-04-11,2024-04,Personal Loan,Rural,Karnataka,Disbursed,398000.0,MSME Owner,11.6,1,29.3,1,70.3,1,12.3,0,38.4,1,161.9,6.7,1
AU2027549,2024-07-21,2024-07,MSME Loan,Urban,Tamil Nadu,Rejected,255000.0,Farmer,4.6,0,14.6,0,51.9,1,8.4,0,0.0,0,79.5,3.3,1
AU2027550,2024-04-10,2024-04,Vehicle Finance,Urban,Odisha,Disbursed,256000.0,Salaried,5.4,0,20.0,0,25.8,0,7.9,0,9.1,0,68.2,2.8,0
AU2027551,2024-11-11,2024-11,Vehicle Finance,Semi-Urban,Karnataka,Rejected,200000.0,Salaried,8.3,1,29.8,1,34.8,0,10.6,0,0.0,0,83.5,3.5,1
AU2027552,2024-05-06,2024-05,Vehicle Finance,Semi-Urban,Karnataka,Disbursed,209000.0,Salaried,5.5,0,17.1,0,40.1,0,17.8,1,15.9,0,96.4,4.0,1
AU2027553,2024-02-06,2024-02,Business Loan,Rural,Madhya Pradesh,Disbursed,181000.0,Salaried,15.1,1,36.4,1,81.1,1,29.9,1,27.0,1,189.5,7.9,1
AU2027554,2025-02-01,2025-02,MSME Loan,Urban,Uttar Pradesh,Disbursed,1367000.0,Salaried,4.5,0,20.2,0,35.4,0,4.8,0,8.9,0,73.8,3.1,0
AU2027555,2024-06-14,2024-06,Home Loan,Rural,Haryana,Disbursed,213000.0,Self-Employed,10.3,1,55.3,1,40.2,0,23.8,1,47.5,1,177.1,7.4,1
AU2027556,2024-02-15,2024-02,MSME Loan,Urban,Odisha,Disbursed,155000.0,MSME Owner,4.0,0,22.9,0,24.7,0,6.9,0,10.0,0,68.5,2.9,0
AU2027557,2024-12-09,2024-12,Personal Loan,Rural,Gujarat,Disbursed,90000.0,Farmer,11.9,1,31.3,1,29.7,0,27.4,1,19.0,0,119.3,5.0,1
AU2027558,2024-08-04,2024-08,MSME Loan,Semi-Urban,Haryana,Disbursed,92000.0,Salaried,9.0,1,22.2,0,51.4,1,10.1,0,11.1,0,103.8,4.3,1
AU2027559,2024-06-27,2024-06,Business Loan,Semi-Urban,Punjab,Rejected,378000.0,Self-Employed,8.7,1,14.8,0,28.3,0,9.9,0,0.0,0,61.7,2.6,1
AU2027560,2024-06-13,2024-06,Home Loan,Urban,Madhya Pradesh,Disbursed,672000.0,MSME Owner,2.8,0,25.2,1,30.2,0,6.0,0,12.3,0,76.5,3.2,1
AU2027561,2024-10-31,2024-10,Business Loan,Urban,Punjab,Pending Documents,433000.0,Farmer,3.8,0,10.2,0,45.8,0,6.0,0,8.0,0,73.8,3.1,0
AU2027562,2025-01-29,2025-01,Business Loan,Semi-Urban,Rajasthan,Disbursed,197000.0,Farmer,9.5,1,29.6,1,48.8,1,11.1,0,23.4,0,122.4,5.1,1
AU2027563,2024-03-27,2024-03,MSME Loan,Urban,Uttar Pradesh,Disbursed,281000.0,Salaried,3.4,0,14.5,0,55.0,1,6.1,0,11.9,0,90.9,3.8,1
AU2027564,2024-11-11,2024-11,MSME Loan,Semi-Urban,Punjab,Under Review,211000.0,Salaried,6.6,0,18.0,0,74.2,1,0.0,0,0.0,0,98.8,4.1,1
AU2027565,2024-11-15,2024-11,Personal Loan,Rural,Tamil Nadu,Disbursed,66000.0,Farmer,12.2,1,31.0,1,40.6,0,25.3,1,37.8,1,146.9,6.1,1
AU2027566,2024-08-13,2024-08,Home Loan,Urban,Maharashtra,Disbursed,362000.0,Salaried,4.6,0,24.2,1,35.7,0,11.1,0,14.1,0,89.7,3.7,1
AU2027567,2025-04-18,2025-04,Business Loan,Urban,Rajasthan,Under Review,153000.0,Self-Employed,5.2,0,15.2,0,20.2,0,0.0,0,0.0,0,40.6,1.7,0
AU2027568,2024-04-12,2024-04,Home Loan,Semi-Urban,Madhya Pradesh,Disbursed,748000.0,MSME Owner,7.1,0,27.2,1,44.6,0,13.1,0,25.4,1,117.4,4.9,1
AU2027569,2024-03-20,2024-03,Home Loan,Rural,Punjab,Pending Documents,374000.0,MSME Owner,8.3,1,43.1,1,25.7,0,15.4,0,19.8,0,112.3,4.7,1
AU2027570,2024-02-27,2024-02,Vehicle Finance,Urban,Gujarat,Disbursed,358000.0,Farmer,2.9,0,16.5,0,19.6,0,8.0,0,12.7,0,59.7,2.5,0
AU2027571,2024-05-04,2024-05,Personal Loan,Urban,Rajasthan,Rejected,427000.0,MSME Owner,4.3,0,12.3,0,21.7,0,4.8,0,0.0,0,43.1,1.8,0
AU2027572,2025-04-19,2025-04,MSME Loan,Urban,Odisha,Disbursed,54000.0,Farmer,5.0,0,12.4,0,16.3,0,10.4,0,11.1,0,55.2,2.3,0
AU2027573,2025-03-20,2025-03,Vehicle Finance,Urban,Maharashtra,Disbursed,436000.0,MSME Owner,3.8,0,11.8,0,15.3,0,8.6,0,14.7,0,54.2,2.3,0
AU2027574,2024-01-08,2024-01,Business Loan,Semi-Urban,Uttar Pradesh,Disbursed,1026000.0,MSME Owner,5.6,0,14.9,0,27.2,0,18.1,1,11.4,0,77.2,3.2,1
AU2027575,2024-12-21,2024-12,Personal Loan,Urban,Punjab,Disbursed,111000.0,MSME Owner,3.0,0,16.7,0,14.2,0,7.7,0,8.1,0,49.7,2.1,0
AU2027576,2024-06-05,2024-06,Personal Loan,Urban,Gujarat,Rejected,149000.0,Salaried,3.1,0,16.1,0,32.9,0,11.7,0,0.0,0,63.8,2.7,0
AU2027577,2024-08-29,2024-08,Business Loan,Semi-Urban,Tamil Nadu,Disbursed,1451000.0,Self-Employed,5.5,0,18.4,0,28.8,0,13.0,0,21.1,0,86.8,3.6,0
AU2027578,2024-06-18,2024-06,Home Loan,Rural,Rajasthan,Pending Documents,264000.0,Self-Employed,16.0,1,46.7,1,27.3,0,17.6,1,47.5,1,155.1,6.5,1
AU2027579,2025-01-13,2025-01,MSME Loan,Urban,Madhya Pradesh,Under Review,102000.0,Salaried,3.3,0,19.6,0,25.1,0,0.0,0,0.0,0,48.0,2.0,0
AU2027580,2024-04-18,2024-04,Vehicle Finance,Rural,Karnataka,Disbursed,59000.0,Farmer,10.6,1,36.7,1,30.9,0,26.0,1,25.1,1,129.3,5.4,1
AU2027581,2024-10-06,2024-10,Personal Loan,Semi-Urban,Madhya Pradesh,Disbursed,85000.0,Salaried,4.8,0,33.5,1,20.0,0,9.2,0,14.4,0,81.9,3.4,1
AU2027582,2025-01-19,2025-01,MSME Loan,Urban,Karnataka,Under Review,201000.0,Salaried,4.7,0,19.2,0,48.0,0,0.0,0,0.0,0,71.9,3.0,0
AU2027583,2024-10-07,2024-10,Home Loan,Urban,Uttar Pradesh,Disbursed,681000.0,Self-Employed,2.6,0,12.0,0,16.7,0,7.4,0,16.7,0,55.4,2.3,0
AU2027584,2024-11-14,2024-11,Vehicle Finance,Semi-Urban,Tamil Nadu,Disbursed,201000.0,Salaried,7.3,0,33.1,1,30.8,0,14.2,0,10.1,0,95.5,4.0,1
AU2027585,2024-12-21,2024-12,Personal Loan,Urban,Maharashtra,Rejected,173000.0,Self-Employed,2.8,0,17.5,0,25.1,0,4.7,0,0.0,0,50.1,2.1,0
AU2027586,2024-07-11,2024-07,Home Loan,Urban,Rajasthan,Rejected,537000.0,Farmer,3.8,0,16.4,0,21.6,0,6.0,0,0.0,0,47.8,2.0,0
AU2027587,2025-04-08,2025-04,Home Loan,Urban,Odisha,Disbursed,119000.0,MSME Owner,4.7,0,11.9,0,27.8,0,11.4,0,6.9,0,62.7,2.6,0
AU2027588,2024-01-23,2024-01,Business Loan,Semi-Urban,Karnataka,Rejected,141000.0,MSME Owner,9.7,1,30.4,1,74.1,1,15.3,0,0.0,0,129.5,5.4,1
AU2027589,2024-03-28,2024-03,Home Loan,Rural,Uttar Pradesh,Disbursed,159000.0,MSME Owner,10.0,1,32.6,1,48.8,1,17.7,1,19.3,0,128.4,5.4,1
AU2027590,2024-05-25,2024-05,MSME Loan,Semi-Urban,Rajasthan,Under Review,118000.0,Self-Employed,7.6,0,23.3,0,44.7,0,0.0,0,0.0,0,75.6,3.1,0
AU2027591,2025-02-08,2025-02,Personal Loan,Rural,Madhya Pradesh,Disbursed,142000.0,Self-Employed,9.0,1,51.9,1,39.0,0,14.0,0,33.9,1,147.8,6.2,1
AU2027592,2024-05-18,2024-05,MSME Loan,Rural,Odisha,Disbursed,268000.0,Salaried,16.0,1,57.5,1,33.4,0,16.2,1,31.2,1,154.3,6.4,1
AU2027593,2024-08-26,2024-08,Vehicle Finance,Rural,Rajasthan,Under Review,79000.0,Self-Employed,10.6,1,52.2,1,33.7,0,0.0,0,0.0,0,96.5,4.0,1
AU2027594,2024-02-04,2024-02,Vehicle Finance,Urban,Rajasthan,Disbursed,1287000.0,MSME Owner,4.4,0,12.0,0,33.3,0,10.5,0,7.9,0,68.1,2.8,0
AU2027595,2024-12-04,2024-12,MSME Loan,Rural,Haryana,Disbursed,819000.0,Salaried,14.1,1,36.3,1,88.4,1,21.8,1,45.9,1,206.5,8.6,1
AU2027596,2024-12-05,2024-12,Vehicle Finance,Urban,Uttar Pradesh,Rejected,83000.0,Self-Employed,2.0,0,23.5,0,24.8,0,10.2,0,0.0,0,60.5,2.5,0
AU2027597,2025-03-18,2025-03,Home Loan,Semi-Urban,Punjab,Disbursed,96000.0,Farmer,7.0,0,40.6,1,18.5,0,11.6,0,26.0,1,103.7,4.3,1
AU2027598,2024-01-10,2024-01,Home Loan,Semi-Urban,Gujarat,Under Review,5000000.0,Self-Employed,7.7,0,27.4,1,29.6,0,0.0,0,0.0,0,64.7,2.7,1
AU2027599,2025-03-20,2025-03,Personal Loan,Urban,Uttar Pradesh,Disbursed,143000.0,Self-Employed,2.4,0,16.8,0,26.0,0,10.0,0,17.7,0,72.9,3.0,0
AU2027600,2024-04-28,2024-04,Vehicle Finance,Urban,Haryana,Disbursed,546000.0,Salaried,3.0,0,20.0,0,25.6,0,8.7,0,8.5,0,65.8,2.7,0
AU2027601,2024-09-17,2024-09,Vehicle Finance,Rural,Haryana,Under Review,996000.0,MSME Owner,13.8,1,48.2,1,47.3,0,0.0,0,0.0,0,109.3,4.6,1
AU2027602,2025-04-07,2025-04,Vehicle Finance,Semi-Urban,Gujarat,Pending Documents,281000.0,Salaried,6.4,0,34.5,1,26.6,0,20.0,1,11.5,0,99.0,4.1,1
AU2027603,2024-09-05,2024-09,Vehicle Finance,Semi-Urban,Punjab,Disbursed,349000.0,Farmer,7.7,0,17.5,0,29.5,0,16.7,1,15.4,0,86.8,3.6,1
AU2027604,2024-09-29,2024-09,MSME Loan,Urban,Odisha,Disbursed,243000.0,Salaried,4.5,0,19.9,0,46.8,0,4.1,0,13.8,0,89.1,3.7,0
AU2027605,2024-04-05,2024-04,Vehicle Finance,Semi-Urban,Gujarat,Disbursed,233000.0,MSME Owner,6.1,0,17.5,0,27.3,0,13.3,0,13.9,0,78.1,3.3,0
AU2027606,2024-09-13,2024-09,Vehicle Finance,Rural,Madhya Pradesh,Disbursed,1251000.0,MSME Owner,11.7,1,45.7,1,59.0,1,16.4,1,29.0,1,161.8,6.7,1
AU2027607,2024-10-14,2024-10,Personal Loan,Rural,Tamil Nadu,Disbursed,204000.0,Salaried,12.8,1,55.1,1,41.1,0,25.8,1,38.3,1,173.1,7.2,1
AU2027608,2024-01-21,2024-01,Vehicle Finance,Rural,Rajasthan,Disbursed,206000.0,Salaried,11.2,1,27.9,1,59.0,1,14.5,0,19.6,0,132.2,5.5,1
AU2027609,2025-04-17,2025-04,Home Loan,Rural,Madhya Pradesh,Rejected,377000.0,MSME Owner,14.0,1,83.4,1,47.8,0,29.8,1,0.0,0,175.0,7.3,1
AU2027610,2024-06-05,2024-06,MSME Loan,Semi-Urban,Karnataka,Disbursed,612000.0,Farmer,5.1,0,16.7,0,25.8,0,9.6,0,14.7,0,71.9,3.0,0
AU2027611,2024-09-07,2024-09,Home Loan,Semi-Urban,Punjab,Rejected,464000.0,Self-Employed,7.3,0,19.3,0,41.3,0,17.1,1,0.0,0,85.0,3.5,1
AU2027612,2025-01-16,2025-01,Business Loan,Urban,Haryana,Under Review,539000.0,Salaried,2.7,0,8.8,0,17.9,0,0.0,0,0.0,0,29.4,1.2,0
AU2027613,2024-01-10,2024-01,Vehicle Finance,Urban,Maharashtra,Disbursed,1302000.0,Self-Employed,4.6,0,18.4,0,18.3,0,10.5,0,17.0,0,68.8,2.9,0
AU2027614,2024-12-16,2024-12,Business Loan,Urban,Punjab,Under Review,477000.0,Salaried,5.4,0,9.1,0,26.7,0,0.0,0,0.0,0,41.2,1.7,0
AU2027615,2024-06-30,2024-06,Personal Loan,Rural,Punjab,Disbursed,204000.0,Salaried,11.2,1,46.9,1,58.1,1,27.9,1,34.2,1,178.3,7.4,1
AU2027616,2024-04-30,2024-04,Business Loan,Urban,Uttar Pradesh,Under Review,457000.0,Farmer,3.2,0,16.5,0,41.9,0,0.0,0,0.0,0,61.6,2.6,0
AU2027617,2024-05-21,2024-05,MSME Loan,Semi-Urban,Karnataka,Disbursed,360000.0,Self-Employed,8.5,1,15.5,0,56.3,1,13.6,0,26.1,1,120.0,5.0,1
AU2027618,2024-11-16,2024-11,Vehicle Finance,Rural,Rajasthan,Disbursed,50000.0,Self-Employed,15.7,1,44.9,1,43.3,0,23.4,1,40.0,1,167.3,7.0,1
AU2027619,2025-03-25,2025-03,Personal Loan,Urban,Uttar Pradesh,Disbursed,843000.0,Salaried,3.7,0,20.9,0,20.4,0,4.1,0,11.8,0,60.9,2.5,0
AU2027620,2025-03-31,2025-03,MSME Loan,Urban,Haryana,Pending Documents,271000.0,MSME Owner,5.5,0,12.0,0,44.0,0,8.9,0,16.3,0,86.7,3.6,0
AU2027621,2025-04-28,2025-04,Business Loan,Urban,Rajasthan,Disbursed,1925000.0,Farmer,2.1,0,11.8,0,29.0,0,10.1,0,9.9,0,62.9,2.6,0
AU2027622,2025-04-30,2025-04,Personal Loan,Semi-Urban,Karnataka,Disbursed,186000.0,Self-Employed,6.1,0,14.6,0,28.8,0,17.6,1,17.4,0,84.5,3.5,1
AU2027623,2024-04-25,2024-04,Vehicle Finance,Urban,Uttar Pradesh,Disbursed,73000.0,Farmer,3.3,0,13.6,0,33.1,0,9.7,0,15.1,0,74.8,3.1,0
AU2027624,2024-06-23,2024-06,Home Loan,Urban,Maharashtra,Pending Documents,221000.0,MSME Owner,3.6,0,27.8,1,16.0,0,8.3,0,7.5,0,63.2,2.6,1
AU2027625,2024-12-02,2024-12,Vehicle Finance,Urban,Haryana,Disbursed,363000.0,MSME Owner,5.5,0,10.6,0,33.4,0,7.1,0,16.1,0,72.7,3.0,0
AU2027626,2024-02-14,2024-02,Vehicle Finance,Rural,Maharashtra,Rejected,50000.0,Farmer,16.0,1,37.7,1,32.0,0,26.0,1,0.0,0,111.7,4.7,1
AU2027627,2024-09-23,2024-09,Business Loan,Rural,Haryana,Disbursed,297000.0,Farmer,15.5,1,36.5,1,58.0,1,23.6,1,35.8,1,169.4,7.1,1
AU2027628,2025-03-22,2025-03,MSME Loan,Rural,Odisha,Disbursed,318000.0,MSME Owner,16.4,1,57.1,1,38.5,0,22.5,1,32.1,1,166.6,6.9,1
AU2027629,2024-08-01,2024-08,Vehicle Finance,Semi-Urban,Madhya Pradesh,Under Review,589000.0,Salaried,6.8,0,16.8,0,25.6,0,0.0,0,0.0,0,49.2,2.1,0
AU2027630,2024-10-20,2024-10,Personal Loan,Semi-Urban,Madhya Pradesh,Disbursed,168000.0,Salaried,9.6,1,12.6,0,35.4,0,15.2,0,24.2,1,97.0,4.0,1
AU2027631,2024-08-06,2024-08,MSME Loan,Urban,Maharashtra,Disbursed,778000.0,MSME Owner,5.9,0,22.3,0,43.3,0,10.9,0,7.0,0,89.4,3.7,0
AU2027632,2025-04-10,2025-04,Business Loan,Urban,Uttar Pradesh,Disbursed,690000.0,Self-Employed,4.7,0,9.7,0,43.3,0,7.6,0,13.8,0,79.1,3.3,0
AU2027633,2024-06-17,2024-06,Business Loan,Semi-Urban,Odisha,Disbursed,369000.0,Self-Employed,4.9,0,21.5,0,44.1,0,16.8,1,22.7,0,110.0,4.6,1
AU2027634,2024-10-04,2024-10,MSME Loan,Semi-Urban,Tamil Nadu,Disbursed,264000.0,Salaried,8.5,1,15.2,0,34.1,0,17.1,1,23.9,0,98.8,4.1,1
AU2027635,2024-04-15,2024-04,Home Loan,Urban,Maharashtra,Under Review,1409000.0,MSME Owner,5.3,0,28.4,1,25.9,0,0.0,0,0.0,0,59.6,2.5,1
AU2027636,2024-10-24,2024-10,Home Loan,Urban,Maharashtra,Rejected,2639000.0,Self-Employed,2.5,0,15.6,0,30.5,0,6.2,0,0.0,0,54.8,2.3,0
AU2027637,2024-12-16,2024-12,MSME Loan,Urban,Karnataka,Rejected,1870000.0,Farmer,4.4,0,20.8,0,56.0,1,10.9,0,0.0,0,92.1,3.8,1
AU2027638,2025-03-17,2025-03,Business Loan,Semi-Urban,Madhya Pradesh,Under Review,316000.0,Self-Employed,6.9,0,19.5,0,25.2,0,0.0,0,0.0,0,51.6,2.1,0
AU2027639,2024-06-07,2024-06,Business Loan,Rural,Maharashtra,Disbursed,317000.0,Farmer,8.0,0,57.8,1,70.3,1,13.8,0,38.2,1,188.1,7.8,1
AU2027640,2025-04-10,2025-04,MSME Loan,Semi-Urban,Karnataka,Rejected,144000.0,Self-Employed,5.7,0,22.7,0,25.3,0,11.6,0,0.0,0,65.3,2.7,0
AU2027641,2024-08-08,2024-08,Vehicle Finance,Semi-Urban,Maharashtra,Disbursed,708000.0,Salaried,9.7,1,21.4,0,24.5,0,14.7,0,23.5,0,93.8,3.9,1
AU2027642,2024-12-01,2024-12,Personal Loan,Urban,Maharashtra,Under Review,50000.0,Farmer,2.4,0,17.8,0,20.2,0,0.0,0,0.0,0,40.4,1.7,0
AU2027643,2025-04-14,2025-04,Vehicle Finance,Urban,Odisha,Disbursed,334000.0,Farmer,5.2,0,13.5,0,15.3,0,7.7,0,10.7,0,52.4,2.2,0
AU2027644,2024-06-11,2024-06,MSME Loan,Rural,Maharashtra,Disbursed,285000.0,Self-Employed,12.5,1,56.5,1,48.1,1,26.5,1,18.5,0,162.1,6.8,1
AU2027645,2024-10-12,2024-10,MSME Loan,Semi-Urban,Gujarat,Disbursed,1333000.0,Salaried,7.4,0,17.9,0,57.2,1,11.4,0,11.6,0,105.5,4.4,1
AU2027646,2025-04-30,2025-04,Vehicle Finance,Semi-Urban,Karnataka,Disbursed,3388000.0,Self-Employed,4.8,0,16.7,0,22.3,0,16.3,1,19.5,0,79.6,3.3,1
AU2027647,2024-04-04,2024-04,Business Loan,Rural,Gujarat,Disbursed,82000.0,Self-Employed,8.7,1,50.8,1,90.0,1,26.4,1,44.5,1,220.4,9.2,1
AU2027648,2025-03-05,2025-03,Home Loan,Rural,Punjab,Disbursed,445000.0,Farmer,13.5,1,52.6,1,65.6,1,17.8,1,22.6,0,172.1,7.2,1
AU2027649,2025-01-07,2025-01,Vehicle Finance,Urban,Maharashtra,Disbursed,224000.0,MSME Owner,3.2,0,22.9,0,34.9,0,10.5,0,17.9,0,89.4,3.7,0
AU2027650,2025-01-26,2025-01,Vehicle Finance,Semi-Urban,Rajasthan,Under Review,50000.0,Self-Employed,7.9,0,30.0,1,38.0,0,0.0,0,0.0,0,75.9,3.2,1
AU2027651,2025-03-26,2025-03,Vehicle Finance,Urban,Punjab,Rejected,216000.0,Salaried,6.0,0,21.3,0,28.1,0,11.7,0,0.0,0,67.1,2.8,0
AU2027652,2025-05-07,2025-05,Personal Loan,Semi-Urban,Haryana,Disbursed,128000.0,MSME Owner,7.0,0,23.4,0,27.1,0,14.5,0,14.5,0,86.5,3.6,0
AU2027653,2024-06-04,2024-06,Business Loan,Rural,Haryana,Disbursed,50000.0,Salaried,11.4,1,47.0,1,99.7,1,29.3,1,40.4,1,227.8,9.5,1
AU2027654,2025-01-16,2025-01,Business Loan,Urban,Tamil Nadu,Disbursed,327000.0,MSME Owner,2.9,0,13.2,0,28.0,0,10.4,0,8.1,0,62.6,2.6,0
AU2027655,2024-03-18,2024-03,Vehicle Finance,Urban,Uttar Pradesh,Disbursed,3471000.0,Salaried,2.7,0,9.8,0,20.3,0,6.7,0,15.9,0,55.4,2.3,0
AU2027656,2024-02-24,2024-02,Personal Loan,Urban,Madhya Pradesh,Disbursed,77000.0,Self-Employed,5.1,0,13.6,0,24.6,0,5.2,0,6.3,0,54.8,2.3,0
AU2027657,2024-04-04,2024-04,MSME Loan,Urban,Maharashtra,Disbursed,837000.0,Farmer,4.9,0,17.4,0,44.7,0,9.7,0,15.2,0,91.9,3.8,0
AU2027658,2025-01-25,2025-01,Personal Loan,Semi-Urban,Rajasthan,Disbursed,229000.0,Self-Employed,5.1,0,19.3,0,37.2,0,15.0,0,25.6,1,102.2,4.3,1
AU2027659,2024-11-11,2024-11,Home Loan,Rural,Odisha,Disbursed,123000.0,MSME Owner,16.6,1,80.6,1,58.5,1,21.0,1,26.2,1,202.9,8.5,1
AU2027660,2024-11-06,2024-11,MSME Loan,Rural,Uttar Pradesh,Under Review,169000.0,Self-Employed,16.4,1,56.1,1,56.4,1,0.0,0,0.0,0,128.9,5.4,1
AU2027661,2024-11-09,2024-11,Business Loan,Semi-Urban,Odisha,Rejected,109000.0,Farmer,6.0,0,24.7,1,58.0,1,11.9,0,0.0,0,100.6,4.2,1
AU2027662,2024-11-01,2024-11,MSME Loan,Urban,Madhya Pradesh,Disbursed,295000.0,MSME Owner,2.3,0,21.9,0,40.3,0,11.9,0,6.3,0,82.7,3.4,0
AU2027663,2024-04-28,2024-04,MSME Loan,Rural,Madhya Pradesh,Disbursed,50000.0,Salaried,16.8,1,42.7,1,65.9,1,28.3,1,20.8,0,174.5,7.3,1
AU2027664,2024-07-02,2024-07,Vehicle Finance,Semi-Urban,Rajasthan,Disbursed,435000.0,MSME Owner,7.5,0,28.4,1,25.7,0,18.0,1,18.1,0,97.7,4.1,1
AU2027665,2024-12-18,2024-12,MSME Loan,Urban,Gujarat,Disbursed,50000.0,Salaried,4.2,0,11.9,0,46.2,0,11.1,0,8.5,0,81.9,3.4,0
AU2027666,2024-03-09,2024-03,Personal Loan,Rural,Tamil Nadu,Disbursed,54000.0,Self-Employed,10.3,1,48.0,1,47.9,0,26.2,1,27.4,1,159.8,6.7,1
AU2027667,2025-03-09,2025-03,Vehicle Finance,Urban,Karnataka,Pending Documents,184000.0,Self-Employed,2.7,0,12.4,0,14.0,0,4.2,0,12.3,0,45.6,1.9,0
AU2027668,2024-08-28,2024-08,Business Loan,Rural,Odisha,Disbursed,132000.0,Salaried,17.7,1,52.9,1,84.7,1,24.5,1,47.7,1,227.5,9.5,1
AU2027669,2024-04-04,2024-04,Vehicle Finance,Urban,Punjab,Disbursed,829000.0,MSME Owner,4.6,0,20.0,0,14.6,0,11.6,0,12.6,0,63.4,2.6,0
AU2027670,2024-09-08,2024-09,Vehicle Finance,Urban,Haryana,Pending Documents,2096000.0,Farmer,5.7,0,11.5,0,34.3,0,9.9,0,6.2,0,67.6,2.8,0
AU2027671,2024-03-11,2024-03,Personal Loan,Semi-Urban,Tamil Nadu,Disbursed,2045000.0,MSME Owner,5.3,0,32.1,1,43.4,0,15.6,0,26.6,1,123.0,5.1,1
AU2027672,2024-04-08,2024-04,MSME Loan,Urban,Maharashtra,Rejected,1464000.0,MSME Owner,4.9,0,16.5,0,42.7,0,9.6,0,0.0,0,73.7,3.1,0
AU2027673,2024-01-17,2024-01,Vehicle Finance,Rural,Madhya Pradesh,Disbursed,308000.0,Self-Employed,8.1,1,48.7,1,33.4,0,20.7,1,24.3,1,135.2,5.6,1
AU2027674,2025-01-26,2025-01,Personal Loan,Semi-Urban,Haryana,Disbursed,59000.0,Farmer,4.0,0,33.4,1,40.1,0,10.1,0,18.5,0,106.1,4.4,1
AU2027675,2025-04-18,2025-04,MSME Loan,Semi-Urban,Rajasthan,Disbursed,182000.0,Self-Employed,6.8,0,31.3,1,71.7,1,9.0,0,15.7,0,134.5,5.6,1
AU2027676,2025-05-01,2025-05,Business Loan,Rural,Uttar Pradesh,Disbursed,217000.0,MSME Owner,10.9,1,56.8,1,70.3,1,26.5,1,25.7,1,190.2,7.9,1
AU2027677,2024-04-23,2024-04,Home Loan,Semi-Urban,Haryana,Disbursed,801000.0,Self-Employed,7.3,0,20.9,0,23.5,0,13.6,0,16.2,0,81.5,3.4,0
AU2027678,2025-01-22,2025-01,Business Loan,Semi-Urban,Madhya Pradesh,Disbursed,396000.0,Salaried,8.0,0,22.0,0,74.4,1,8.8,0,24.9,1,138.1,5.8,1
AU2027679,2024-02-03,2024-02,Vehicle Finance,Urban,Madhya Pradesh,Disbursed,188000.0,Self-Employed,3.3,0,13.8,0,34.0,0,6.9,0,11.0,0,69.0,2.9,0
AU2027680,2025-04-19,2025-04,Home Loan,Rural,Maharashtra,Disbursed,225000.0,Salaried,10.6,1,33.7,1,41.3,0,16.6,1,29.5,1,131.7,5.5,1
AU2027681,2025-03-19,2025-03,Vehicle Finance,Semi-Urban,Tamil Nadu,Disbursed,2128000.0,MSME Owner,9.2,1,33.0,1,43.8,0,9.8,0,14.5,0,110.3,4.6,1
AU2027682,2024-09-07,2024-09,Vehicle Finance,Urban,Odisha,Disbursed,93000.0,Salaried,4.9,0,14.6,0,14.5,0,11.7,0,15.3,0,61.0,2.5,0
AU2027683,2025-03-19,2025-03,Home Loan,Rural,Punjab,Disbursed,50000.0,MSME Owner,10.1,1,72.1,1,24.7,0,14.3,0,30.8,1,152.0,6.3,1
AU2027684,2025-03-30,2025-03,Personal Loan,Semi-Urban,Tamil Nadu,Disbursed,110000.0,Salaried,7.7,0,27.8,1,18.8,0,14.5,0,24.1,1,92.9,3.9,1
AU2027685,2024-08-06,2024-08,Personal Loan,Semi-Urban,Madhya Pradesh,Disbursed,352000.0,Farmer,5.1,0,19.6,0,45.0,0,12.0,0,19.6,0,101.3,4.2,0
AU2027686,2025-02-01,2025-02,Personal Loan,Rural,Haryana,Under Review,145000.0,Salaried,13.4,1,34.3,1,53.9,1,0.0,0,0.0,0,101.6,4.2,1
AU2027687,2024-11-07,2024-11,Business Loan,Semi-Urban,Rajasthan,Rejected,324000.0,Self-Employed,9.0,1,15.2,0,62.4,1,19.3,1,0.0,0,105.9,4.4,1
AU2027688,2025-01-03,2025-01,Business Loan,Urban,Haryana,Disbursed,146000.0,MSME Owner,5.3,0,22.5,0,38.4,0,7.6,0,16.5,0,90.3,3.8,0
AU2027689,2024-07-20,2024-07,Business Loan,Semi-Urban,Punjab,Disbursed,288000.0,Self-Employed,4.5,0,12.5,0,46.8,0,13.8,0,24.8,1,102.4,4.3,1
AU2027690,2025-04-25,2025-04,Business Loan,Urban,Odisha,Disbursed,195000.0,Salaried,3.3,0,8.2,0,25.0,0,10.3,0,8.8,0,55.6,2.3,0
AU2027691,2024-10-31,2024-10,Personal Loan,Rural,Odisha,Disbursed,219000.0,Salaried,8.6,1,46.0,1,49.9,1,13.2,0,24.7,1,142.4,5.9,1
AU2027692,2024-09-25,2024-09,MSME Loan,Semi-Urban,Karnataka,Disbursed,143000.0,Self-Employed,9.5,1,13.2,0,75.5,1,10.5,0,17.4,0,126.1,5.3,1
AU2027693,2024-09-23,2024-09,Personal Loan,Semi-Urban,Rajasthan,Disbursed,175000.0,MSME Owner,7.3,0,21.6,0,40.1,0,8.3,0,19.7,0,97.0,4.0,0
AU2027694,2024-08-19,2024-08,Personal Loan,Semi-Urban,Gujarat,Rejected,214000.0,Salaried,8.7,1,33.1,1,23.2,0,19.0,1,0.0,0,84.0,3.5,1
AU2027695,2025-02-27,2025-02,Vehicle Finance,Rural,Tamil Nadu,Disbursed,750000.0,Self-Employed,11.2,1,29.7,1,59.8,1,12.0,0,35.4,1,148.1,6.2,1
AU2027696,2025-03-25,2025-03,MSME Loan,Urban,Rajasthan,Disbursed,52000.0,MSME Owner,3.5,0,17.3,0,25.3,0,4.3,0,8.1,0,58.5,2.4,0
AU2027697,2024-09-22,2024-09,Personal Loan,Semi-Urban,Madhya Pradesh,Disbursed,473000.0,Salaried,4.5,0,23.7,0,42.0,0,15.5,0,11.9,0,97.6,4.1,0
AU2027698,2024-07-21,2024-07,MSME Loan,Rural,Karnataka,Disbursed,225000.0,Farmer,13.1,1,58.6,1,49.3,1,18.2,1,41.4,1,180.6,7.5,1
AU2027699,2024-10-12,2024-10,Home Loan,Semi-Urban,Rajasthan,Under Review,3803000.0,MSME Owner,7.8,0,32.9,1,32.0,0,0.0,0,0.0,0,72.7,3.0,1
AU2027700,2024-09-21,2024-09,Business Loan,Urban,Haryana,Disbursed,232000.0,Salaried,3.6,0,9.9,0,21.4,0,10.4,0,15.1,0,60.4,2.5,0
AU2027701,2024-04-07,2024-04,Personal Loan,Semi-Urban,Rajasthan,Disbursed,95000.0,MSME Owner,6.8,0,18.5,0,37.9,0,12.5,0,13.9,0,89.6,3.7,0
AU2027702,2024-08-13,2024-08,Business Loan,Rural,Uttar Pradesh,Disbursed,694000.0,Farmer,12.3,1,37.5,1,83.2,1,13.0,0,38.7,1,184.7,7.7,1
AU2027703,2025-03-28,2025-03,Home Loan,Urban,Haryana,Disbursed,151000.0,Salaried,4.5,0,17.0,0,23.1,0,7.1,0,8.1,0,59.8,2.5,0
AU2027704,2025-01-31,2025-01,Vehicle Finance,Semi-Urban,Uttar Pradesh,Disbursed,112000.0,MSME Owner,8.2,1,30.5,1,21.7,0,10.7,0,20.4,0,91.5,3.8,1
AU2027705,2024-08-24,2024-08,MSME Loan,Rural,Uttar Pradesh,Under Review,125000.0,Salaried,16.2,1,56.4,1,37.7,0,0.0,0,0.0,0,110.3,4.6,1
AU2027706,2024-08-04,2024-08,Personal Loan,Semi-Urban,Maharashtra,Under Review,50000.0,MSME Owner,6.5,0,13.0,0,39.6,0,0.0,0,0.0,0,59.1,2.5,0
AU2027707,2024-11-09,2024-11,Personal Loan,Rural,Uttar Pradesh,Disbursed,162000.0,Self-Employed,17.5,1,40.8,1,27.8,0,21.9,1,20.6,0,128.6,5.4,1
AU2027708,2024-12-19,2024-12,Personal Loan,Rural,Rajasthan,Disbursed,300000.0,Salaried,13.2,1,26.5,1,40.7,0,21.4,1,24.9,1,126.7,5.3,1
AU2027709,2025-04-07,2025-04,Home Loan,Urban,Karnataka,Disbursed,2490000.0,MSME Owner,3.7,0,32.7,1,27.2,0,11.7,0,9.4,0,84.7,3.5,1
AU2027710,2024-08-25,2024-08,MSME Loan,Semi-Urban,Maharashtra,Rejected,305000.0,Farmer,7.3,0,26.4,1,47.7,0,9.7,0,0.0,0,91.1,3.8,1
AU2027711,2024-02-16,2024-02,MSME Loan,Rural,Tamil Nadu,Rejected,729000.0,Self-Employed,11.5,1,30.1,1,51.4,1,12.1,0,0.0,0,105.1,4.4,1
AU2027712,2024-02-27,2024-02,MSME Loan,Urban,Karnataka,Disbursed,68000.0,Self-Employed,3.1,0,13.4,0,53.2,1,6.7,0,15.4,0,91.8,3.8,1
AU2027713,2025-02-02,2025-02,Vehicle Finance,Urban,Maharashtra,Under Review,91000.0,Self-Employed,2.0,0,9.1,0,30.1,0,0.0,0,0.0,0,41.2,1.7,0
AU2027714,2025-04-25,2025-04,Personal Loan,Urban,Odisha,Rejected,345000.0,Salaried,5.7,0,18.0,0,31.1,0,4.0,0,0.0,0,58.8,2.4,0
AU2027715,2024-03-10,2024-03,MSME Loan,Urban,Karnataka,Rejected,1059000.0,MSME Owner,2.6,0,20.4,0,20.6,0,9.8,0,0.0,0,53.4,2.2,0
AU2027716,2024-07-30,2024-07,MSME Loan,Rural,Haryana,Disbursed,984000.0,Salaried,9.0,1,45.5,1,33.5,0,28.4,1,32.7,1,149.1,6.2,1
AU2027717,2024-08-18,2024-08,Business Loan,Urban,Punjab,Under Review,726000.0,Farmer,2.5,0,20.4,0,39.7,0,0.0,0,0.0,0,62.6,2.6,0
AU2027718,2024-04-01,2024-04,Personal Loan,Semi-Urban,Rajasthan,Disbursed,379000.0,Salaried,7.4,0,26.1,1,45.1,0,15.5,0,27.7,1,121.8,5.1,1
AU2027719,2024-10-29,2024-10,Personal Loan,Semi-Urban,Tamil Nadu,Disbursed,90000.0,MSME Owner,6.3,0,26.7,1,27.3,0,9.9,0,23.0,0,93.2,3.9,1
AU2027720,2025-03-27,2025-03,MSME Loan,Urban,Madhya Pradesh,Pending Documents,428000.0,Farmer,2.6,0,15.0,0,29.8,0,7.1,0,15.0,0,69.5,2.9,0
AU2027721,2024-02-16,2024-02,Home Loan,Rural,Tamil Nadu,Disbursed,131000.0,Self-Employed,12.5,1,85.2,1,24.5,0,29.8,1,32.4,1,184.4,7.7,1
AU2027722,2024-06-14,2024-06,Vehicle Finance,Urban,Uttar Pradesh,Under Review,2216000.0,Self-Employed,3.5,0,9.2,0,31.4,0,0.0,0,0.0,0,44.1,1.8,0
AU2027723,2025-01-02,2025-01,Vehicle Finance,Urban,Maharashtra,Disbursed,599000.0,Self-Employed,4.8,0,21.2,0,15.8,0,11.6,0,10.9,0,64.3,2.7,0
AU2027724,2024-02-16,2024-02,MSME Loan,Urban,Gujarat,Disbursed,50000.0,Farmer,2.4,0,8.8,0,17.8,0,5.7,0,13.0,0,47.7,2.0,0
AU2027725,2024-12-27,2024-12,Vehicle Finance,Urban,Gujarat,Disbursed,618000.0,Salaried,2.7,0,19.9,0,30.7,0,10.2,0,17.6,0,81.1,3.4,0
AU2027726,2024-11-20,2024-11,MSME Loan,Semi-Urban,Tamil Nadu,Disbursed,334000.0,Salaried,7.4,0,35.8,1,68.3,1,11.4,0,27.2,1,150.1,6.3,1
AU2027727,2024-02-13,2024-02,MSME Loan,Urban,Punjab,Under Review,611000.0,Farmer,2.2,0,18.7,0,28.5,0,0.0,0,0.0,0,49.4,2.1,0
AU2027728,2024-12-28,2024-12,Vehicle Finance,Semi-Urban,Karnataka,Pending Documents,982000.0,MSME Owner,8.4,1,12.9,0,22.0,0,19.2,1,11.5,0,74.0,3.1,1
AU2027729,2025-01-07,2025-01,Personal Loan,Rural,Haryana,Disbursed,120000.0,Self-Employed,9.7,1,55.8,1,71.4,1,12.9,0,34.6,1,184.4,7.7,1
AU2027730,2024-11-09,2024-11,Business Loan,Rural,Karnataka,Disbursed,386000.0,Self-Employed,16.6,1,40.9,1,102.3,1,18.5,1,23.2,0,201.5,8.4,1
AU2027731,2024-07-12,2024-07,Vehicle Finance,Semi-Urban,Maharashtra,Disbursed,1924000.0,MSME Owner,7.4,0,33.3,1,33.4,0,10.7,0,12.3,0,97.1,4.0,1
AU2027732,2024-07-13,2024-07,MSME Loan,Urban,Karnataka,Disbursed,235000.0,Self-Employed,2.1,0,16.2,0,32.1,0,10.2,0,16.0,0,76.6,3.2,0
AU2027733,2025-01-28,2025-01,Home Loan,Semi-Urban,Rajasthan,Disbursed,126000.0,MSME Owner,6.1,0,28.9,1,45.5,0,19.7,1,26.2,1,126.4,5.3,1
AU2027734,2025-04-12,2025-04,MSME Loan,Rural,Maharashtra,Rejected,308000.0,Farmer,10.4,1,41.6,1,38.7,0,29.2,1,0.0,0,119.9,5.0,1
AU2027735,2024-10-16,2024-10,Personal Loan,Urban,Punjab,Pending Documents,252000.0,Self-Employed,3.7,0,16.0,0,14.4,0,4.6,0,13.1,0,51.8,2.2,0
AU2027736,2024-03-24,2024-03,Vehicle Finance,Urban,Maharashtra,Disbursed,172000.0,Salaried,2.4,0,10.9,0,22.0,0,9.9,0,9.3,0,54.5,2.3,0
AU2027737,2024-04-01,2024-04,Business Loan,Rural,Maharashtra,Disbursed,216000.0,MSME Owner,9.6,1,30.4,1,70.4,1,16.2,1,45.1,1,171.7,7.2,1
AU2027738,2024-08-02,2024-08,Personal Loan,Semi-Urban,Rajasthan,Disbursed,305000.0,Self-Employed,8.3,1,31.8,1,27.7,0,13.8,0,14.7,0,96.3,4.0,1
AU2027739,2024-06-07,2024-06,Personal Loan,Urban,Uttar Pradesh,Pending Documents,211000.0,Self-Employed,2.1,0,8.1,0,18.9,0,4.1,0,10.5,0,43.7,1.8,0
AU2027740,2024-05-27,2024-05,Personal Loan,Urban,Tamil Nadu,Rejected,219000.0,MSME Owner,2.1,0,20.4,0,13.5,0,10.7,0,0.0,0,46.7,1.9,0
AU2027741,2024-03-01,2024-03,Home Loan,Rural,Maharashtra,Disbursed,671000.0,Salaried,14.4,1,56.9,1,24.3,0,20.6,1,37.5,1,153.7,6.4,1
AU2027742,2025-05-06,2025-05,Personal Loan,Semi-Urban,Maharashtra,Rejected,207000.0,Farmer,9.3,1,21.9,0,28.5,0,9.5,0,0.0,0,69.2,2.9,1
AU2027743,2024-01-02,2024-01,Business Loan,Rural,Madhya Pradesh,Pending Documents,74000.0,MSME Owner,11.5,1,29.2,1,81.8,1,23.6,1,30.7,1,176.8,7.4,1
AU2027744,2025-01-26,2025-01,Home Loan,Semi-Urban,Odisha,Rejected,1349000.0,Salaried,8.1,1,24.2,1,26.1,0,9.1,0,0.0,0,67.5,2.8,1
AU2027745,2024-01-07,2024-01,MSME Loan,Semi-Urban,Uttar Pradesh,Pending Documents,272000.0,Salaried,5.2,0,25.4,1,42.8,0,15.7,0,17.6,0,106.7,4.4,1
AU2027746,2024-09-11,2024-09,MSME Loan,Semi-Urban,Tamil Nadu,Disbursed,978000.0,MSME Owner,6.4,0,18.6,0,56.3,1,19.3,1,12.4,0,113.0,4.7,1
AU2027747,2024-10-05,2024-10,Home Loan,Semi-Urban,Tamil Nadu,Disbursed,86000.0,Farmer,7.6,0,47.4,1,33.4,0,11.0,0,22.5,0,121.9,5.1,1
AU2027748,2024-11-07,2024-11,MSME Loan,Rural,Rajasthan,Disbursed,328000.0,Self-Employed,9.9,1,32.3,1,95.2,1,25.1,1,43.2,1,205.7,8.6,1
AU2027749,2024-05-01,2024-05,MSME Loan,Urban,Tamil Nadu,Under Review,50000.0,MSME Owner,5.8,0,12.4,0,27.1,0,0.0,0,0.0,0,45.3,1.9,0
AU2027750,2024-10-28,2024-10,MSME Loan,Semi-Urban,Madhya Pradesh,Disbursed,709000.0,MSME Owner,8.1,1,13.1,0,58.6,1,13.7,0,27.3,1,120.8,5.0,1
AU2027751,2024-08-20,2024-08,Vehicle Finance,Semi-Urban,Tamil Nadu,Pending Documents,542000.0,Salaried,5.7,0,27.7,1,27.5,0,12.2,0,26.1,1,99.2,4.1,1
AU2027752,2024-08-14,2024-08,Vehicle Finance,Urban,Haryana,Disbursed,301000.0,Salaried,5.4,0,17.2,0,13.4,0,6.4,0,13.4,0,55.8,2.3,0
AU2027753,2024-11-03,2024-11,Business Loan,Semi-Urban,Gujarat,Under Review,113000.0,Self-Employed,6.0,0,31.7,1,41.3,0,0.0,0,0.0,0,79.0,3.3,1
AU2027754,2024-01-04,2024-01,MSME Loan,Rural,Odisha,Disbursed,80000.0,MSME Owner,9.9,1,25.8,1,100.6,1,17.9,1,21.3,0,175.5,7.3,1
AU2027755,2025-03-27,2025-03,MSME Loan,Rural,Madhya Pradesh,Rejected,321000.0,Farmer,12.9,1,28.6,1,38.0,0,17.7,1,0.0,0,97.2,4.0,1
AU2027756,2024-05-22,2024-05,Vehicle Finance,Urban,Karnataka,Disbursed,162000.0,MSME Owner,3.4,0,13.5,0,35.8,0,9.8,0,12.2,0,74.7,3.1,0
AU2027757,2024-11-17,2024-11,Vehicle Finance,Semi-Urban,Odisha,Disbursed,79000.0,Salaried,7.9,0,20.7,0,19.7,0,11.6,0,12.3,0,72.2,3.0,0
AU2027758,2025-02-23,2025-02,MSME Loan,Urban,Karnataka,Disbursed,416000.0,Self-Employed,3.7,0,15.5,0,47.9,0,5.8,0,10.8,0,83.7,3.5,0
AU2027759,2024-01-26,2024-01,MSME Loan,Urban,Madhya Pradesh,Disbursed,3368000.0,Salaried,2.1,0,12.3,0,17.9,0,5.2,0,10.4,0,47.9,2.0,0
AU2027760,2024-03-16,2024-03,Personal Loan,Rural,Maharashtra,Rejected,349000.0,MSME Owner,15.4,1,30.9,1,64.2,1,29.0,1,0.0,0,139.5,5.8,1
AU2027761,2024-11-30,2024-11,Home Loan,Semi-Urban,Rajasthan,Disbursed,256000.0,Self-Employed,4.6,0,21.8,0,19.8,0,14.7,0,21.3,0,82.2,3.4,0
AU2027762,2024-01-19,2024-01,MSME Loan,Semi-Urban,Punjab,Disbursed,1770000.0,Salaried,6.9,0,19.8,0,26.5,0,17.3,1,19.2,0,89.7,3.7,1
AU2027763,2025-03-13,2025-03,Business Loan,Rural,Maharashtra,Disbursed,227000.0,Salaried,17.4,1,33.2,1,101.1,1,26.7,1,22.9,0,201.3,8.4,1
AU2027764,2024-12-07,2024-12,Vehicle Finance,Urban,Rajasthan,Disbursed,100000.0,Salaried,4.0,0,16.6,0,28.2,0,10.1,0,14.3,0,73.2,3.1,0
AU2027765,2025-03-05,2025-03,MSME Loan,Urban,Odisha,Disbursed,639000.0,Self-Employed,5.8,0,15.0,0,55.3,1,10.2,0,14.6,0,100.9,4.2,1
AU2027766,2024-06-01,2024-06,Vehicle Finance,Semi-Urban,Odisha,Disbursed,493000.0,MSME Owner,8.8,1,22.4,0,20.1,0,16.2,1,16.7,0,84.2,3.5,1
AU2027767,2025-04-16,2025-04,MSME Loan,Rural,Punjab,Disbursed,197000.0,Self-Employed,14.9,1,44.5,1,75.2,1,16.1,1,25.1,1,175.8,7.3,1
AU2027768,2024-01-26,2024-01,Home Loan,Urban,Gujarat,Rejected,601000.0,Farmer,4.7,0,20.7,0,23.4,0,5.6,0,0.0,0,54.4,2.3,0
AU2027769,2024-08-01,2024-08,Vehicle Finance,Rural,Gujarat,Disbursed,282000.0,Self-Employed,13.5,1,56.7,1,30.7,0,16.3,1,45.6,1,162.8,6.8,1
AU2027770,2024-03-23,2024-03,Personal Loan,Semi-Urban,Maharashtra,Disbursed,135000.0,Farmer,5.0,0,17.6,0,33.4,0,12.9,0,20.3,0,89.2,3.7,0
AU2027771,2024-11-08,2024-11,MSME Loan,Rural,Uttar Pradesh,Disbursed,50000.0,Salaried,9.6,1,57.4,1,65.6,1,20.1,1,42.1,1,194.8,8.1,1
AU2027772,2024-10-20,2024-10,Vehicle Finance,Urban,Odisha,Disbursed,1265000.0,Self-Employed,2.5,0,12.9,0,29.6,0,11.0,0,6.6,0,62.6,2.6,0
AU2027773,2024-03-31,2024-03,Personal Loan,Semi-Urban,Karnataka,Disbursed,676000.0,Salaried,7.3,0,35.4,1,36.9,0,13.4,0,24.9,1,117.9,4.9,1
AU2027774,2025-01-18,2025-01,Personal Loan,Semi-Urban,Tamil Nadu,Disbursed,668000.0,Salaried,4.3,0,34.0,1,24.5,0,12.5,0,19.6,0,94.9,4.0,1
AU2027775,2024-07-03,2024-07,MSME Loan,Semi-Urban,Odisha,Disbursed,271000.0,Self-Employed,9.8,1,31.6,1,33.6,0,17.6,1,25.1,1,117.7,4.9,1
AU2027776,2024-02-17,2024-02,Home Loan,Semi-Urban,Rajasthan,Disbursed,1148000.0,Salaried,5.5,0,22.6,0,43.2,0,16.2,1,18.1,0,105.6,4.4,1
AU2027777,2024-06-14,2024-06,MSME Loan,Semi-Urban,Uttar Pradesh,Under Review,639000.0,Salaried,7.1,0,29.0,1,35.6,0,0.0,0,0.0,0,71.7,3.0,1
AU2027778,2025-04-04,2025-04,Home Loan,Semi-Urban,Punjab,Disbursed,53000.0,Farmer,5.9,0,37.1,1,22.5,0,13.2,0,26.3,1,105.0,4.4,1
AU2027779,2025-02-23,2025-02,MSME Loan,Urban,Haryana,Disbursed,177000.0,Salaried,3.3,0,18.3,0,36.3,0,10.1,0,14.4,0,82.4,3.4,0
AU2027780,2025-01-23,2025-01,Business Loan,Rural,Gujarat,Under Review,582000.0,MSME Owner,14.0,1,56.6,1,82.2,1,0.0,0,0.0,0,152.8,6.4,1
AU2027781,2025-03-07,2025-03,MSME Loan,Urban,Haryana,Disbursed,321000.0,Self-Employed,4.2,0,18.4,0,36.7,0,6.1,0,16.3,0,81.7,3.4,0
AU2027782,2024-02-03,2024-02,Home Loan,Rural,Karnataka,Disbursed,1232000.0,Self-Employed,16.1,1,31.1,1,52.6,1,23.0,1,34.0,1,156.8,6.5,1
AU2027783,2024-08-29,2024-08,Vehicle Finance,Urban,Uttar Pradesh,Rejected,711000.0,Salaried,3.8,0,13.3,0,23.4,0,9.0,0,0.0,0,49.5,2.1,0
AU2027784,2024-03-03,2024-03,Vehicle Finance,Urban,Maharashtra,Disbursed,83000.0,Self-Employed,4.3,0,12.7,0,17.0,0,5.1,0,10.2,0,49.3,2.1,0
AU2027785,2024-06-17,2024-06,Personal Loan,Semi-Urban,Uttar Pradesh,Disbursed,1144000.0,Self-Employed,5.6,0,27.1,1,43.5,0,15.6,0,19.8,0,111.6,4.6,1
AU2027786,2024-07-30,2024-07,Home Loan,Urban,Karnataka,Disbursed,344000.0,Salaried,5.7,0,32.2,1,35.3,0,4.3,0,16.2,0,93.7,3.9,1
AU2027787,2024-04-17,2024-04,MSME Loan,Rural,Karnataka,Disbursed,50000.0,MSME Owner,8.5,1,26.7,1,42.7,0,28.5,1,19.8,0,126.2,5.3,1
AU2027788,2024-11-09,2024-11,Personal Loan,Rural,Madhya Pradesh,Disbursed,377000.0,Salaried,8.2,1,43.2,1,71.9,1,27.8,1,27.3,1,178.4,7.4,1
AU2027789,2024-02-25,2024-02,Business Loan,Urban,Rajasthan,Rejected,415000.0,Salaried,2.6,0,20.0,0,34.8,0,4.6,0,0.0,0,62.0,2.6,0
AU2027790,2025-01-08,2025-01,Vehicle Finance,Semi-Urban,Odisha,Rejected,3025000.0,Farmer,7.7,0,27.8,1,36.4,0,14.4,0,0.0,0,86.3,3.6,1
AU2027791,2024-02-14,2024-02,Business Loan,Semi-Urban,Karnataka,Disbursed,293000.0,Self-Employed,8.6,1,12.1,0,59.6,1,13.9,0,16.8,0,111.0,4.6,1
AU2027792,2025-01-05,2025-01,Business Loan,Urban,Tamil Nadu,Disbursed,74000.0,MSME Owner,3.8,0,20.7,0,42.2,0,5.5,0,9.3,0,81.5,3.4,0
AU2027793,2025-04-23,2025-04,Personal Loan,Rural,Odisha,Under Review,50000.0,Salaried,13.7,1,58.6,1,59.9,1,0.0,0,0.0,0,132.2,5.5,1
AU2027794,2024-08-06,2024-08,Business Loan,Semi-Urban,Uttar Pradesh,Rejected,85000.0,Farmer,9.1,1,15.4,0,27.9,0,14.4,0,0.0,0,66.8,2.8,1
AU2027795,2025-03-10,2025-03,Business Loan,Urban,Odisha,Pending Documents,293000.0,MSME Owner,2.5,0,22.0,0,44.0,0,6.6,0,16.5,0,91.6,3.8,0
AU2027796,2024-05-12,2024-05,Vehicle Finance,Rural,Punjab,Disbursed,50000.0,Self-Employed,13.7,1,58.1,1,52.8,1,14.7,0,18.2,0,157.5,6.6,1
AU2027797,2024-10-21,2024-10,MSME Loan,Urban,Karnataka,Disbursed,270000.0,MSME Owner,5.8,0,20.0,0,23.1,0,7.1,0,15.1,0,71.1,3.0,0
AU2027798,2024-06-30,2024-06,MSME Loan,Rural,Odisha,Disbursed,105000.0,Farmer,8.0,0,35.1,1,109.3,1,17.5,1,24.8,1,194.7,8.1,1
AU2027799,2024-11-10,2024-11,Home Loan,Semi-Urban,Maharashtra,Disbursed,56000.0,Farmer,5.2,0,50.6,1,40.7,0,12.4,0,24.5,1,133.4,5.6,1
AU2027800,2024-09-11,2024-09,Personal Loan,Urban,Odisha,Pending Documents,105000.0,Farmer,5.7,0,15.7,0,22.2,0,8.3,0,8.7,0,60.6,2.5,0
AU2027801,2025-01-08,2025-01,Business Loan,Urban,Karnataka,Disbursed,206000.0,Self-Employed,5.7,0,19.8,0,45.6,0,6.5,0,16.7,0,94.3,3.9,0
AU2027802,2024-09-09,2024-09,MSME Loan,Rural,Tamil Nadu,Disbursed,1641000.0,Salaried,17.9,1,34.5,1,50.8,1,20.7,1,27.7,1,151.6,6.3,1
AU2027803,2025-03-28,2025-03,MSME Loan,Semi-Urban,Maharashtra,Disbursed,1004000.0,Self-Employed,4.5,0,30.2,1,64.2,1,13.7,0,27.2,1,139.8,5.8,1
AU2027804,2024-04-29,2024-04,Vehicle Finance,Semi-Urban,Odisha,Pending Documents,115000.0,Salaried,8.4,1,35.2,1,32.1,0,12.1,0,19.3,0,107.1,4.5,1
AU2027805,2024-04-09,2024-04,Home Loan,Urban,Uttar Pradesh,Under Review,2103000.0,Farmer,4.2,0,13.2,0,28.1,0,0.0,0,0.0,0,45.5,1.9,0
AU2027806,2024-03-01,2024-03,Personal Loan,Semi-Urban,Rajasthan,Disbursed,441000.0,Farmer,5.5,0,13.5,0,31.3,0,9.0,0,13.2,0,72.5,3.0,0
AU2027807,2024-08-26,2024-08,Vehicle Finance,Semi-Urban,Rajasthan,Disbursed,464000.0,Self-Employed,7.2,0,18.4,0,44.2,0,9.9,0,14.6,0,94.3,3.9,0
AU2027808,2025-01-12,2025-01,Personal Loan,Urban,Gujarat,Under Review,775000.0,Self-Employed,4.5,0,22.9,0,32.3,0,0.0,0,0.0,0,59.7,2.5,0
AU2027809,2025-02-13,2025-02,Vehicle Finance,Urban,Madhya Pradesh,Rejected,93000.0,Farmer,2.4,0,20.3,0,16.9,0,7.0,0,0.0,0,46.6,1.9,0
AU2027810,2024-07-31,2024-07,Vehicle Finance,Urban,Odisha,Disbursed,315000.0,Salaried,3.8,0,22.8,0,27.8,0,9.8,0,15.4,0,79.6,3.3,0
AU2027811,2024-01-24,2024-01,Personal Loan,Semi-Urban,Haryana,Disbursed,1343000.0,Salaried,5.2,0,30.7,1,22.8,0,11.7,0,15.1,0,85.5,3.6,1
AU2027812,2024-06-28,2024-06,Personal Loan,Semi-Urban,Punjab,Rejected,562000.0,MSME Owner,5.4,0,31.3,1,32.4,0,15.3,0,0.0,0,84.4,3.5,1
AU2027813,2025-02-16,2025-02,Personal Loan,Rural,Karnataka,Disbursed,1526000.0,Salaried,14.0,1,43.7,1,53.2,1,23.1,1,33.0,1,167.0,7.0,1
AU2027814,2024-01-06,2024-01,Vehicle Finance,Rural,Madhya Pradesh,Disbursed,55000.0,Farmer,8.2,1,44.1,1,42.4,0,22.9,1,28.8,1,146.4,6.1,1
AU2027815,2024-12-19,2024-12,Home Loan,Urban,Madhya Pradesh,Disbursed,596000.0,MSME Owner,3.0,0,11.4,0,23.9,0,11.8,0,6.8,0,56.9,2.4,0
AU2027816,2024-05-10,2024-05,Personal Loan,Semi-Urban,Uttar Pradesh,Disbursed,991000.0,Salaried,8.3,1,24.1,1,45.1,0,19.7,1,18.7,0,115.9,4.8,1
AU2027817,2024-06-06,2024-06,Vehicle Finance,Semi-Urban,Gujarat,Disbursed,188000.0,Salaried,9.8,1,22.4,0,18.0,0,18.1,1,20.8,0,89.1,3.7,1
AU2027818,2024-09-16,2024-09,Personal Loan,Urban,Uttar Pradesh,Disbursed,714000.0,Self-Employed,4.6,0,13.4,0,24.4,0,6.4,0,6.7,0,55.5,2.3,0
AU2027819,2024-06-14,2024-06,Personal Loan,Urban,Karnataka,Pending Documents,155000.0,Farmer,5.3,0,11.7,0,22.6,0,7.5,0,10.6,0,57.7,2.4,0
AU2027820,2024-02-28,2024-02,Personal Loan,Semi-Urban,Rajasthan,Disbursed,531000.0,Self-Employed,7.9,0,17.6,0,26.0,0,11.8,0,24.3,1,87.6,3.6,1
AU2027821,2024-06-23,2024-06,Personal Loan,Semi-Urban,Punjab,Disbursed,788000.0,Salaried,5.4,0,27.5,1,33.8,0,16.7,1,14.0,0,97.4,4.1,1
AU2027822,2025-01-05,2025-01,Personal Loan,Semi-Urban,Haryana,Disbursed,110000.0,MSME Owner,7.8,0,16.4,0,35.9,0,16.5,1,17.0,0,93.6,3.9,1
AU2027823,2024-11-11,2024-11,Personal Loan,Semi-Urban,Odisha,Disbursed,83000.0,Salaried,8.0,0,23.7,0,40.6,0,10.3,0,14.6,0,97.2,4.0,0
AU2027824,2025-03-02,2025-03,Vehicle Finance,Semi-Urban,Rajasthan,Disbursed,425000.0,MSME Owner,4.9,0,29.5,1,31.8,0,8.4,0,14.2,0,88.8,3.7,1
AU2027825,2024-04-09,2024-04,Personal Loan,Semi-Urban,Maharashtra,Disbursed,1542000.0,Farmer,9.2,1,31.8,1,33.0,0,17.7,1,14.8,0,106.5,4.4,1
AU2027826,2025-03-02,2025-03,Vehicle Finance,Urban,Punjab,Disbursed,301000.0,Salaried,4.9,0,22.7,0,15.9,0,7.8,0,14.9,0,66.2,2.8,0
AU2027827,2025-04-17,2025-04,Business Loan,Rural,Punjab,Under Review,116000.0,Salaried,8.3,1,59.2,1,111.4,1,0.0,0,0.0,0,178.9,7.5,1
AU2027828,2025-04-14,2025-04,Vehicle Finance,Urban,Tamil Nadu,Pending Documents,509000.0,Salaried,4.8,0,12.6,0,12.9,0,8.1,0,11.9,0,50.3,2.1,0
AU2027829,2025-02-12,2025-02,Home Loan,Rural,Tamil Nadu,Disbursed,948000.0,Self-Employed,12.7,1,50.1,1,59.7,1,21.4,1,45.4,1,189.3,7.9,1
AU2027830,2024-11-26,2024-11,Home Loan,Urban,Rajasthan,Disbursed,53000.0,Self-Employed,2.7,0,35.4,1,15.5,0,9.2,0,6.2,0,69.0,2.9,1
AU2027831,2024-09-03,2024-09,Business Loan,Urban,Maharashtra,Disbursed,69000.0,Self-Employed,4.4,0,17.3,0,41.9,0,10.8,0,16.6,0,91.0,3.8,0
AU2027832,2024-11-17,2024-11,Home Loan,Urban,Maharashtra,Pending Documents,295000.0,Self-Employed,3.0,0,29.7,1,33.1,0,9.3,0,13.5,0,88.6,3.7,1
AU2027833,2025-04-01,2025-04,Personal Loan,Urban,Tamil Nadu,Rejected,328000.0,Salaried,4.6,0,20.3,0,20.0,0,4.6,0,0.0,0,49.5,2.1,0
AU2027834,2025-04-03,2025-04,Personal Loan,Urban,Karnataka,Rejected,370000.0,Self-Employed,3.9,0,21.6,0,25.5,0,8.6,0,0.0,0,59.6,2.5,0
AU2027835,2024-08-24,2024-08,Business Loan,Semi-Urban,Punjab,Disbursed,356000.0,Salaried,10.0,1,20.1,0,38.1,0,12.2,0,20.6,0,101.0,4.2,1
AU2027836,2025-04-20,2025-04,MSME Loan,Rural,Haryana,Under Review,205000.0,Self-Employed,11.8,1,47.5,1,65.9,1,0.0,0,0.0,0,125.2,5.2,1
AU2027837,2025-03-03,2025-03,Business Loan,Urban,Rajasthan,Under Review,50000.0,Self-Employed,5.9,0,21.3,0,35.9,0,0.0,0,0.0,0,63.1,2.6,0
AU2027838,2024-06-02,2024-06,Home Loan,Semi-Urban,Karnataka,Disbursed,50000.0,Farmer,7.8,0,26.4,1,24.5,0,16.6,1,22.7,0,98.0,4.1,1
AU2027839,2025-01-06,2025-01,Vehicle Finance,Semi-Urban,Odisha,Disbursed,405000.0,Self-Employed,9.6,1,23.5,0,18.6,0,12.2,0,12.3,0,76.2,3.2,1
AU2027840,2024-10-11,2024-10,Business Loan,Semi-Urban,Punjab,Disbursed,369000.0,Salaried,5.9,0,23.2,0,37.7,0,8.1,0,10.5,0,85.4,3.6,0
AU2027841,2024-01-10,2024-01,Business Loan,Urban,Karnataka,Disbursed,783000.0,Farmer,3.1,0,16.0,0,23.4,0,4.4,0,14.9,0,61.8,2.6,0
AU2027842,2024-10-22,2024-10,Personal Loan,Urban,Madhya Pradesh,Disbursed,258000.0,Salaried,3.3,0,8.1,0,35.1,0,8.1,0,12.9,0,67.5,2.8,0
AU2027843,2025-02-13,2025-02,Home Loan,Rural,Punjab,Disbursed,199000.0,MSME Owner,12.5,1,52.9,1,63.5,1,27.6,1,22.1,0,178.6,7.4,1
AU2027844,2024-02-03,2024-02,Vehicle Finance,Semi-Urban,Punjab,Disbursed,279000.0,Self-Employed,5.1,0,18.3,0,21.6,0,11.2,0,18.9,0,75.1,3.1,0
AU2027845,2024-05-23,2024-05,MSME Loan,Semi-Urban,Maharashtra,Disbursed,630000.0,Salaried,7.7,0,22.1,0,75.2,1,17.4,1,24.6,1,147.0,6.1,1
AU2027846,2024-06-22,2024-06,Personal Loan,Rural,Rajasthan,Disbursed,63000.0,Self-Employed,9.3,1,40.4,1,25.8,0,12.7,0,37.7,1,125.9,5.2,1
AU2027847,2024-11-16,2024-11,MSME Loan,Rural,Haryana,Disbursed,2885000.0,Salaried,8.5,1,29.7,1,113.0,1,19.2,1,43.3,1,213.7,8.9,1
AU2027848,2025-03-07,2025-03,Home Loan,Semi-Urban,Karnataka,Pending Documents,202000.0,Farmer,7.3,0,24.6,1,24.3,0,17.0,1,10.2,0,83.4,3.5,1
AU2027849,2024-10-19,2024-10,MSME Loan,Urban,Maharashtra,Disbursed,50000.0,Self-Employed,4.3,0,15.6,0,50.9,1,9.3,0,15.4,0,95.5,4.0,1
AU2027850,2024-07-18,2024-07,Personal Loan,Urban,Odisha,Disbursed,429000.0,Self-Employed,5.0,0,11.1,0,20.8,0,11.1,0,17.2,0,65.2,2.7,0
AU2027851,2024-10-31,2024-10,MSME Loan,Rural,Maharashtra,Rejected,100000.0,Farmer,15.1,1,58.3,1,35.0,0,28.6,1,0.0,0,137.0,5.7,1
AU2027852,2025-03-18,2025-03,Personal Loan,Urban,Gujarat,Under Review,405000.0,Salaried,3.7,0,13.3,0,24.4,0,0.0,0,0.0,0,41.4,1.7,0
AU2027853,2024-12-27,2024-12,Personal Loan,Urban,Uttar Pradesh,Disbursed,270000.0,Farmer,3.3,0,13.9,0,22.8,0,10.8,0,6.2,0,57.0,2.4,0
AU2027854,2024-12-29,2024-12,Personal Loan,Semi-Urban,Punjab,Pending Documents,63000.0,Self-Employed,9.8,1,24.7,1,29.2,0,12.6,0,27.4,1,103.7,4.3,1
AU2027855,2024-05-19,2024-05,Home Loan,Semi-Urban,Rajasthan,Disbursed,637000.0,Self-Employed,6.1,0,24.4,1,44.9,0,12.6,0,15.1,0,103.1,4.3,1
AU2027856,2024-02-14,2024-02,MSME Loan,Urban,Haryana,Rejected,535000.0,MSME Owner,4.8,0,13.0,0,36.3,0,11.6,0,0.0,0,65.7,2.7,0
AU2027857,2025-03-25,2025-03,Home Loan,Urban,Tamil Nadu,Disbursed,345000.0,Salaried,2.2,0,35.8,1,32.9,0,8.2,0,14.6,0,93.7,3.9,1
AU2027858,2024-07-09,2024-07,Vehicle Finance,Rural,Madhya Pradesh,Under Review,208000.0,Self-Employed,17.8,1,48.6,1,67.1,1,0.0,0,0.0,0,133.5,5.6,1
AU2027859,2025-02-28,2025-02,MSME Loan,Urban,Tamil Nadu,Disbursed,50000.0,MSME Owner,2.5,0,12.9,0,41.0,0,7.4,0,17.3,0,81.1,3.4,0
AU2027860,2024-04-20,2024-04,MSME Loan,Semi-Urban,Uttar Pradesh,Disbursed,187000.0,Salaried,8.5,1,29.7,1,37.5,0,18.0,1,21.0,0,114.7,4.8,1
AU2027861,2024-06-03,2024-06,Personal Loan,Semi-Urban,Karnataka,Disbursed,1815000.0,Salaried,9.1,1,34.3,1,25.7,0,19.1,1,14.3,0,102.5,4.3,1
AU2027862,2024-02-27,2024-02,Personal Loan,Urban,Maharashtra,Disbursed,563000.0,Salaried,3.5,0,19.7,0,19.2,0,9.5,0,11.2,0,63.1,2.6,0
AU2027863,2025-02-05,2025-02,Personal Loan,Semi-Urban,Punjab,Disbursed,220000.0,Salaried,6.1,0,23.0,0,38.4,0,13.5,0,20.7,0,101.7,4.2,0
AU2027864,2025-02-02,2025-02,Vehicle Finance,Urban,Rajasthan,Pending Documents,299000.0,Salaried,4.0,0,11.0,0,23.6,0,5.5,0,14.4,0,58.5,2.4,0
AU2027865,2025-04-12,2025-04,Personal Loan,Rural,Madhya Pradesh,Disbursed,489000.0,MSME Owner,17.2,1,32.9,1,68.8,1,19.0,1,46.8,1,184.7,7.7,1
AU2027866,2024-08-15,2024-08,MSME Loan,Urban,Gujarat,Under Review,140000.0,Salaried,2.6,0,18.1,0,34.4,0,0.0,0,0.0,0,55.1,2.3,0
AU2027867,2024-01-13,2024-01,MSME Loan,Urban,Karnataka,Disbursed,130000.0,MSME Owner,5.6,0,20.7,0,36.1,0,6.2,0,6.2,0,74.8,3.1,0
AU2027868,2025-04-08,2025-04,Vehicle Finance,Semi-Urban,Tamil Nadu,Disbursed,1583000.0,MSME Owner,5.6,0,26.0,1,22.5,0,9.5,0,24.1,1,87.7,3.7,1
AU2027869,2024-03-19,2024-03,Home Loan,Rural,Karnataka,Disbursed,492000.0,Farmer,9.3,1,82.3,1,40.9,0,13.9,0,26.6,1,173.0,7.2,1
AU2027870,2024-06-23,2024-06,Personal Loan,Semi-Urban,Madhya Pradesh,Pending Documents,833000.0,Farmer,7.8,0,20.7,0,47.7,0,10.2,0,19.4,0,105.8,4.4,0
AU2027871,2025-01-10,2025-01,Home Loan,Urban,Tamil Nadu,Rejected,50000.0,Salaried,2.7,0,17.1,0,35.2,0,11.1,0,0.0,0,66.1,2.8,0
AU2027872,2024-06-07,2024-06,Personal Loan,Urban,Karnataka,Disbursed,506000.0,Salaried,2.3,0,17.5,0,24.9,0,10.8,0,9.9,0,65.4,2.7,0
AU2027873,2024-03-14,2024-03,Personal Loan,Semi-Urban,Punjab,Pending Documents,1338000.0,MSME Owner,4.2,0,33.0,1,32.2,0,12.4,0,16.2,0,98.0,4.1,1
AU2027874,2025-02-24,2025-02,Vehicle Finance,Semi-Urban,Gujarat,Rejected,80000.0,Salaried,9.0,1,27.9,1,31.5,0,10.2,0,0.0,0,78.6,3.3,1
AU2027875,2024-12-12,2024-12,Business Loan,Urban,Karnataka,Disbursed,345000.0,MSME Owner,3.1,0,21.6,0,44.9,0,5.0,0,13.7,0,88.3,3.7,0
AU2027876,2024-04-15,2024-04,Personal Loan,Semi-Urban,Maharashtra,Disbursed,1044000.0,Salaried,4.9,0,19.7,0,31.9,0,18.3,1,13.4,0,88.2,3.7,1
AU2027877,2024-08-23,2024-08,Business Loan,Semi-Urban,Rajasthan,Disbursed,50000.0,Self-Employed,5.5,0,30.5,1,50.8,1,9.0,0,21.3,0,117.1,4.9,1
AU2027878,2024-12-31,2024-12,Vehicle Finance,Urban,Haryana,Disbursed,171000.0,Salaried,4.3,0,19.4,0,32.5,0,9.2,0,14.3,0,79.7,3.3,0
AU2027879,2024-02-29,2024-02,Vehicle Finance,Rural,Karnataka,Disbursed,64000.0,Salaried,9.3,1,41.5,1,28.6,0,16.9,1,32.5,1,128.8,5.4,1
AU2027880,2024-06-08,2024-06,MSME Loan,Rural,Rajasthan,Rejected,802000.0,Farmer,17.1,1,47.0,1,49.5,1,13.6,0,0.0,0,127.2,5.3,1
AU2027881,2024-12-17,2024-12,Personal Loan,Urban,Rajasthan,Disbursed,193000.0,Salaried,5.6,0,12.6,0,12.7,0,11.9,0,9.7,0,52.5,2.2,0
AU2027882,2025-03-22,2025-03,MSME Loan,Semi-Urban,Odisha,Rejected,274000.0,Salaried,9.7,1,13.5,0,39.0,0,18.7,1,0.0,0,80.9,3.4,1
AU2027883,2024-06-19,2024-06,Vehicle Finance,Semi-Urban,Gujarat,Disbursed,50000.0,Salaried,9.6,1,18.5,0,29.4,0,16.2,1,14.3,0,88.0,3.7,1
AU2027884,2025-03-31,2025-03,Home Loan,Semi-Urban,Tamil Nadu,Under Review,102000.0,MSME Owner,6.0,0,31.1,1,41.8,0,0.0,0,0.0,0,78.9,3.3,1
AU2027885,2024-02-22,2024-02,Personal Loan,Rural,Rajasthan,Disbursed,130000.0,Farmer,9.5,1,53.0,1,44.4,0,15.3,0,30.1,1,152.3,6.3,1
AU2027886,2025-01-27,2025-01,Personal Loan,Urban,Karnataka,Disbursed,731000.0,Farmer,2.6,0,19.2,0,14.6,0,6.8,0,14.8,0,58.0,2.4,0
AU2027887,2024-01-12,2024-01,Business Loan,Urban,Uttar Pradesh,Disbursed,419000.0,Salaried,2.5,0,22.0,0,16.5,0,9.5,0,15.2,0,65.7,2.7,0
AU2027888,2025-01-23,2025-01,Vehicle Finance,Semi-Urban,Odisha,Rejected,50000.0,Farmer,9.8,1,27.6,1,23.9,0,13.4,0,0.0,0,74.7,3.1,1
AU2027889,2024-11-23,2024-11,Home Loan,Semi-Urban,Uttar Pradesh,Disbursed,107000.0,MSME Owner,4.1,0,45.3,1,24.3,0,15.9,0,12.1,0,101.7,4.2,1
AU2027890,2024-06-13,2024-06,Personal Loan,Urban,Madhya Pradesh,Under Review,50000.0,MSME Owner,4.5,0,17.9,0,23.7,0,0.0,0,0.0,0,46.1,1.9,0
AU2027891,2024-04-08,2024-04,Personal Loan,Semi-Urban,Madhya Pradesh,Disbursed,1054000.0,Self-Employed,6.1,0,15.4,0,46.8,0,19.2,1,11.5,0,99.0,4.1,1
AU2027892,2024-05-21,2024-05,MSME Loan,Semi-Urban,Uttar Pradesh,Rejected,885000.0,MSME Owner,5.1,0,19.9,0,31.9,0,17.3,1,0.0,0,74.2,3.1,1
AU2027893,2024-06-12,2024-06,Vehicle Finance,Semi-Urban,Karnataka,Rejected,240000.0,Salaried,6.0,0,21.9,0,35.8,0,18.2,1,0.0,0,81.9,3.4,1
AU2027894,2024-12-09,2024-12,Vehicle Finance,Rural,Tamil Nadu,Disbursed,74000.0,Self-Employed,15.7,1,32.5,1,64.8,1,18.0,1,23.7,0,154.7,6.4,1
AU2027895,2024-05-19,2024-05,Vehicle Finance,Rural,Gujarat,Disbursed,281000.0,Salaried,14.5,1,36.9,1,27.4,0,18.0,1,42.6,1,139.4,5.8,1
AU2027896,2024-03-21,2024-03,MSME Loan,Urban,Maharashtra,Disbursed,379000.0,Salaried,2.1,0,20.4,0,19.1,0,6.4,0,17.5,0,65.5,2.7,0
AU2027897,2024-02-28,2024-02,MSME Loan,Urban,Uttar Pradesh,Disbursed,126000.0,Self-Employed,3.8,0,22.8,0,46.9,0,10.1,0,9.2,0,92.8,3.9,0
AU2027898,2025-05-05,2025-05,Business Loan,Semi-Urban,Rajasthan,Disbursed,154000.0,Salaried,5.5,0,22.9,0,51.0,1,11.7,0,26.3,1,117.4,4.9,1
AU2027899,2024-10-13,2024-10,Vehicle Finance,Rural,Odisha,Pending Documents,147000.0,Salaried,12.3,1,39.6,1,41.0,0,12.2,0,42.5,1,147.6,6.2,1
AU2027900,2024-02-22,2024-02,Personal Loan,Rural,Karnataka,Rejected,76000.0,Self-Employed,10.6,1,33.1,1,63.8,1,18.9,1,0.0,0,126.4,5.3,1
AU2027901,2024-10-04,2024-10,MSME Loan,Urban,Madhya Pradesh,Disbursed,359000.0,Self-Employed,3.7,0,21.3,0,54.7,1,7.7,0,11.5,0,98.9,4.1,1
AU2027902,2024-10-08,2024-10,Vehicle Finance,Semi-Urban,Punjab,Rejected,872000.0,Salaried,7.8,0,14.6,0,47.1,0,8.7,0,0.0,0,78.2,3.3,0
AU2027903,2024-05-18,2024-05,Vehicle Finance,Rural,Punjab,Disbursed,441000.0,Self-Employed,11.0,1,35.2,1,61.4,1,12.1,0,40.5,1,160.2,6.7,1
AU2027904,2025-04-27,2025-04,MSME Loan,Rural,Maharashtra,Disbursed,111000.0,Farmer,16.8,1,40.7,1,110.3,1,26.8,1,45.0,1,239.6,10.0,1
AU2027905,2024-10-20,2024-10,Home Loan,Rural,Uttar Pradesh,Under Review,50000.0,Salaried,17.7,1,50.7,1,45.1,0,0.0,0,0.0,0,113.5,4.7,1
AU2027906,2024-03-28,2024-03,MSME Loan,Semi-Urban,Madhya Pradesh,Disbursed,257000.0,MSME Owner,5.8,0,23.1,0,36.2,0,17.3,1,11.1,0,93.5,3.9,1
AU2027907,2024-06-08,2024-06,Home Loan,Urban,Gujarat,Disbursed,155000.0,Farmer,4.0,0,25.6,1,29.6,0,9.2,0,14.8,0,83.2,3.5,1
AU2027908,2025-04-01,2025-04,Home Loan,Semi-Urban,Odisha,Disbursed,398000.0,Farmer,6.1,0,19.4,0,24.7,0,16.0,0,13.1,0,79.3,3.3,0
AU2027909,2024-10-03,2024-10,Home Loan,Rural,Punjab,Pending Documents,209000.0,Salaried,17.6,1,74.7,1,28.0,0,19.5,1,39.0,1,178.8,7.5,1
AU2027910,2024-01-26,2024-01,MSME Loan,Urban,Tamil Nadu,Disbursed,468000.0,Farmer,2.9,0,13.1,0,53.2,1,9.9,0,17.7,0,96.8,4.0,1
AU2027911,2024-01-15,2024-01,MSME Loan,Urban,Maharashtra,Rejected,260000.0,Salaried,5.3,0,17.6,0,55.2,1,11.7,0,0.0,0,89.8,3.7,1
AU2027912,2025-04-07,2025-04,Personal Loan,Semi-Urban,Tamil Nadu,Under Review,57000.0,Salaried,5.3,0,28.2,1,45.8,0,0.0,0,0.0,0,79.3,3.3,1
AU2027913,2024-02-24,2024-02,Business Loan,Urban,Rajasthan,Disbursed,569000.0,Self-Employed,5.7,0,15.5,0,27.4,0,10.7,0,18.0,0,77.3,3.2,0
AU2027914,2024-01-28,2024-01,Vehicle Finance,Urban,Haryana,Disbursed,2206000.0,Farmer,2.7,0,15.0,0,18.0,0,6.0,0,9.6,0,51.3,2.1,0
AU2027915,2024-08-06,2024-08,Vehicle Finance,Urban,Gujarat,Disbursed,227000.0,Salaried,5.9,0,17.3,0,32.8,0,5.6,0,15.7,0,77.3,3.2,0
AU2027916,2024-04-01,2024-04,Business Loan,Urban,Haryana,Rejected,156000.0,Salaried,3.8,0,10.0,0,48.3,1,8.2,0,0.0,0,70.3,2.9,1
AU2027917,2025-04-01,2025-04,Vehicle Finance,Semi-Urban,Odisha,Disbursed,413000.0,Salaried,9.1,1,35.8,1,30.5,0,17.7,1,21.3,0,114.4,4.8,1
AU2027918,2024-11-18,2024-11,MSME Loan,Urban,Odisha,Disbursed,856000.0,Salaried,4.0,0,18.0,0,19.3,0,9.9,0,14.5,0,65.7,2.7,0
AU2027919,2024-11-11,2024-11,MSME Loan,Semi-Urban,Tamil Nadu,Disbursed,50000.0,Self-Employed,4.8,0,27.5,1,27.4,0,12.5,0,11.5,0,83.7,3.5,1
AU2027920,2024-06-08,2024-06,Personal Loan,Rural,Punjab,Pending Documents,50000.0,Farmer,17.2,1,54.8,1,50.1,1,13.3,0,20.7,0,156.1,6.5,1
AU2027921,2025-02-22,2025-02,MSME Loan,Rural,Punjab,Disbursed,386000.0,Salaried,14.4,1,53.1,1,93.0,1,23.1,1,24.9,1,208.5,8.7,1
AU2027922,2024-12-31,2024-12,Business Loan,Semi-Urban,Madhya Pradesh,Under Review,234000.0,MSME Owner,6.3,0,25.5,1,56.4,1,0.0,0,0.0,0,88.2,3.7,1
AU2027923,2024-02-10,2024-02,Business Loan,Semi-Urban,Karnataka,Disbursed,227000.0,MSME Owner,9.1,1,19.2,0,33.2,0,8.8,0,20.3,0,90.6,3.8,1
AU2027924,2024-10-17,2024-10,Personal Loan,Semi-Urban,Tamil Nadu,Rejected,752000.0,Self-Employed,9.4,1,12.9,0,21.4,0,12.9,0,0.0,0,56.6,2.4,1
AU2027925,2024-02-17,2024-02,Personal Loan,Semi-Urban,Maharashtra,Disbursed,367000.0,Farmer,7.2,0,26.1,1,46.4,0,17.2,1,17.9,0,114.8,4.8,1
AU2027926,2024-02-19,2024-02,Vehicle Finance,Semi-Urban,Tamil Nadu,Disbursed,201000.0,MSME Owner,5.5,0,15.1,0,24.6,0,16.1,1,21.1,0,82.4,3.4,1
AU2027927,2024-06-07,2024-06,Home Loan,Urban,Tamil Nadu,Under Review,143000.0,Self-Employed,4.1,0,34.7,1,35.5,0,0.0,0,0.0,0,74.3,3.1,1
AU2027928,2024-08-28,2024-08,Vehicle Finance,Urban,Tamil Nadu,Disbursed,2647000.0,Self-Employed,5.5,0,14.8,0,18.6,0,4.1,0,17.6,0,60.6,2.5,0
AU2027929,2025-04-30,2025-04,MSME Loan,Semi-Urban,Madhya Pradesh,Under Review,969000.0,MSME Owner,9.6,1,21.3,0,53.3,1,0.0,0,0.0,0,84.2,3.5,1
AU2027930,2024-03-14,2024-03,MSME Loan,Rural,Madhya Pradesh,Disbursed,50000.0,Salaried,13.3,1,25.9,1,114.3,1,19.6,1,45.8,1,218.9,9.1,1
AU2027931,2024-05-12,2024-05,Home Loan,Urban,Odisha,Disbursed,227000.0,Farmer,5.1,0,16.5,0,13.6,0,9.6,0,9.6,0,54.4,2.3,0
AU2027932,2024-07-19,2024-07,Personal Loan,Semi-Urban,Punjab,Rejected,576000.0,MSME Owner,9.4,1,16.6,0,26.9,0,9.3,0,0.0,0,62.2,2.6,1
AU2027933,2024-12-24,2024-12,MSME Loan,Rural,Maharashtra,Rejected,260000.0,Self-Employed,15.8,1,43.9,1,33.3,0,21.0,1,0.0,0,114.0,4.8,1
AU2027934,2025-02-07,2025-02,Business Loan,Urban,Punjab,Disbursed,88000.0,MSME Owner,3.7,0,13.7,0,49.1,1,8.0,0,10.5,0,85.0,3.5,1
AU2027935,2024-08-20,2024-08,MSME Loan,Urban,Punjab,Under Review,396000.0,Self-Employed,2.8,0,17.8,0,27.7,0,0.0,0,0.0,0,48.3,2.0,0
AU2027936,2024-01-16,2024-01,Personal Loan,Semi-Urban,Tamil Nadu,Under Review,169000.0,MSME Owner,5.4,0,26.9,1,44.6,0,0.0,0,0.0,0,76.9,3.2,1
AU2027937,2024-08-31,2024-08,MSME Loan,Rural,Gujarat,Rejected,556000.0,MSME Owner,17.9,1,51.7,1,61.8,1,23.1,1,0.0,0,154.5,6.4,1
AU2027938,2024-06-28,2024-06,MSME Loan,Rural,Gujarat,Disbursed,309000.0,Salaried,13.8,1,41.3,1,96.3,1,18.8,1,39.3,1,209.5,8.7,1
AU2027939,2024-08-24,2024-08,Business Loan,Urban,Tamil Nadu,Disbursed,296000.0,Salaried,2.1,0,16.5,0,43.5,0,5.0,0,13.3,0,80.4,3.3,0
AU2027940,2024-05-24,2024-05,Vehicle Finance,Urban,Maharashtra,Disbursed,201000.0,Self-Employed,5.4,0,21.5,0,19.8,0,7.9,0,13.7,0,68.3,2.8,0
AU2027941,2024-11-05,2024-11,Personal Loan,Rural,Punjab,Disbursed,1763000.0,Self-Employed,17.1,1,28.3,1,25.9,0,24.3,1,29.6,1,125.2,5.2,1
AU2027942,2024-03-06,2024-03,Home Loan,Urban,Odisha,Disbursed,632000.0,Salaried,3.8,0,31.3,1,34.0,0,9.8,0,11.2,0,90.1,3.8,1
AU2027943,2024-02-22,2024-02,Vehicle Finance,Semi-Urban,Karnataka,Under Review,104000.0,Farmer,9.6,1,31.5,1,22.4,0,0.0,0,0.0,0,63.5,2.6,1
AU2027944,2025-02-22,2025-02,MSME Loan,Rural,Haryana,Disbursed,95000.0,Farmer,17.0,1,52.7,1,37.7,0,19.2,1,38.9,1,165.5,6.9,1
AU2027945,2024-06-15,2024-06,Personal Loan,Urban,Gujarat,Under Review,4494000.0,Salaried,2.2,0,17.3,0,34.7,0,0.0,0,0.0,0,54.2,2.3,0
AU2027946,2024-11-28,2024-11,Home Loan,Semi-Urban,Karnataka,Pending Documents,50000.0,Self-Employed,8.9,1,50.8,1,28.7,0,13.5,0,26.2,1,128.1,5.3,1
AU2027947,2025-02-09,2025-02,Personal Loan,Rural,Gujarat,Disbursed,97000.0,Self-Employed,12.5,1,39.1,1,60.3,1,28.7,1,32.7,1,173.3,7.2,1
AU2027948,2024-09-29,2024-09,MSME Loan,Semi-Urban,Uttar Pradesh,Disbursed,1842000.0,Salaried,6.4,0,35.8,1,57.5,1,12.0,0,14.5,0,126.2,5.3,1
AU2027949,2024-07-24,2024-07,Personal Loan,Semi-Urban,Tamil Nadu,Disbursed,735000.0,Salaried,6.2,0,26.6,1,22.4,0,8.5,0,10.6,0,74.3,3.1,1
AU2027950,2024-07-30,2024-07,Business Loan,Urban,Odisha,Disbursed,50000.0,MSME Owner,4.0,0,9.5,0,28.1,0,11.8,0,17.7,0,71.1,3.0,0
AU2027951,2024-11-13,2024-11,Business Loan,Urban,Madhya Pradesh,Disbursed,156000.0,Self-Employed,3.6,0,16.5,0,25.5,0,4.9,0,12.8,0,63.3,2.6,0
AU2027952,2024-10-07,2024-10,MSME Loan,Urban,Madhya Pradesh,Rejected,50000.0,Farmer,3.8,0,17.3,0,34.2,0,4.6,0,0.0,0,59.9,2.5,0
AU2027953,2025-05-13,2025-05,Business Loan,Urban,Maharashtra,Disbursed,150000.0,Salaried,2.8,0,20.5,0,17.6,0,9.2,0,17.4,0,67.5,2.8,0
AU2027954,2024-07-15,2024-07,Personal Loan,Semi-Urban,Tamil Nadu,Disbursed,2841000.0,Self-Employed,4.9,0,14.1,0,40.3,0,10.9,0,25.3,1,95.5,4.0,1
AU2027955,2024-06-23,2024-06,Home Loan,Urban,Gujarat,Disbursed,102000.0,Salaried,4.4,0,31.1,1,13.4,0,6.0,0,10.5,0,65.4,2.7,1
AU2027956,2025-02-20,2025-02,Personal Loan,Semi-Urban,Madhya Pradesh,Disbursed,328000.0,Self-Employed,6.1,0,18.4,0,34.2,0,13.3,0,13.5,0,85.5,3.6,0
AU2027957,2024-08-08,2024-08,Personal Loan,Urban,Odisha,Disbursed,50000.0,Self-Employed,2.9,0,14.7,0,19.9,0,8.3,0,14.7,0,60.5,2.5,0
AU2027958,2024-10-17,2024-10,Vehicle Finance,Urban,Haryana,Disbursed,179000.0,Salaried,3.3,0,22.2,0,14.2,0,11.6,0,16.3,0,67.6,2.8,0
AU2027959,2024-10-05,2024-10,MSME Loan,Rural,Punjab,Disbursed,58000.0,Salaried,9.3,1,28.0,1,59.9,1,26.9,1,25.6,1,149.7,6.2,1
AU2027960,2024-03-29,2024-03,Personal Loan,Semi-Urban,Madhya Pradesh,Disbursed,59000.0,MSME Owner,7.1,0,27.5,1,21.9,0,19.1,1,15.8,0,91.4,3.8,1
AU2027961,2025-01-13,2025-01,Home Loan,Rural,Gujarat,Disbursed,95000.0,Self-Employed,9.2,1,54.0,1,64.9,1,14.4,0,45.5,1,188.0,7.8,1
AU2027962,2025-03-04,2025-03,Home Loan,Semi-Urban,Odisha,Disbursed,171000.0,Salaried,6.3,0,50.7,1,29.0,0,14.3,0,12.9,0,113.2,4.7,1
AU2027963,2024-02-28,2024-02,Home Loan,Semi-Urban,Tamil Nadu,Disbursed,153000.0,Farmer,9.3,1,40.7,1,45.7,0,14.8,0,24.9,1,135.4,5.6,1
AU2027964,2024-11-01,2024-11,Business Loan,Urban,Odisha,Pending Documents,153000.0,Salaried,3.3,0,12.6,0,40.6,0,12.0,0,6.6,0,75.1,3.1,0
AU2027965,2024-06-15,2024-06,Home Loan,Urban,Tamil Nadu,Disbursed,126000.0,Self-Employed,5.5,0,14.6,0,20.2,0,5.4,0,16.9,0,62.6,2.6,0
AU2027966,2024-02-19,2024-02,Business Loan,Semi-Urban,Karnataka,Under Review,602000.0,Farmer,6.8,0,26.0,1,36.7,0,0.0,0,0.0,0,69.5,2.9,1
AU2027967,2024-03-31,2024-03,Home Loan,Urban,Tamil Nadu,Disbursed,296000.0,Salaried,4.2,0,16.4,0,15.6,0,5.8,0,9.0,0,51.0,2.1,0
AU2027968,2025-05-04,2025-05,Vehicle Finance,Urban,Uttar Pradesh,Disbursed,1344000.0,Self-Employed,5.9,0,9.6,0,31.7,0,8.0,0,12.3,0,67.5,2.8,0
AU2027969,2024-02-05,2024-02,Vehicle Finance,Urban,Haryana,Disbursed,328000.0,Self-Employed,2.2,0,17.4,0,29.4,0,6.9,0,8.6,0,64.5,2.7,0
AU2027970,2024-02-25,2024-02,Personal Loan,Urban,Odisha,Disbursed,100000.0,Farmer,6.0,0,11.0,0,17.1,0,7.9,0,7.8,0,49.8,2.1,0
AU2027971,2025-01-29,2025-01,Vehicle Finance,Urban,Odisha,Disbursed,81000.0,MSME Owner,5.3,0,23.8,0,17.4,0,11.1,0,12.5,0,70.1,2.9,0
AU2027972,2024-06-16,2024-06,Vehicle Finance,Rural,Haryana,Pending Documents,103000.0,Self-Employed,14.2,1,53.8,1,55.6,1,18.6,1,30.5,1,172.7,7.2,1
AU2027973,2024-11-26,2024-11,Personal Loan,Rural,Tamil Nadu,Disbursed,1111000.0,Self-Employed,16.7,1,39.2,1,62.4,1,26.5,1,19.8,0,164.6,6.9,1
AU2027974,2024-02-16,2024-02,Business Loan,Semi-Urban,Rajasthan,Disbursed,3210000.0,Salaried,6.5,0,12.7,0,32.6,0,14.1,0,20.3,0,86.2,3.6,0
AU2027975,2025-02-22,2025-02,Personal Loan,Rural,Madhya Pradesh,Disbursed,879000.0,Farmer,11.9,1,29.4,1,60.4,1,22.2,1,29.6,1,153.5,6.4,1
AU2027976,2025-03-30,2025-03,Business Loan,Urban,Maharashtra,Disbursed,269000.0,Farmer,5.2,0,8.5,0,52.1,1,7.6,0,8.3,0,81.7,3.4,1
AU2027977,2025-04-07,2025-04,Home Loan,Urban,Odisha,Disbursed,156000.0,Salaried,3.9,0,12.4,0,30.9,0,7.8,0,11.4,0,66.4,2.8,0
AU2027978,2025-01-22,2025-01,Personal Loan,Rural,Rajasthan,Disbursed,1457000.0,Salaried,11.7,1,44.7,1,46.1,0,15.3,0,27.0,1,144.8,6.0,1
AU2027979,2024-12-04,2024-12,Business Loan,Rural,Maharashtra,Disbursed,182000.0,Salaried,16.2,1,39.2,1,69.4,1,21.9,1,35.9,1,182.6,7.6,1
AU2027980,2024-08-19,2024-08,Vehicle Finance,Urban,Maharashtra,Under Review,136000.0,Salaried,5.1,0,17.3,0,30.1,0,0.0,0,0.0,0,52.5,2.2,0
AU2027981,2024-05-29,2024-05,Business Loan,Semi-Urban,Karnataka,Disbursed,99000.0,Salaried,9.2,1,29.9,1,42.6,0,17.2,1,21.3,0,120.2,5.0,1
AU2027982,2024-11-11,2024-11,Personal Loan,Urban,Haryana,Disbursed,123000.0,Farmer,3.9,0,21.6,0,17.1,0,5.4,0,16.7,0,64.7,2.7,0
AU2027983,2024-08-16,2024-08,Vehicle Finance,Rural,Odisha,Disbursed,111000.0,Farmer,12.2,1,29.6,1,56.8,1,26.3,1,19.4,0,144.3,6.0,1
AU2027984,2024-04-15,2024-04,MSME Loan,Semi-Urban,Madhya Pradesh,Disbursed,187000.0,Salaried,7.0,0,30.8,1,58.7,1,13.2,0,12.1,0,121.8,5.1,1
AU2027985,2024-06-02,2024-06,MSME Loan,Urban,Punjab,Disbursed,82000.0,Self-Employed,5.1,0,23.7,0,55.7,1,11.3,0,11.2,0,107.0,4.5,1
AU2027986,2025-02-10,2025-02,Personal Loan,Semi-Urban,Odisha,Disbursed,239000.0,Self-Employed,6.2,0,31.9,1,38.2,0,19.2,1,18.0,0,113.5,4.7,1
AU2027987,2025-04-15,2025-04,Business Loan,Urban,Uttar Pradesh,Rejected,62000.0,MSME Owner,2.7,0,22.1,0,37.6,0,5.2,0,0.0,0,67.6,2.8,0
AU2027988,2025-01-02,2025-01,Vehicle Finance,Urban,Haryana,Disbursed,366000.0,Salaried,5.7,0,11.8,0,18.1,0,6.8,0,16.7,0,59.1,2.5,0
AU2027989,2024-02-15,2024-02,Vehicle Finance,Semi-Urban,Punjab,Pending Documents,1320000.0,MSME Owner,5.0,0,30.9,1,40.5,0,10.8,0,15.9,0,103.1,4.3,1
AU2027990,2024-01-05,2024-01,Home Loan,Urban,Odisha,Disbursed,565000.0,Salaried,3.8,0,25.8,1,28.2,0,12.0,0,14.2,0,84.0,3.5,1
AU2027991,2024-09-18,2024-09,Vehicle Finance,Rural,Odisha,Disbursed,399000.0,Salaried,13.6,1,36.9,1,28.6,0,17.5,1,38.2,1,134.8,5.6,1
AU2027992,2025-03-09,2025-03,MSME Loan,Urban,Haryana,Disbursed,819000.0,Self-Employed,5.7,0,8.6,0,35.3,0,5.5,0,12.4,0,67.5,2.8,0
AU2027993,2025-03-12,2025-03,MSME Loan,Rural,Maharashtra,Disbursed,69000.0,MSME Owner,10.8,1,24.2,1,103.1,1,14.1,0,18.5,0,170.7,7.1,1
AU2027994,2024-02-01,2024-02,Business Loan,Urban,Uttar Pradesh,Disbursed,178000.0,Self-Employed,3.1,0,16.2,0,47.4,0,11.2,0,17.6,0,95.5,4.0,0
AU2027995,2025-04-06,2025-04,Business Loan,Rural,Punjab,Disbursed,1054000.0,Salaried,15.7,1,30.4,1,37.3,0,28.6,1,41.8,1,153.8,6.4,1
AU2027996,2025-05-10,2025-05,Personal Loan,Rural,Karnataka,Under Review,299000.0,MSME Owner,15.6,1,48.8,1,55.0,1,0.0,0,0.0,0,119.4,5.0,1
AU2027997,2024-01-01,2024-01,MSME Loan,Urban,Rajasthan,Disbursed,721000.0,MSME Owner,2.9,0,16.5,0,19.9,0,9.0,0,17.3,0,65.6,2.7,0
AU2027998,2025-02-24,2025-02,Home Loan,Urban,Karnataka,Pending Documents,140000.0,Self-Employed,6.0,0,11.8,0,28.7,0,6.9,0,6.9,0,60.3,2.5,0
AU2027999,2024-02-26,2024-02,MSME Loan,Semi-Urban,Punjab,Rejected,50000.0,Salaried,8.6,1,31.9,1,47.0,0,14.9,0,0.0,0,102.4,4.3,1
AU2028000,2025-03-19,2025-03,MSME Loan,Semi-Urban,Uttar Pradesh,Rejected,350000.0,Farmer,9.0,1,14.5,0,75.7,1,15.3,0,0.0,0,114.5,4.8,1
AU2028001,2024-04-30,2024-04,Home Loan,Rural,Rajasthan,Disbursed,282000.0,Farmer,17.2,1,31.8,1,67.2,1,29.0,1,19.1,0,164.3,6.8,1
AU2028002,2024-12-25,2024-12,Business Loan,Urban,Haryana,Disbursed,125000.0,Farmer,6.0,0,13.1,0,36.9,0,8.5,0,13.0,0,77.5,3.2,0
AU2028003,2024-07-20,2024-07,Business Loan,Urban,Odisha,Disbursed,1088000.0,Salaried,5.6,0,12.5,0,19.1,0,9.0,0,6.9,0,53.1,2.2,0
AU2028004,2024-12-30,2024-12,Personal Loan,Semi-Urban,Punjab,Disbursed,254000.0,Self-Employed,7.3,0,29.7,1,26.5,0,13.2,0,24.3,1,101.0,4.2,1
AU2028005,2024-07-26,2024-07,MSME Loan,Rural,Haryana,Disbursed,143000.0,Self-Employed,13.3,1,55.3,1,101.9,1,17.6,1,22.9,0,211.0,8.8,1
AU2028006,2024-08-10,2024-08,Business Loan,Urban,Haryana,Pending Documents,114000.0,Farmer,2.3,0,12.2,0,34.0,0,8.8,0,9.9,0,67.2,2.8,0
AU2028007,2024-04-18,2024-04,Vehicle Finance,Urban,Karnataka,Disbursed,143000.0,Self-Employed,5.4,0,14.7,0,22.7,0,8.7,0,7.5,0,59.0,2.5,0
AU2028008,2024-08-31,2024-08,Personal Loan,Rural,Maharashtra,Disbursed,134000.0,MSME Owner,17.9,1,37.5,1,48.3,1,20.0,1,44.8,1,168.5,7.0,1
AU2028009,2024-04-06,2024-04,Personal Loan,Semi-Urban,Maharashtra,Rejected,369000.0,Self-Employed,5.3,0,17.8,0,42.0,0,8.8,0,0.0,0,73.9,3.1,0
AU2028010,2024-07-15,2024-07,Business Loan,Urban,Karnataka,Disbursed,352000.0,MSME Owner,4.4,0,19.2,0,33.7,0,11.4,0,12.0,0,80.7,3.4,0
AU2028011,2025-03-06,2025-03,Vehicle Finance,Semi-Urban,Punjab,Disbursed,667000.0,Salaried,4.4,0,29.2,1,26.7,0,12.7,0,26.6,1,99.6,4.1,1
AU2028012,2024-03-19,2024-03,Vehicle Finance,Urban,Haryana,Rejected,395000.0,Self-Employed,3.0,0,9.9,0,17.1,0,4.8,0,0.0,0,34.8,1.4,0
AU2028013,2025-03-22,2025-03,MSME Loan,Semi-Urban,Uttar Pradesh,Under Review,50000.0,Self-Employed,8.0,0,15.8,0,39.0,0,0.0,0,0.0,0,62.8,2.6,0
AU2028014,2024-03-09,2024-03,Personal Loan,Semi-Urban,Maharashtra,Disbursed,2902000.0,MSME Owner,4.8,0,16.0,0,32.1,0,20.0,1,16.4,0,89.3,3.7,1
AU2028015,2024-02-06,2024-02,Business Loan,Semi-Urban,Rajasthan,Disbursed,121000.0,MSME Owner,5.5,0,28.9,1,49.2,1,15.3,0,11.0,0,109.9,4.6,1
AU2028016,2024-03-14,2024-03,MSME Loan,Urban,Rajasthan,Rejected,331000.0,Salaried,5.9,0,12.5,0,54.9,1,5.2,0,0.0,0,78.5,3.3,1
AU2028017,2024-12-02,2024-12,Personal Loan,Urban,Tamil Nadu,Disbursed,1270000.0,Salaried,5.9,0,20.2,0,12.1,0,5.8,0,14.0,0,58.0,2.4,0
AU2028018,2025-05-14,2025-05,Business Loan,Rural,Haryana,Disbursed,875000.0,Self-Employed,10.3,1,37.4,1,37.2,0,22.6,1,31.8,1,139.3,5.8,1
AU2028019,2024-02-13,2024-02,Home Loan,Urban,Maharashtra,Disbursed,1743000.0,Salaried,4.5,0,32.0,1,30.4,0,11.6,0,17.7,0,96.2,4.0,1
AU2028020,2024-11-24,2024-11,Home Loan,Urban,Maharashtra,Disbursed,321000.0,Self-Employed,2.8,0,34.6,1,21.3,0,9.5,0,15.5,0,83.7,3.5,1
AU2028021,2025-03-16,2025-03,MSME Loan,Rural,Haryana,Under Review,263000.0,MSME Owner,12.0,1,48.0,1,101.6,1,0.0,0,0.0,0,161.6,6.7,1
AU2028022,2025-04-02,2025-04,Business Loan,Semi-Urban,Tamil Nadu,Disbursed,159000.0,Salaried,5.2,0,25.8,1,39.6,0,12.4,0,26.8,1,109.8,4.6,1
AU2028023,2025-04-21,2025-04,MSME Loan,Rural,Odisha,Disbursed,403000.0,Farmer,15.8,1,58.3,1,38.3,0,12.5,0,23.3,0,148.2,6.2,1
AU2028024,2024-11-15,2024-11,MSME Loan,Semi-Urban,Haryana,Disbursed,1108000.0,Farmer,8.4,1,30.2,1,41.3,0,13.6,0,25.9,1,119.4,5.0,1
AU2028025,2024-08-20,2024-08,Home Loan,Semi-Urban,Maharashtra,Disbursed,283000.0,Salaried,4.8,0,37.7,1,34.1,0,19.3,1,22.5,0,118.4,4.9,1
AU2028026,2024-08-05,2024-08,Business Loan,Urban,Karnataka,Under Review,2622000.0,Self-Employed,2.4,0,8.9,0,31.5,0,0.0,0,0.0,0,42.8,1.8,0
AU2028027,2025-02-23,2025-02,Vehicle Finance,Rural,Karnataka,Under Review,147000.0,Self-Employed,13.0,1,48.3,1,29.5,0,0.0,0,0.0,0,90.8,3.8,1
AU2028028,2024-07-15,2024-07,MSME Loan,Rural,Tamil Nadu,Disbursed,323000.0,Self-Employed,15.9,1,25.7,1,71.2,1,28.6,1,47.7,1,189.1,7.9,1
AU2028029,2024-04-25,2024-04,Personal Loan,Rural,Punjab,Disbursed,98000.0,MSME Owner,10.8,1,58.5,1,57.4,1,19.2,1,26.4,1,172.3,7.2,1
AU2028030,2024-08-05,2024-08,Personal Loan,Semi-Urban,Maharashtra,Under Review,555000.0,MSME Owner,9.9,1,30.2,1,24.3,0,0.0,0,0.0,0,64.4,2.7,1
AU2028031,2024-01-04,2024-01,MSME Loan,Urban,Odisha,Disbursed,467000.0,Salaried,4.6,0,9.7,0,55.1,1,6.4,0,9.5,0,85.3,3.6,1
AU2028032,2024-09-12,2024-09,Personal Loan,Urban,Odisha,Disbursed,58000.0,Salaried,3.2,0,20.5,0,22.5,0,6.3,0,9.7,0,62.2,2.6,0
AU2028033,2024-12-30,2024-12,Vehicle Finance,Urban,Madhya Pradesh,Disbursed,111000.0,Farmer,2.2,0,10.7,0,16.3,0,7.6,0,6.5,0,43.3,1.8,0
AU2028034,2024-05-17,2024-05,Vehicle Finance,Rural,Karnataka,Disbursed,1115000.0,Salaried,8.8,1,46.7,1,24.5,0,26.4,1,20.0,0,126.4,5.3,1
AU2028035,2025-04-19,2025-04,Vehicle Finance,Semi-Urban,Haryana,Disbursed,128000.0,Salaried,5.1,0,32.5,1,39.2,0,10.4,0,22.9,0,110.1,4.6,1
AU2028036,2024-10-22,2024-10,Home Loan,Rural,Karnataka,Disbursed,225000.0,Farmer,8.9,1,41.3,1,64.8,1,26.7,1,27.2,1,168.9,7.0,1
AU2028037,2024-01-18,2024-01,Vehicle Finance,Urban,Punjab,Disbursed,892000.0,Salaried,2.2,0,17.5,0,18.7,0,5.2,0,17.3,0,60.9,2.5,0
AU2028038,2024-10-17,2024-10,Personal Loan,Semi-Urban,Rajasthan,Under Review,162000.0,Self-Employed,7.1,0,24.5,1,34.6,0,0.0,0,0.0,0,66.2,2.8,1
AU2028039,2024-12-26,2024-12,Home Loan,Urban,Tamil Nadu,Disbursed,148000.0,Salaried,3.8,0,30.9,1,14.4,0,6.2,0,10.5,0,65.8,2.7,1
AU2028040,2024-02-27,2024-02,Personal Loan,Rural,Punjab,Rejected,371000.0,Self-Employed,10.6,1,47.6,1,45.3,0,29.5,1,0.0,0,133.0,5.5,1
AU2028041,2024-09-03,2024-09,MSME Loan,Urban,Odisha,Disbursed,979000.0,Farmer,4.9,0,19.3,0,27.5,0,10.7,0,13.0,0,75.4,3.1,0
AU2028042,2024-03-13,2024-03,Business Loan,Rural,Gujarat,Disbursed,161000.0,Self-Employed,8.4,1,40.6,1,78.6,1,20.9,1,43.4,1,191.9,8.0,1
AU2028043,2025-03-15,2025-03,Business Loan,Rural,Karnataka,Disbursed,2697000.0,MSME Owner,8.9,1,31.2,1,95.4,1,12.2,0,47.1,1,194.8,8.1,1
AU2028044,2024-08-26,2024-08,Personal Loan,Rural,Uttar Pradesh,Disbursed,109000.0,Self-Employed,9.6,1,42.9,1,50.4,1,24.8,1,44.3,1,172.0,7.2,1
AU2028045,2024-02-10,2024-02,Vehicle Finance,Urban,Karnataka,Disbursed,309000.0,MSME Owner,2.6,0,18.0,0,12.3,0,6.0,0,13.1,0,52.0,2.2,0
AU2028046,2025-03-31,2025-03,Vehicle Finance,Semi-Urban,Karnataka,Rejected,114000.0,MSME Owner,7.2,0,12.4,0,38.1,0,15.4,0,0.0,0,73.1,3.0,0
AU2028047,2024-02-15,2024-02,Home Loan,Semi-Urban,Odisha,Disbursed,95000.0,Self-Employed,7.6,0,50.9,1,40.3,0,11.6,0,12.1,0,122.5,5.1,1
AU2028048,2024-08-29,2024-08,MSME Loan,Rural,Madhya Pradesh,Disbursed,315000.0,MSME Owner,9.8,1,48.1,1,55.9,1,16.7,1,27.7,1,158.2,6.6,1
AU2028049,2024-12-16,2024-12,Vehicle Finance,Rural,Gujarat,Disbursed,193000.0,Salaried,16.8,1,26.0,1,62.3,1,26.1,1,25.6,1,156.8,6.5,1
AU2028050,2025-02-12,2025-02,Personal Loan,Rural,Karnataka,Disbursed,63000.0,Self-Employed,14.6,1,36.7,1,30.9,0,21.9,1,36.8,1,140.9,5.9,1
AU2028051,2024-06-08,2024-06,MSME Loan,Semi-Urban,Odisha,Disbursed,67000.0,Salaried,9.4,1,19.9,0,57.2,1,19.0,1,24.6,1,130.1,5.4,1
AU2028052,2024-01-28,2024-01,Vehicle Finance,Semi-Urban,Odisha,Pending Documents,429000.0,MSME Owner,4.9,0,23.3,0,27.0,0,13.2,0,21.9,0,90.3,3.8,0
AU2028053,2024-09-30,2024-09,Personal Loan,Urban,Punjab,Disbursed,1018000.0,Salaried,3.7,0,22.9,0,29.0,0,6.6,0,8.2,0,70.4,2.9,0
AU2028054,2024-08-28,2024-08,Vehicle Finance,Semi-Urban,Rajasthan,Disbursed,191000.0,MSME Owner,9.1,1,21.9,0,41.9,0,19.9,1,22.9,0,115.7,4.8,1
AU2028055,2024-09-19,2024-09,Home Loan,Rural,Tamil Nadu,Disbursed,50000.0,Salaried,17.9,1,59.9,1,61.7,1,26.6,1,29.9,1,196.0,8.2,1
AU2028056,2024-10-20,2024-10,Vehicle Finance,Semi-Urban,Tamil Nadu,Disbursed,305000.0,Salaried,6.1,0,16.5,0,39.2,0,18.5,1,20.4,0,100.7,4.2,1
AU2028057,2024-08-03,2024-08,Business Loan,Rural,Punjab,Disbursed,88000.0,Salaried,10.8,1,36.8,1,51.9,1,16.8,1,25.7,1,142.0,5.9,1
AU2028058,2025-05-06,2025-05,Vehicle Finance,Urban,Punjab,Disbursed,61000.0,MSME Owner,3.9,0,10.5,0,16.0,0,10.4,0,14.4,0,55.2,2.3,0
AU2028059,2024-05-28,2024-05,Vehicle Finance,Urban,Uttar Pradesh,Disbursed,287000.0,Self-Employed,5.5,0,16.9,0,18.6,0,4.3,0,8.1,0,53.4,2.2,0
AU2028060,2024-01-19,2024-01,Home Loan,Urban,Maharashtra,Disbursed,83000.0,MSME Owner,4.3,0,21.4,0,33.5,0,9.5,0,10.3,0,79.0,3.3,0
AU2028061,2025-01-18,2025-01,MSME Loan,Semi-Urban,Odisha,Rejected,909000.0,Self-Employed,6.3,0,20.4,0,58.4,1,9.6,0,0.0,0,94.7,3.9,1
AU2028062,2025-01-07,2025-01,Business Loan,Semi-Urban,Uttar Pradesh,Disbursed,1767000.0,Self-Employed,5.5,0,13.8,0,67.9,1,18.6,1,13.0,0,118.8,5.0,1
AU2028063,2024-05-13,2024-05,Business Loan,Urban,Odisha,Pending Documents,313000.0,Salaried,2.7,0,10.9,0,45.9,0,11.1,0,10.7,0,81.3,3.4,0
AU2028064,2024-11-18,2024-11,Personal Loan,Semi-Urban,Rajasthan,Disbursed,50000.0,MSME Owner,5.1,0,17.8,0,25.7,0,19.4,1,23.1,0,91.1,3.8,1
AU2028065,2024-10-23,2024-10,Personal Loan,Urban,Tamil Nadu,Under Review,207000.0,MSME Owner,4.7,0,11.1,0,23.5,0,0.0,0,0.0,0,39.3,1.6,0
AU2028066,2024-10-20,2024-10,Personal Loan,Semi-Urban,Maharashtra,Disbursed,59000.0,MSME Owner,5.5,0,22.0,0,30.2,0,18.4,1,23.6,0,99.7,4.2,1
AU2028067,2024-12-02,2024-12,Personal Loan,Urban,Rajasthan,Disbursed,202000.0,Self-Employed,3.1,0,20.7,0,15.1,0,11.8,0,6.3,0,57.0,2.4,0
AU2028068,2025-02-18,2025-02,Personal Loan,Urban,Uttar Pradesh,Disbursed,582000.0,Self-Employed,2.2,0,22.0,0,34.7,0,8.9,0,15.7,0,83.5,3.5,0
AU2028069,2024-01-14,2024-01,Personal Loan,Urban,Odisha,Disbursed,106000.0,Farmer,4.0,0,8.1,0,21.1,0,4.1,0,8.9,0,46.2,1.9,0
AU2028070,2024-09-05,2024-09,Vehicle Finance,Urban,Uttar Pradesh,Disbursed,311000.0,MSME Owner,3.6,0,19.7,0,15.9,0,5.0,0,16.1,0,60.3,2.5,0
AU2028071,2024-03-05,2024-03,Business Loan,Semi-Urban,Gujarat,Pending Documents,89000.0,Self-Employed,4.0,0,34.5,1,25.7,0,15.9,0,15.8,0,95.9,4.0,1
AU2028072,2024-02-09,2024-02,Vehicle Finance,Semi-Urban,Karnataka,Disbursed,264000.0,Salaried,7.4,0,18.3,0,31.9,0,15.5,0,25.6,1,98.7,4.1,1
AU2028073,2024-05-09,2024-05,Personal Loan,Urban,Uttar Pradesh,Disbursed,523000.0,Salaried,5.8,0,23.0,0,30.0,0,9.1,0,16.2,0,84.1,3.5,0
AU2028074,2024-11-11,2024-11,Personal Loan,Urban,Maharashtra,Disbursed,239000.0,Self-Employed,2.9,0,18.4,0,33.3,0,6.6,0,13.4,0,74.6,3.1,0
AU2028075,2024-05-20,2024-05,Business Loan,Rural,Uttar Pradesh,Disbursed,1082000.0,Salaried,12.2,1,27.3,1,104.0,1,29.2,1,32.3,1,205.0,8.5,1
AU2028076,2024-01-08,2024-01,Personal Loan,Semi-Urban,Uttar Pradesh,Disbursed,325000.0,MSME Owner,6.6,0,30.1,1,35.4,0,12.5,0,25.2,1,109.8,4.6,1
AU2028077,2024-11-05,2024-11,MSME Loan,Rural,Gujarat,Rejected,345000.0,MSME Owner,14.5,1,54.7,1,73.4,1,15.3,0,0.0,0,157.9,6.6,1
AU2028078,2025-04-10,2025-04,MSME Loan,Urban,Maharashtra,Rejected,312000.0,MSME Owner,4.3,0,20.5,0,49.3,1,11.1,0,0.0,0,85.2,3.5,1
AU2028079,2025-01-13,2025-01,Personal Loan,Urban,Odisha,Under Review,249000.0,Farmer,3.2,0,8.1,0,19.7,0,0.0,0,0.0,0,31.0,1.3,0
AU2028080,2024-12-03,2024-12,Personal Loan,Urban,Maharashtra,Under Review,445000.0,Self-Employed,4.7,0,9.2,0,18.9,0,0.0,0,0.0,0,32.8,1.4,0
AU2028081,2024-07-08,2024-07,Vehicle Finance,Urban,Tamil Nadu,Under Review,137000.0,Salaried,5.7,0,11.4,0,23.7,0,0.0,0,0.0,0,40.8,1.7,0
AU2028082,2024-05-13,2024-05,Vehicle Finance,Semi-Urban,Maharashtra,Disbursed,341000.0,Self-Employed,7.4,0,28.7,1,22.3,0,19.2,1,15.1,0,92.7,3.9,1
AU2028083,2024-09-05,2024-09,Home Loan,Semi-Urban,Madhya Pradesh,Disbursed,362000.0,Farmer,5.8,0,44.2,1,36.0,0,8.9,0,17.5,0,112.4,4.7,1
AU2028084,2025-02-13,2025-02,MSME Loan,Urban,Maharashtra,Disbursed,3712000.0,Farmer,2.7,0,16.1,0,33.4,0,6.4,0,17.0,0,75.6,3.1,0
AU2028085,2025-03-17,2025-03,Personal Loan,Urban,Karnataka,Rejected,208000.0,Salaried,4.9,0,21.3,0,18.1,0,5.5,0,0.0,0,49.8,2.1,0
AU2028086,2024-06-24,2024-06,Personal Loan,Urban,Rajasthan,Under Review,94000.0,Salaried,5.0,0,15.5,0,26.4,0,0.0,0,0.0,0,46.9,2.0,0
AU2028087,2025-05-10,2025-05,Home Loan,Rural,Gujarat,Disbursed,427000.0,Self-Employed,13.6,1,66.7,1,51.8,1,24.5,1,47.0,1,203.6,8.5,1
AU2028088,2024-10-31,2024-10,Business Loan,Semi-Urban,Maharashtra,Rejected,50000.0,Self-Employed,7.9,0,26.0,1,35.5,0,14.1,0,0.0,0,83.5,3.5,1
AU2028089,2025-03-04,2025-03,MSME Loan,Rural,Maharashtra,Rejected,1255000.0,Salaried,12.6,1,28.0,1,100.0,1,17.2,1,0.0,0,157.8,6.6,1
AU2028090,2025-01-20,2025-01,MSME Loan,Rural,Tamil Nadu,Rejected,2445000.0,Salaried,9.8,1,28.7,1,47.9,0,28.8,1,0.0,0,115.2,4.8,1
AU2028091,2025-01-29,2025-01,Home Loan,Urban,Haryana,Pending Documents,1152000.0,Self-Employed,3.6,0,20.5,0,31.6,0,5.7,0,16.0,0,77.4,3.2,0
AU2028092,2024-05-01,2024-05,Home Loan,Urban,Haryana,Disbursed,124000.0,Farmer,2.5,0,26.0,1,28.6,0,9.3,0,9.8,0,76.2,3.2,1
AU2028093,2025-01-06,2025-01,MSME Loan,Rural,Tamil Nadu,Disbursed,570000.0,Self-Employed,13.7,1,58.1,1,106.5,1,16.2,1,25.9,1,220.4,9.2,1
AU2028094,2024-04-17,2024-04,MSME Loan,Urban,Maharashtra,Pending Documents,166000.0,Salaried,3.9,0,21.3,0,29.5,0,6.5,0,17.0,0,78.2,3.3,0
AU2028095,2025-01-10,2025-01,Personal Loan,Semi-Urban,Odisha,Disbursed,315000.0,Salaried,4.5,0,21.2,0,22.0,0,13.7,0,21.0,0,82.4,3.4,0
AU2028096,2024-01-28,2024-01,Home Loan,Semi-Urban,Punjab,Disbursed,178000.0,Self-Employed,9.5,1,22.9,0,30.4,0,16.8,1,22.7,0,102.3,4.3,1
AU2028097,2025-01-21,2025-01,MSME Loan,Urban,Uttar Pradesh,Disbursed,147000.0,Salaried,2.6,0,16.8,0,52.8,1,9.5,0,7.6,0,89.3,3.7,1
AU2028098,2024-01-27,2024-01,Personal Loan,Rural,Gujarat,Disbursed,323000.0,Farmer,16.7,1,38.9,1,60.4,1,20.5,1,25.0,1,161.5,6.7,1
AU2028099,2024-08-25,2024-08,Personal Loan,Urban,Maharashtra,Disbursed,375000.0,Salaried,4.0,0,23.3,0,25.9,0,7.3,0,8.9,0,69.4,2.9,0
AU2028100,2024-08-31,2024-08,Personal Loan,Semi-Urban,Haryana,Under Review,892000.0,MSME Owner,4.3,0,20.4,0,39.9,0,0.0,0,0.0,0,64.6,2.7,0
AU2028101,2024-08-31,2024-08,Personal Loan,Semi-Urban,Uttar Pradesh,Disbursed,50000.0,MSME Owner,4.2,0,16.6,0,26.4,0,19.1,1,24.3,1,90.6,3.8,1
AU2028102,2024-04-29,2024-04,MSME Loan,Semi-Urban,Karnataka,Under Review,192000.0,Farmer,9.1,1,35.4,1,69.2,1,0.0,0,0.0,0,113.7,4.7,1
AU2028103,2024-12-15,2024-12,Business Loan,Rural,Haryana,Disbursed,869000.0,MSME Owner,15.9,1,49.8,1,102.7,1,19.4,1,34.3,1,222.1,9.3,1
AU2028104,2024-08-30,2024-08,Personal Loan,Urban,Haryana,Disbursed,60000.0,Salaried,3.4,0,19.5,0,26.6,0,4.6,0,15.1,0,69.2,2.9,0
AU2028105,2024-03-15,2024-03,Business Loan,Semi-Urban,Uttar Pradesh,Disbursed,365000.0,Farmer,4.5,0,29.8,1,52.6,1,9.0,0,10.5,0,106.4,4.4,1
AU2028106,2025-03-21,2025-03,Business Loan,Rural,Karnataka,Disbursed,796000.0,Salaried,8.8,1,57.0,1,57.6,1,14.0,0,38.4,1,175.8,7.3,1
AU2028107,2024-01-07,2024-01,Personal Loan,Semi-Urban,Haryana,Disbursed,1121000.0,Farmer,6.7,0,36.0,1,29.6,0,12.2,0,26.5,1,111.0,4.6,1
AU2028108,2025-04-19,2025-04,Business Loan,Semi-Urban,Uttar Pradesh,Disbursed,341000.0,Salaried,4.0,0,34.5,1,62.9,1,16.2,1,17.9,0,135.5,5.6,1
AU2028109,2024-07-14,2024-07,Personal Loan,Semi-Urban,Tamil Nadu,Disbursed,1454000.0,MSME Owner,6.2,0,35.7,1,20.0,0,9.0,0,26.5,1,97.4,4.1,1
AU2028110,2025-05-07,2025-05,Vehicle Finance,Urban,Punjab,Rejected,175000.0,MSME Owner,3.0,0,9.8,0,17.4,0,7.8,0,0.0,0,38.0,1.6,0
AU2028111,2024-12-15,2024-12,MSME Loan,Semi-Urban,Karnataka,Disbursed,257000.0,MSME Owner,8.8,1,26.7,1,35.3,0,9.3,0,25.5,1,105.6,4.4,1
AU2028112,2024-02-19,2024-02,Personal Loan,Urban,Rajasthan,Disbursed,368000.0,MSME Owner,3.9,0,20.6,0,27.5,0,4.2,0,17.4,0,73.6,3.1,0
AU2028113,2024-11-22,2024-11,MSME Loan,Rural,Karnataka,Rejected,788000.0,Self-Employed,10.1,1,30.5,1,44.9,0,16.0,0,0.0,0,101.5,4.2,1
AU2028114,2025-05-04,2025-05,Home Loan,Urban,Punjab,Disbursed,1104000.0,Farmer,4.8,0,11.5,0,23.5,0,10.2,0,12.5,0,62.5,2.6,0
AU2028115,2024-11-08,2024-11,MSME Loan,Urban,Haryana,Disbursed,86000.0,Salaried,5.1,0,16.4,0,21.7,0,6.3,0,12.3,0,61.8,2.6,0
AU2028116,2024-06-20,2024-06,MSME Loan,Urban,Uttar Pradesh,Disbursed,50000.0,Self-Employed,3.9,0,19.0,0,53.5,1,5.6,0,15.9,0,97.9,4.1,1
AU2028117,2024-05-16,2024-05,MSME Loan,Urban,Uttar Pradesh,Disbursed,260000.0,MSME Owner,4.8,0,11.4,0,34.3,0,8.6,0,8.0,0,67.1,2.8,0
AU2028118,2024-05-10,2024-05,Home Loan,Semi-Urban,Gujarat,Under Review,2121000.0,Self-Employed,5.6,0,44.6,1,37.9,0,0.0,0,0.0,0,88.1,3.7,1
AU2028119,2024-07-19,2024-07,Vehicle Finance,Urban,Odisha,Under Review,1744000.0,Self-Employed,5.9,0,14.4,0,15.5,0,0.0,0,0.0,0,35.8,1.5,0
AU2028120,2025-01-30,2025-01,Home Loan,Urban,Tamil Nadu,Under Review,118000.0,Farmer,4.7,0,13.5,0,24.5,0,0.0,0,0.0,0,42.7,1.8,0
AU2028121,2025-01-10,2025-01,Business Loan,Rural,Madhya Pradesh,Rejected,3839000.0,Salaried,8.2,1,44.9,1,97.7,1,22.0,1,0.0,0,172.8,7.2,1
AU2028122,2025-01-29,2025-01,Vehicle Finance,Semi-Urban,Odisha,Disbursed,351000.0,MSME Owner,7.3,0,26.2,1,36.4,0,9.3,0,22.0,0,101.2,4.2,1
AU2028123,2024-09-23,2024-09,Vehicle Finance,Semi-Urban,Madhya Pradesh,Disbursed,165000.0,MSME Owner,5.9,0,21.0,0,29.7,0,17.1,1,17.8,0,91.5,3.8,1
AU2028124,2024-12-12,2024-12,Personal Loan,Rural,Punjab,Disbursed,381000.0,MSME Owner,13.0,1,47.3,1,32.3,0,18.6,1,22.9,0,134.1,5.6,1
AU2028125,2024-06-09,2024-06,Business Loan,Semi-Urban,Maharashtra,Disbursed,120000.0,Self-Employed,7.0,0,19.6,0,32.3,0,11.0,0,13.6,0,83.5,3.5,0
AU2028126,2024-01-06,2024-01,Home Loan,Rural,Karnataka,Rejected,59000.0,MSME Owner,14.1,1,33.8,1,67.6,1,13.4,0,0.0,0,128.9,5.4,1
AU2028127,2025-03-01,2025-03,Vehicle Finance,Rural,Rajasthan,Under Review,830000.0,Farmer,13.7,1,48.4,1,28.2,0,0.0,0,0.0,0,90.3,3.8,1
AU2028128,2024-01-07,2024-01,Vehicle Finance,Urban,Gujarat,Disbursed,51000.0,Self-Employed,3.3,0,13.1,0,14.2,0,11.1,0,14.3,0,56.0,2.3,0
AU2028129,2024-02-20,2024-02,Vehicle Finance,Semi-Urban,Haryana,Disbursed,172000.0,MSME Owner,9.6,1,12.1,0,20.4,0,16.1,1,14.2,0,72.4,3.0,1
AU2028130,2024-02-23,2024-02,MSME Loan,Semi-Urban,Karnataka,Disbursed,1757000.0,Salaried,9.3,1,12.1,0,74.9,1,10.0,0,23.4,0,129.7,5.4,1
AU2028131,2024-06-28,2024-06,Personal Loan,Semi-Urban,Tamil Nadu,Disbursed,117000.0,Salaried,6.7,0,19.3,0,32.9,0,14.1,0,24.1,1,97.1,4.0,1
AU2028132,2025-01-06,2025-01,Personal Loan,Urban,Madhya Pradesh,Disbursed,778000.0,MSME Owner,3.1,0,10.7,0,19.2,0,5.8,0,13.5,0,52.3,2.2,0
AU2028133,2024-05-08,2024-05,Vehicle Finance,Semi-Urban,Uttar Pradesh,Disbursed,316000.0,MSME Owner,6.6,0,23.3,0,47.9,0,11.4,0,17.1,0,106.3,4.4,0
AU2028134,2024-01-18,2024-01,Home Loan,Rural,Madhya Pradesh,Disbursed,396000.0,Self-Employed,10.9,1,71.0,1,35.8,0,18.9,1,44.9,1,181.5,7.6,1
AU2028135,2024-11-13,2024-11,Vehicle Finance,Urban,Rajasthan,Disbursed,334000.0,Self-Employed,3.9,0,18.6,0,30.3,0,7.8,0,17.8,0,78.4,3.3,0
AU2028136,2024-01-30,2024-01,MSME Loan,Urban,Gujarat,Disbursed,98000.0,Salaried,3.7,0,8.8,0,21.2,0,4.8,0,6.6,0,45.1,1.9,0
AU2028137,2024-12-02,2024-12,Vehicle Finance,Urban,Odisha,Pending Documents,142000.0,Salaried,5.7,0,9.4,0,26.9,0,6.0,0,15.9,0,63.9,2.7,0
AU2028138,2025-05-01,2025-05,Personal Loan,Rural,Madhya Pradesh,Disbursed,210000.0,MSME Owner,17.5,1,39.4,1,60.4,1,25.1,1,35.1,1,177.5,7.4,1
AU2028139,2024-11-22,2024-11,Home Loan,Urban,Odisha,Disbursed,50000.0,MSME Owner,3.9,0,32.7,1,32.0,0,10.9,0,7.6,0,87.1,3.6,1
AU2028140,2024-12-28,2024-12,Personal Loan,Urban,Gujarat,Pending Documents,131000.0,Salaried,2.2,0,12.2,0,14.4,0,7.2,0,17.6,0,53.6,2.2,0
AU2028141,2024-02-14,2024-02,Home Loan,Semi-Urban,Gujarat,Disbursed,65000.0,MSME Owner,9.4,1,52.5,1,21.0,0,18.6,1,14.1,0,115.6,4.8,1
AU2028142,2024-03-07,2024-03,Business Loan,Urban,Odisha,Rejected,100000.0,MSME Owner,3.8,0,8.0,0,33.0,0,8.1,0,0.0,0,52.9,2.2,0
AU2028143,2024-12-02,2024-12,Personal Loan,Rural,Haryana,Under Review,344000.0,Salaried,13.8,1,37.7,1,50.1,1,0.0,0,0.0,0,101.6,4.2,1
AU2028144,2025-02-15,2025-02,Business Loan,Urban,Odisha,Disbursed,553000.0,MSME Owner,3.7,0,15.6,0,26.9,0,6.3,0,17.8,0,70.3,2.9,0
AU2028145,2025-04-03,2025-04,MSME Loan,Urban,Maharashtra,Disbursed,171000.0,Salaried,6.0,0,22.5,0,38.6,0,9.5,0,15.0,0,91.6,3.8,0
AU2028146,2024-12-22,2024-12,Personal Loan,Rural,Gujarat,Disbursed,214000.0,Self-Employed,11.5,1,49.2,1,66.3,1,25.9,1,37.3,1,190.2,7.9,1
AU2028147,2024-05-09,2024-05,Vehicle Finance,Urban,Maharashtra,Disbursed,110000.0,Salaried,5.7,0,22.5,0,15.7,0,10.6,0,14.4,0,68.9,2.9,0
AU2028148,2024-08-27,2024-08,MSME Loan,Semi-Urban,Uttar Pradesh,Rejected,115000.0,Salaried,4.7,0,19.1,0,38.2,0,16.7,1,0.0,0,78.7,3.3,1
AU2028149,2024-11-23,2024-11,MSME Loan,Urban,Gujarat,Pending Documents,278000.0,Self-Employed,4.0,0,18.7,0,44.8,0,5.4,0,15.0,0,87.9,3.7,0
AU2028150,2025-04-17,2025-04,Home Loan,Rural,Tamil Nadu,Under Review,945000.0,Farmer,17.7,1,79.8,1,60.8,1,0.0,0,0.0,0,158.3,6.6,1
AU2028151,2025-01-28,2025-01,Business Loan,Semi-Urban,Uttar Pradesh,Disbursed,802000.0,Salaried,5.9,0,32.5,1,64.2,1,14.3,0,22.0,0,138.9,5.8,1
AU2028152,2024-12-20,2024-12,MSME Loan,Urban,Haryana,Disbursed,599000.0,Self-Employed,5.9,0,12.9,0,20.5,0,5.5,0,11.1,0,55.9,2.3,0
AU2028153,2024-05-11,2024-05,Vehicle Finance,Semi-Urban,Punjab,Disbursed,285000.0,Self-Employed,9.0,1,32.1,1,39.8,0,19.4,1,20.6,0,120.9,5.0,1
AU2028154,2025-02-03,2025-02,Personal Loan,Urban,Maharashtra,Disbursed,720000.0,MSME Owner,2.9,0,16.3,0,27.8,0,11.9,0,6.4,0,65.3,2.7,0
AU2028155,2024-05-21,2024-05,Vehicle Finance,Rural,Gujarat,Pending Documents,301000.0,Salaried,8.0,0,45.1,1,65.6,1,17.8,1,46.0,1,182.5,7.6,1
AU2028156,2024-07-14,2024-07,Business Loan,Semi-Urban,Rajasthan,Rejected,66000.0,Self-Employed,9.0,1,14.4,0,57.2,1,16.1,1,0.0,0,96.7,4.0,1
AU2028157,2024-06-19,2024-06,MSME Loan,Semi-Urban,Haryana,Disbursed,62000.0,Self-Employed,8.3,1,15.2,0,70.6,1,8.5,0,21.5,0,124.1,5.2,1
AU2028158,2024-05-12,2024-05,Vehicle Finance,Urban,Rajasthan,Disbursed,168000.0,Farmer,5.4,0,9.0,0,18.9,0,11.1,0,8.8,0,53.2,2.2,0
AU2028159,2024-04-01,2024-04,MSME Loan,Urban,Uttar Pradesh,Rejected,128000.0,Self-Employed,2.5,0,12.1,0,43.7,0,6.7,0,0.0,0,65.0,2.7,0
AU2028160,2024-02-05,2024-02,Personal Loan,Semi-Urban,Tamil Nadu,Disbursed,64000.0,Self-Employed,8.2,1,35.2,1,41.7,0,9.9,0,14.9,0,109.9,4.6,1
AU2028161,2025-04-20,2025-04,Personal Loan,Urban,Tamil Nadu,Disbursed,177000.0,Salaried,2.9,0,11.7,0,19.2,0,5.0,0,9.3,0,48.1,2.0,0
AU2028162,2024-11-08,2024-11,Home Loan,Urban,Madhya Pradesh,Disbursed,268000.0,MSME Owner,2.2,0,24.1,1,27.6,0,8.7,0,16.5,0,79.1,3.3,1
AU2028163,2024-04-01,2024-04,MSME Loan,Urban,Haryana,Disbursed,116000.0,MSME Owner,5.8,0,20.9,0,23.2,0,6.2,0,15.2,0,71.3,3.0,0
AU2028164,2024-02-25,2024-02,Vehicle Finance,Semi-Urban,Tamil Nadu,Disbursed,241000.0,Self-Employed,8.0,0,16.6,0,21.4,0,8.2,0,26.4,1,80.6,3.4,1
AU2028165,2024-10-03,2024-10,Business Loan,Urban,Maharashtra,Disbursed,920000.0,Salaried,2.3,0,15.8,0,36.9,0,8.6,0,13.9,0,77.5,3.2,0
AU2028166,2024-04-21,2024-04,Home Loan,Semi-Urban,Haryana,Disbursed,147000.0,Self-Employed,6.0,0,24.3,1,20.4,0,14.1,0,19.7,0,84.5,3.5,1
AU2028167,2024-11-25,2024-11,Business Loan,Rural,Odisha,Disbursed,50000.0,Farmer,13.7,1,30.8,1,112.9,1,27.9,1,32.1,1,217.4,9.1,1
AU2028168,2025-04-12,2025-04,Personal Loan,Urban,Gujarat,Under Review,332000.0,Self-Employed,2.7,0,19.3,0,28.9,0,0.0,0,0.0,0,50.9,2.1,0
AU2028169,2025-01-01,2025-01,MSME Loan,Semi-Urban,Tamil Nadu,Disbursed,138000.0,Self-Employed,4.9,0,36.0,1,52.1,1,12.0,0,22.8,0,127.8,5.3,1
AU2028170,2024-02-22,2024-02,Vehicle Finance,Urban,Uttar Pradesh,Under Review,323000.0,Self-Employed,3.3,0,21.2,0,27.8,0,0.0,0,0.0,0,52.3,2.2,0
AU2028171,2024-02-07,2024-02,MSME Loan,Urban,Rajasthan,Disbursed,127000.0,Farmer,2.3,0,9.7,0,56.8,1,11.8,0,15.3,0,95.9,4.0,1
AU2028172,2024-10-19,2024-10,Vehicle Finance,Semi-Urban,Gujarat,Disbursed,50000.0,Salaried,6.7,0,23.5,0,38.0,0,14.2,0,25.5,1,107.9,4.5,1
AU2028173,2025-02-01,2025-02,Business Loan,Semi-Urban,Uttar Pradesh,Disbursed,50000.0,Salaried,6.4,0,28.5,1,46.0,0,18.9,1,21.1,0,120.9,5.0,1
AU2028174,2024-01-10,2024-01,Personal Loan,Semi-Urban,Tamil Nadu,Rejected,668000.0,MSME Owner,4.4,0,14.7,0,37.5,0,10.9,0,0.0,0,67.5,2.8,0
AU2028175,2024-03-17,2024-03,Home Loan,Semi-Urban,Tamil Nadu,Disbursed,377000.0,Self-Employed,4.9,0,43.2,1,38.9,0,14.2,0,15.0,0,116.2,4.8,1
AU2028176,2025-04-22,2025-04,Home Loan,Semi-Urban,Rajasthan,Disbursed,295000.0,Self-Employed,6.6,0,52.4,1,41.3,0,14.4,0,21.8,0,136.5,5.7,1
AU2028177,2024-12-06,2024-12,Business Loan,Urban,Rajasthan,Disbursed,311000.0,Salaried,5.0,0,10.2,0,47.9,0,8.2,0,10.6,0,81.9,3.4,0
AU2028178,2024-05-16,2024-05,Business Loan,Semi-Urban,Haryana,Disbursed,1561000.0,Self-Employed,8.5,1,29.1,1,66.6,1,10.4,0,27.9,1,142.5,5.9,1
AU2028179,2024-12-24,2024-12,Vehicle Finance,Semi-Urban,Maharashtra,Rejected,160000.0,Self-Employed,10.0,1,17.2,0,30.7,0,9.5,0,0.0,0,67.4,2.8,1
AU2028180,2025-04-08,2025-04,Home Loan,Urban,Punjab,Under Review,100000.0,Salaried,2.5,0,34.0,1,29.1,0,0.0,0,0.0,0,65.6,2.7,1
AU2028181,2024-10-21,2024-10,Business Loan,Urban,Haryana,Rejected,2503000.0,MSME Owner,4.0,0,22.2,0,23.4,0,7.6,0,0.0,0,57.2,2.4,0
AU2028182,2024-09-20,2024-09,Personal Loan,Urban,Rajasthan,Disbursed,185000.0,Self-Employed,3.5,0,9.7,0,15.3,0,8.2,0,8.1,0,44.8,1.9,0
AU2028183,2024-09-01,2024-09,MSME Loan,Rural,Tamil Nadu,Disbursed,50000.0,MSME Owner,13.3,1,29.7,1,83.4,1,24.2,1,20.5,0,171.1,7.1,1
AU2028184,2024-07-25,2024-07,Business Loan,Urban,Haryana,Disbursed,957000.0,Salaried,2.1,0,13.1,0,49.9,1,7.2,0,11.0,0,83.3,3.5,1
AU2028185,2024-10-03,2024-10,Vehicle Finance,Rural,Gujarat,Disbursed,54000.0,Salaried,10.1,1,30.8,1,48.4,1,12.5,0,26.5,1,128.3,5.3,1
AU2028186,2024-01-02,2024-01,Vehicle Finance,Urban,Madhya Pradesh,Rejected,356000.0,Farmer,5.2,0,23.3,0,16.9,0,10.0,0,0.0,0,55.4,2.3,0
AU2028187,2025-05-03,2025-05,Home Loan,Urban,Haryana,Disbursed,252000.0,Farmer,2.8,0,29.7,1,28.2,0,6.4,0,11.5,0,78.6,3.3,1
AU2028188,2024-03-03,2024-03,Personal Loan,Rural,Tamil Nadu,Pending Documents,578000.0,Salaried,11.8,1,35.9,1,51.1,1,15.3,0,34.9,1,149.0,6.2,1
AU2028189,2024-10-01,2024-10,Home Loan,Urban,Odisha,Disbursed,447000.0,Salaried,5.0,0,18.6,0,17.4,0,10.2,0,7.7,0,58.9,2.5,0
AU2028190,2024-06-19,2024-06,Business Loan,Semi-Urban,Punjab,Disbursed,72000.0,Salaried,7.5,0,12.6,0,69.3,1,12.2,0,17.5,0,119.1,5.0,1
AU2028191,2024-07-24,2024-07,Business Loan,Rural,Uttar Pradesh,Disbursed,330000.0,Self-Employed,13.9,1,37.7,1,71.2,1,18.4,1,30.3,1,171.5,7.1,1
AU2028192,2024-11-19,2024-11,Business Loan,Urban,Rajasthan,Disbursed,148000.0,Farmer,4.4,0,23.3,0,29.9,0,7.2,0,14.6,0,79.4,3.3,0
AU2028193,2024-07-06,2024-07,Vehicle Finance,Semi-Urban,Gujarat,Disbursed,123000.0,Self-Employed,8.6,1,28.0,1,46.7,0,19.4,1,17.6,0,120.3,5.0,1
AU2028194,2025-03-12,2025-03,Personal Loan,Urban,Karnataka,Disbursed,216000.0,Salaried,4.5,0,11.0,0,24.3,0,4.8,0,15.9,0,60.5,2.5,0
AU2028195,2024-02-11,2024-02,Home Loan,Urban,Punjab,Under Review,129000.0,Salaried,5.3,0,24.2,1,19.9,0,0.0,0,0.0,0,49.4,2.1,1
AU2028196,2025-01-24,2025-01,MSME Loan,Semi-Urban,Tamil Nadu,Disbursed,91000.0,Salaried,9.4,1,23.0,0,43.4,0,19.4,1,17.2,0,112.4,4.7,1
AU2028197,2024-11-27,2024-11,Business Loan,Urban,Uttar Pradesh,Disbursed,265000.0,Self-Employed,2.1,0,18.5,0,48.3,1,8.9,0,16.4,0,94.2,3.9,1
AU2028198,2024-03-31,2024-03,Business Loan,Urban,Madhya Pradesh,Rejected,333000.0,Salaried,3.2,0,10.1,0,47.0,0,8.0,0,0.0,0,68.3,2.8,0
AU2028199,2024-01-21,2024-01,Home Loan,Rural,Karnataka,Disbursed,194000.0,Salaried,13.9,1,86.1,1,26.5,0,16.8,1,26.5,1,169.8,7.1,1
AU2028200,2024-12-04,2024-12,Vehicle Finance,Semi-Urban,Haryana,Disbursed,183000.0,Salaried,7.8,0,20.4,0,30.8,0,13.1,0,26.9,1,99.0,4.1,1
AU2028201,2024-06-02,2024-06,Personal Loan,Urban,Madhya Pradesh,Disbursed,975000.0,Farmer,5.7,0,16.9,0,12.8,0,6.9,0,17.0,0,59.3,2.5,0
AU2028202,2025-04-03,2025-04,Vehicle Finance,Semi-Urban,Haryana,Disbursed,288000.0,MSME Owner,9.9,1,32.3,1,34.6,0,15.3,0,24.8,1,116.9,4.9,1
AU2028203,2024-11-18,2024-11,Personal Loan,Rural,Gujarat,Disbursed,176000.0,Farmer,15.6,1,29.5,1,31.9,0,18.4,1,25.9,1,121.3,5.1,1
AU2028204,2024-09-06,2024-09,Business Loan,Semi-Urban,Punjab,Disbursed,926000.0,Salaried,8.9,1,16.2,0,59.6,1,15.9,0,26.4,1,127.0,5.3,1
AU2028205,2025-03-29,2025-03,Business Loan,Urban,Gujarat,Under Review,206000.0,Salaried,2.9,0,15.8,0,22.0,0,0.0,0,0.0,0,40.7,1.7,0
AU2028206,2025-01-11,2025-01,Business Loan,Semi-Urban,Tamil Nadu,Disbursed,333000.0,Farmer,6.0,0,31.9,1,59.4,1,11.9,0,22.7,0,131.9,5.5,1
AU2028207,2024-03-12,2024-03,Vehicle Finance,Urban,Madhya Pradesh,Disbursed,442000.0,MSME Owner,4.8,0,16.5,0,24.0,0,5.4,0,11.2,0,61.9,2.6,0
AU2028208,2024-04-08,2024-04,MSME Loan,Rural,Rajasthan,Rejected,193000.0,Salaried,12.7,1,51.9,1,45.8,0,27.8,1,0.0,0,138.2,5.8,1
AU2028209,2025-01-03,2025-01,Home Loan,Urban,Rajasthan,Disbursed,84000.0,Self-Employed,5.4,0,32.7,1,28.5,0,5.6,0,8.3,0,80.5,3.4,1
AU2028210,2024-05-02,2024-05,MSME Loan,Urban,Odisha,Rejected,50000.0,Self-Employed,5.8,0,21.8,0,51.5,1,7.3,0,0.0,0,86.4,3.6,1
AU2028211,2024-07-18,2024-07,MSME Loan,Urban,Tamil Nadu,Disbursed,845000.0,Salaried,4.0,0,12.9,0,52.8,1,11.7,0,10.9,0,92.3,3.8,1
AU2028212,2025-02-09,2025-02,Personal Loan,Semi-Urban,Gujarat,Disbursed,399000.0,MSME Owner,6.8,0,18.7,0,27.3,0,12.1,0,14.1,0,79.0,3.3,0
AU2028213,2024-11-25,2024-11,MSME Loan,Urban,Karnataka,Disbursed,126000.0,MSME Owner,2.0,0,22.0,0,45.0,0,4.6,0,16.7,0,90.3,3.8,0
AU2028214,2024-09-12,2024-09,Vehicle Finance,Semi-Urban,Uttar Pradesh,Under Review,208000.0,Salaried,5.5,0,30.4,1,45.9,0,0.0,0,0.0,0,81.8,3.4,1
AU2028215,2025-05-09,2025-05,MSME Loan,Urban,Karnataka,Disbursed,771000.0,Salaried,3.4,0,23.5,0,56.1,1,6.7,0,17.6,0,107.3,4.5,1
AU2028216,2025-05-09,2025-05,Business Loan,Rural,Tamil Nadu,Disbursed,159000.0,Salaried,17.3,1,31.7,1,114.3,1,14.0,0,18.3,0,195.6,8.2,1
AU2028217,2024-01-19,2024-01,MSME Loan,Semi-Urban,Rajasthan,Disbursed,857000.0,Salaried,7.4,0,21.4,0,49.7,1,15.6,0,21.5,0,115.6,4.8,1
AU2028218,2024-01-29,2024-01,MSME Loan,Semi-Urban,Punjab,Disbursed,198000.0,Salaried,6.3,0,32.2,1,68.8,1,15.5,0,20.5,0,143.3,6.0,1
AU2028219,2025-02-07,2025-02,Business Loan,Semi-Urban,Punjab,Under Review,50000.0,MSME Owner,4.2,0,29.5,1,61.7,1,0.0,0,0.0,0,95.4,4.0,1
AU2028220,2024-07-26,2024-07,Home Loan,Semi-Urban,Rajasthan,Under Review,222000.0,Self-Employed,9.1,1,42.9,1,47.7,0,0.0,0,0.0,0,99.7,4.2,1
AU2028221,2024-04-18,2024-04,Personal Loan,Semi-Urban,Gujarat,Disbursed,70000.0,MSME Owner,4.8,0,14.5,0,31.8,0,12.5,0,24.9,1,88.5,3.7,1
AU2028222,2024-08-22,2024-08,MSME Loan,Urban,Karnataka,Under Review,319000.0,Salaried,5.0,0,9.0,0,27.4,0,0.0,0,0.0,0,41.4,1.7,0
AU2028223,2024-03-17,2024-03,Vehicle Finance,Rural,Karnataka,Rejected,5000000.0,Farmer,15.6,1,34.7,1,50.3,1,20.2,1,0.0,0,120.8,5.0,1
AU2028224,2024-04-29,2024-04,Vehicle Finance,Semi-Urban,Odisha,Disbursed,135000.0,Salaried,7.1,0,26.0,1,19.0,0,14.2,0,19.6,0,85.9,3.6,1
AU2028225,2024-01-19,2024-01,Personal Loan,Semi-Urban,Gujarat,Disbursed,431000.0,MSME Owner,5.9,0,23.5,0,44.8,0,17.7,1,24.1,1,116.0,4.8,1
AU2028226,2024-09-07,2024-09,Personal Loan,Urban,Maharashtra,Disbursed,664000.0,Salaried,3.6,0,16.4,0,31.1,0,6.1,0,17.3,0,74.5,3.1,0
AU2028227,2024-08-29,2024-08,Vehicle Finance,Rural,Rajasthan,Disbursed,220000.0,MSME Owner,8.5,1,52.8,1,49.2,1,20.1,1,21.3,0,151.9,6.3,1
AU2028228,2024-01-24,2024-01,Home Loan,Urban,Odisha,Disbursed,68000.0,Salaried,3.3,0,23.0,0,24.1,0,6.9,0,11.9,0,69.2,2.9,0
AU2028229,2024-12-25,2024-12,Business Loan,Rural,Madhya Pradesh,Disbursed,704000.0,Farmer,10.4,1,50.0,1,66.2,1,17.3,1,36.5,1,180.4,7.5,1
AU2028230,2024-01-08,2024-01,Home Loan,Semi-Urban,Maharashtra,Disbursed,188000.0,MSME Owner,5.9,0,43.5,1,33.5,0,13.5,0,11.0,0,107.4,4.5,1
AU2028231,2024-11-19,2024-11,MSME Loan,Rural,Maharashtra,Rejected,892000.0,Salaried,10.9,1,44.6,1,102.4,1,28.8,1,0.0,0,186.7,7.8,1
AU2028232,2025-04-08,2025-04,Vehicle Finance,Semi-Urban,Rajasthan,Disbursed,68000.0,MSME Owner,9.2,1,33.1,1,38.1,0,12.2,0,21.9,0,114.5,4.8,1
AU2028233,2025-02-24,2025-02,MSME Loan,Semi-Urban,Uttar Pradesh,Disbursed,178000.0,Farmer,9.0,1,33.2,1,71.1,1,12.7,0,25.5,1,151.5,6.3,1
AU2028234,2024-08-21,2024-08,Vehicle Finance,Urban,Gujarat,Disbursed,50000.0,Farmer,2.2,0,23.1,0,15.8,0,7.0,0,11.0,0,59.1,2.5,0
AU2028235,2024-03-28,2024-03,Home Loan,Urban,Odisha,Pending Documents,208000.0,MSME Owner,5.2,0,12.8,0,23.4,0,11.6,0,9.2,0,62.2,2.6,0
AU2028236,2024-02-02,2024-02,Personal Loan,Semi-Urban,Odisha,Pending Documents,50000.0,MSME Owner,9.6,1,13.2,0,22.6,0,9.6,0,11.5,0,66.5,2.8,1
AU2028237,2024-02-28,2024-02,Business Loan,Urban,Gujarat,Disbursed,182000.0,Salaried,3.6,0,23.1,0,22.4,0,7.1,0,9.1,0,65.3,2.7,0
AU2028238,2024-10-31,2024-10,Vehicle Finance,Semi-Urban,Tamil Nadu,Under Review,970000.0,MSME Owner,4.9,0,17.9,0,38.2,0,0.0,0,0.0,0,61.0,2.5,0
AU2028239,2024-04-22,2024-04,Personal Loan,Rural,Odisha,Disbursed,284000.0,MSME Owner,8.3,1,24.7,1,45.7,0,23.8,1,22.3,0,124.8,5.2,1
AU2028240,2025-02-15,2025-02,Home Loan,Urban,Gujarat,Disbursed,876000.0,MSME Owner,2.3,0,15.0,0,33.4,0,7.3,0,11.7,0,69.7,2.9,0
AU2028241,2024-08-06,2024-08,Personal Loan,Rural,Madhya Pradesh,Pending Documents,109000.0,Salaried,13.5,1,55.4,1,44.7,0,19.9,1,29.4,1,162.9,6.8,1
AU2028242,2025-02-19,2025-02,Personal Loan,Rural,Punjab,Disbursed,50000.0,MSME Owner,15.9,1,43.9,1,67.4,1,14.1,0,41.6,1,182.9,7.6,1
AU2028243,2024-06-15,2024-06,Vehicle Finance,Urban,Haryana,Disbursed,339000.0,Salaried,5.4,0,20.6,0,27.5,0,4.7,0,17.5,0,75.7,3.2,0
AU2028244,2025-05-14,2025-05,Business Loan,Semi-Urban,Gujarat,Under Review,402000.0,Salaried,4.6,0,29.4,1,32.9,0,0.0,0,0.0,0,66.9,2.8,1
AU2028245,2024-10-06,2024-10,Business Loan,Urban,Odisha,Rejected,101000.0,Salaried,5.4,0,18.6,0,33.1,0,10.9,0,0.0,0,68.0,2.8,0
AU2028246,2024-06-13,2024-06,Business Loan,Urban,Maharashtra,Disbursed,450000.0,Salaried,5.8,0,23.5,0,53.9,1,8.0,0,8.6,0,99.8,4.2,1
AU2028247,2025-01-26,2025-01,Business Loan,Semi-Urban,Madhya Pradesh,Disbursed,827000.0,MSME Owner,8.8,1,17.0,0,45.7,0,19.5,1,14.5,0,105.5,4.4,1
AU2028248,2024-10-30,2024-10,Business Loan,Urban,Rajasthan,Disbursed,112000.0,Salaried,4.3,0,12.8,0,16.7,0,10.9,0,13.0,0,57.7,2.4,0
AU2028249,2024-06-20,2024-06,Personal Loan,Rural,Maharashtra,Disbursed,203000.0,Salaried,16.9,1,30.5,1,66.2,1,26.5,1,27.3,1,167.4,7.0,1
AU2028250,2024-03-02,2024-03,Personal Loan,Urban,Gujarat,Disbursed,210000.0,Salaried,4.2,0,11.3,0,17.6,0,5.3,0,15.1,0,53.5,2.2,0
AU2028251,2024-03-13,2024-03,Personal Loan,Semi-Urban,Uttar Pradesh,Disbursed,726000.0,Self-Employed,6.1,0,12.7,0,31.8,0,14.8,0,14.5,0,79.9,3.3,0
AU2028252,2024-03-27,2024-03,Home Loan,Urban,Haryana,Rejected,839000.0,Self-Employed,2.7,0,31.4,1,30.8,0,11.8,0,0.0,0,76.7,3.2,1
AU2028253,2024-10-10,2024-10,Vehicle Finance,Semi-Urban,Punjab,Rejected,342000.0,Farmer,7.2,0,28.5,1,28.4,0,11.6,0,0.0,0,75.7,3.2,1
AU2028254,2024-08-12,2024-08,Personal Loan,Urban,Maharashtra,Disbursed,50000.0,MSME Owner,4.0,0,15.4,0,17.6,0,10.8,0,7.1,0,54.9,2.3,0
AU2028255,2025-04-18,2025-04,MSME Loan,Semi-Urban,Madhya Pradesh,Disbursed,50000.0,Self-Employed,4.1,0,16.0,0,42.1,0,14.7,0,12.3,0,89.2,3.7,0
AU2028256,2024-01-21,2024-01,Home Loan,Rural,Odisha,Disbursed,126000.0,Salaried,15.3,1,68.1,1,46.9,0,13.8,0,24.2,1,168.3,7.0,1
AU2028257,2024-02-21,2024-02,MSME Loan,Semi-Urban,Maharashtra,Pending Documents,179000.0,Farmer,8.8,1,18.2,0,36.8,0,11.0,0,27.8,1,102.6,4.3,1
AU2028258,2024-07-11,2024-07,Business Loan,Semi-Urban,Odisha,Pending Documents,403000.0,Salaried,5.0,0,23.8,0,73.5,1,18.9,1,13.0,0,134.2,5.6,1
AU2028259,2024-01-09,2024-01,Business Loan,Semi-Urban,Maharashtra,Disbursed,1020000.0,Salaried,6.2,0,34.9,1,73.5,1,14.7,0,21.4,0,150.7,6.3,1
AU2028260,2024-02-11,2024-02,Personal Loan,Semi-Urban,Tamil Nadu,Disbursed,852000.0,Farmer,8.0,0,29.9,1,25.9,0,14.2,0,23.3,0,101.3,4.2,1
AU2028261,2024-01-04,2024-01,Vehicle Finance,Urban,Rajasthan,Rejected,184000.0,Salaried,2.4,0,15.6,0,13.8,0,9.0,0,0.0,0,40.8,1.7,0
AU2028262,2025-04-19,2025-04,Business Loan,Rural,Maharashtra,Under Review,373000.0,Self-Employed,15.5,1,52.8,1,45.4,0,0.0,0,0.0,0,113.7,4.7,1
AU2028263,2024-12-27,2024-12,Business Loan,Urban,Gujarat,Disbursed,160000.0,Salaried,2.0,0,13.2,0,28.3,0,4.9,0,13.8,0,62.2,2.6,0
AU2028264,2025-03-30,2025-03,MSME Loan,Rural,Odisha,Disbursed,126000.0,Salaried,12.9,1,26.0,1,114.9,1,18.4,1,46.8,1,219.0,9.1,1
AU2028265,2024-08-01,2024-08,Home Loan,Semi-Urban,Uttar Pradesh,Disbursed,767000.0,Salaried,8.0,0,47.4,1,47.4,0,9.6,0,12.8,0,125.2,5.2,1
AU2028266,2024-12-20,2024-12,Personal Loan,Urban,Tamil Nadu,Under Review,342000.0,Self-Employed,3.3,0,17.9,0,24.1,0,0.0,0,0.0,0,45.3,1.9,0
AU2028267,2024-04-15,2024-04,Business Loan,Semi-Urban,Maharashtra,Pending Documents,58000.0,MSME Owner,6.5,0,29.9,1,66.3,1,11.9,0,22.7,0,137.3,5.7,1
AU2028268,2024-11-23,2024-11,Business Loan,Rural,Maharashtra,Disbursed,305000.0,Self-Employed,12.2,1,36.5,1,45.0,0,13.2,0,27.7,1,134.6,5.6,1
AU2028269,2024-09-24,2024-09,Vehicle Finance,Urban,Uttar Pradesh,Disbursed,566000.0,Self-Employed,2.6,0,11.4,0,14.9,0,8.2,0,7.1,0,44.2,1.8,0
AU2028270,2024-07-29,2024-07,Business Loan,Semi-Urban,Tamil Nadu,Disbursed,50000.0,Farmer,8.8,1,35.8,1,52.0,1,14.9,0,27.0,1,138.5,5.8,1
AU2028271,2025-04-25,2025-04,Business Loan,Semi-Urban,Madhya Pradesh,Disbursed,127000.0,Self-Employed,4.5,0,30.8,1,75.2,1,8.8,0,24.4,1,143.7,6.0,1
AU2028272,2024-11-08,2024-11,Personal Loan,Urban,Maharashtra,Rejected,255000.0,Salaried,4.2,0,15.4,0,34.0,0,9.8,0,0.0,0,63.4,2.6,0
AU2028273,2024-11-01,2024-11,Business Loan,Rural,Rajasthan,Rejected,139000.0,Self-Employed,13.6,1,38.3,1,81.0,1,25.9,1,0.0,0,158.8,6.6,1
AU2028274,2025-01-02,2025-01,MSME Loan,Urban,Maharashtra,Disbursed,281000.0,Self-Employed,3.0,0,23.8,0,33.6,0,7.3,0,11.6,0,79.3,3.3,0
AU2028275,2024-11-09,2024-11,Personal Loan,Urban,Tamil Nadu,Disbursed,172000.0,Self-Employed,5.4,0,11.1,0,26.6,0,4.3,0,9.8,0,57.2,2.4,0
AU2028276,2024-11-17,2024-11,Vehicle Finance,Urban,Gujarat,Disbursed,62000.0,Salaried,2.2,0,9.5,0,28.3,0,10.8,0,7.9,0,58.7,2.4,0
AU2028277,2024-06-27,2024-06,Business Loan,Urban,Uttar Pradesh,Disbursed,566000.0,Salaried,5.8,0,19.7,0,55.2,1,6.2,0,13.1,0,100.0,4.2,1
AU2028278,2024-01-03,2024-01,Home Loan,Semi-Urban,Haryana,Disbursed,305000.0,Salaried,9.3,1,42.2,1,24.7,0,8.4,0,15.3,0,99.9,4.2,1
AU2028279,2024-04-30,2024-04,Personal Loan,Urban,Karnataka,Disbursed,87000.0,MSME Owner,3.9,0,17.6,0,15.7,0,6.5,0,14.6,0,58.3,2.4,0
AU2028280,2024-03-01,2024-03,Business Loan,Urban,Madhya Pradesh,Disbursed,1074000.0,Self-Employed,2.5,0,21.4,0,18.9,0,7.8,0,9.1,0,59.7,2.5,0
AU2028281,2025-05-15,2025-05,MSME Loan,Semi-Urban,Karnataka,Disbursed,410000.0,MSME Owner,7.2,0,15.5,0,61.2,1,13.9,0,21.4,0,119.2,5.0,1
AU2028282,2024-11-12,2024-11,Personal Loan,Urban,Gujarat,Disbursed,50000.0,Salaried,4.5,0,8.9,0,22.4,0,8.2,0,9.7,0,53.7,2.2,0
AU2028283,2025-03-17,2025-03,MSME Loan,Urban,Punjab,Under Review,209000.0,MSME Owner,3.8,0,22.8,0,44.8,0,0.0,0,0.0,0,71.4,3.0,0
AU2028284,2024-09-16,2024-09,Vehicle Finance,Semi-Urban,Karnataka,Disbursed,360000.0,Self-Employed,9.6,1,35.8,1,22.9,0,17.0,1,20.4,0,105.7,4.4,1
AU2028285,2024-08-25,2024-08,Vehicle Finance,Rural,Madhya Pradesh,Under Review,550000.0,MSME Owner,11.8,1,48.0,1,49.5,1,0.0,0,0.0,0,109.3,4.6,1
AU2028286,2024-05-21,2024-05,Personal Loan,Semi-Urban,Madhya Pradesh,Rejected,273000.0,Self-Employed,8.6,1,30.3,1,30.5,0,8.8,0,0.0,0,78.2,3.3,1
AU2028287,2024-04-09,2024-04,Vehicle Finance,Urban,Rajasthan,Disbursed,173000.0,Salaried,3.2,0,15.3,0,23.5,0,8.7,0,10.3,0,61.0,2.5,0
AU2028288,2025-02-11,2025-02,MSME Loan,Semi-Urban,Gujarat,Disbursed,306000.0,Self-Employed,7.5,0,33.3,1,63.9,1,18.4,1,11.1,0,134.2,5.6,1
AU2028289,2024-12-16,2024-12,Business Loan,Urban,Maharashtra,Rejected,147000.0,Self-Employed,5.1,0,14.2,0,25.1,0,6.3,0,0.0,0,50.7,2.1,0
AU2028290,2024-09-11,2024-09,Personal Loan,Urban,Tamil Nadu,Disbursed,121000.0,Salaried,3.5,0,22.5,0,24.3,0,11.9,0,12.5,0,74.7,3.1,0
AU2028291,2024-03-22,2024-03,MSME Loan,Urban,Maharashtra,Disbursed,1495000.0,MSME Owner,5.9,0,21.2,0,38.7,0,4.7,0,10.4,0,80.9,3.4,0
AU2028292,2024-01-28,2024-01,Personal Loan,Urban,Rajasthan,Disbursed,910000.0,Salaried,3.2,0,12.2,0,19.1,0,6.9,0,8.9,0,50.3,2.1,0
AU2028293,2024-05-25,2024-05,MSME Loan,Semi-Urban,Punjab,Disbursed,179000.0,Self-Employed,5.1,0,17.2,0,39.5,0,9.5,0,23.0,0,94.3,3.9,0
AU2028294,2024-08-10,2024-08,Home Loan,Urban,Madhya Pradesh,Rejected,79000.0,Self-Employed,4.2,0,11.1,0,27.7,0,9.9,0,0.0,0,52.9,2.2,0
AU2028295,2024-06-20,2024-06,Personal Loan,Urban,Uttar Pradesh,Disbursed,179000.0,Farmer,5.1,0,21.4,0,24.4,0,8.2,0,9.6,0,68.7,2.9,0
AU2028296,2025-02-16,2025-02,MSME Loan,Rural,Odisha,Disbursed,991000.0,Salaried,16.6,1,40.1,1,69.2,1,24.0,1,37.4,1,187.3,7.8,1
AU2028297,2024-01-23,2024-01,Business Loan,Rural,Tamil Nadu,Pending Documents,105000.0,Self-Employed,13.6,1,44.0,1,72.8,1,29.0,1,25.3,1,184.7,7.7,1
AU2028298,2025-01-14,2025-01,Personal Loan,Rural,Gujarat,Disbursed,114000.0,Farmer,15.9,1,57.1,1,69.6,1,13.5,0,31.0,1,187.1,7.8,1
AU2028299,2025-04-18,2025-04,Vehicle Finance,Rural,Rajasthan,Disbursed,550000.0,Farmer,10.2,1,55.2,1,48.6,1,21.3,1,29.2,1,164.5,6.9,1
AU2028300,2024-03-31,2024-03,Personal Loan,Urban,Karnataka,Disbursed,1754000.0,Self-Employed,3.6,0,22.5,0,30.1,0,4.2,0,15.7,0,76.1,3.2,0
AU2028301,2025-02-06,2025-02,MSME Loan,Rural,Maharashtra,Under Review,228000.0,Self-Employed,10.8,1,47.6,1,90.0,1,0.0,0,0.0,0,148.4,6.2,1
AU2028302,2024-09-05,2024-09,Business Loan,Semi-Urban,Rajasthan,Disbursed,738000.0,Salaried,9.8,1,23.4,0,30.1,0,8.7,0,16.1,0,88.1,3.7,1
AU2028303,2024-02-29,2024-02,Business Loan,Rural,Karnataka,Rejected,309000.0,Farmer,13.9,1,39.7,1,55.2,1,22.5,1,0.0,0,131.3,5.5,1
AU2028304,2025-04-03,2025-04,Business Loan,Rural,Gujarat,Disbursed,411000.0,Salaried,15.4,1,32.3,1,81.9,1,19.2,1,22.5,0,171.3,7.1,1
AU2028305,2025-01-04,2025-01,Business Loan,Urban,Madhya Pradesh,Disbursed,887000.0,MSME Owner,4.0,0,13.5,0,36.7,0,10.0,0,6.2,0,70.4,2.9,0
AU2028306,2024-10-30,2024-10,Vehicle Finance,Semi-Urban,Tamil Nadu,Under Review,80000.0,Self-Employed,7.7,0,13.1,0,44.5,0,0.0,0,0.0,0,65.3,2.7,0
AU2028307,2024-06-15,2024-06,Personal Loan,Semi-Urban,Odisha,Disbursed,323000.0,Salaried,9.1,1,16.9,0,27.8,0,10.1,0,26.7,1,90.6,3.8,1
AU2028308,2024-04-11,2024-04,Home Loan,Semi-Urban,Haryana,Disbursed,4703000.0,Self-Employed,5.9,0,48.2,1,18.7,0,15.5,0,17.1,0,105.4,4.4,1
AU2028309,2024-04-27,2024-04,Home Loan,Urban,Punjab,Disbursed,635000.0,Self-Employed,5.9,0,35.3,1,18.0,0,4.8,0,13.1,0,77.1,3.2,1
AU2028310,2024-06-15,2024-06,Business Loan,Rural,Gujarat,Disbursed,3045000.0,Salaried,14.8,1,41.6,1,100.3,1,14.5,0,27.0,1,198.2,8.3,1
AU2028311,2024-02-20,2024-02,MSME Loan,Semi-Urban,Madhya Pradesh,Pending Documents,320000.0,MSME Owner,9.6,1,19.6,0,29.6,0,17.6,1,24.5,1,100.9,4.2,1
AU2028312,2025-01-12,2025-01,Vehicle Finance,Semi-Urban,Madhya Pradesh,Under Review,423000.0,Salaried,4.8,0,22.5,0,42.6,0,0.0,0,0.0,0,69.9,2.9,0
AU2028313,2025-03-21,2025-03,Personal Loan,Urban,Haryana,Disbursed,76000.0,Salaried,3.1,0,11.9,0,22.1,0,5.1,0,11.9,0,54.1,2.3,0
AU2028314,2024-07-11,2024-07,MSME Loan,Semi-Urban,Madhya Pradesh,Under Review,164000.0,MSME Owner,8.5,1,16.9,0,68.9,1,0.0,0,0.0,0,94.3,3.9,1
AU2028315,2024-02-07,2024-02,Vehicle Finance,Semi-Urban,Madhya Pradesh,Disbursed,1048000.0,Salaried,6.9,0,21.6,0,47.2,0,17.9,1,23.7,0,117.3,4.9,1
AU2028316,2024-10-26,2024-10,Personal Loan,Urban,Tamil Nadu,Disbursed,155000.0,Self-Employed,3.4,0,17.0,0,12.2,0,6.6,0,15.2,0,54.4,2.3,0
AU2028317,2024-01-28,2024-01,Vehicle Finance,Rural,Tamil Nadu,Rejected,266000.0,Farmer,8.1,1,33.4,1,50.3,1,28.9,1,0.0,0,120.7,5.0,1
AU2028318,2024-03-15,2024-03,Vehicle Finance,Urban,Haryana,Disbursed,1350000.0,Self-Employed,3.3,0,9.4,0,13.1,0,7.5,0,10.2,0,43.5,1.8,0
AU2028319,2025-04-20,2025-04,Vehicle Finance,Semi-Urban,Madhya Pradesh,Disbursed,191000.0,Self-Employed,9.2,1,22.9,0,33.6,0,13.8,0,17.0,0,96.5,4.0,1
AU2028320,2024-08-20,2024-08,Personal Loan,Urban,Odisha,Disbursed,128000.0,Farmer,5.2,0,19.0,0,29.3,0,4.4,0,12.8,0,70.7,2.9,0
AU2028321,2024-07-17,2024-07,MSME Loan,Urban,Maharashtra,Disbursed,702000.0,Salaried,4.3,0,9.9,0,35.6,0,9.8,0,8.0,0,67.6,2.8,0
AU2028322,2024-03-10,2024-03,Home Loan,Urban,Punjab,Disbursed,711000.0,Farmer,2.9,0,12.5,0,32.4,0,9.2,0,7.9,0,64.9,2.7,0
AU2028323,2025-01-03,2025-01,Vehicle Finance,Rural,Tamil Nadu,Disbursed,130000.0,Salaried,10.7,1,47.5,1,32.5,0,26.7,1,40.5,1,157.9,6.6,1
AU2028324,2024-11-19,2024-11,Vehicle Finance,Urban,Madhya Pradesh,Pending Documents,50000.0,Farmer,5.5,0,15.3,0,22.1,0,4.8,0,17.1,0,64.8,2.7,0
AU2028325,2025-05-14,2025-05,MSME Loan,Urban,Punjab,Rejected,136000.0,MSME Owner,2.9,0,17.8,0,26.5,0,10.3,0,0.0,0,57.5,2.4,0
AU2028326,2024-04-13,2024-04,Home Loan,Urban,Uttar Pradesh,Disbursed,392000.0,Salaried,4.5,0,20.8,0,28.6,0,7.9,0,9.7,0,71.5,3.0,0
AU2028327,2024-03-06,2024-03,Personal Loan,Urban,Punjab,Disbursed,107000.0,MSME Owner,2.6,0,18.6,0,16.3,0,5.8,0,12.4,0,55.7,2.3,0
AU2028328,2024-12-20,2024-12,Business Loan,Semi-Urban,Rajasthan,Pending Documents,345000.0,Farmer,5.1,0,20.8,0,31.3,0,15.7,0,22.0,0,94.9,4.0,0
AU2028329,2024-01-31,2024-01,Home Loan,Semi-Urban,Odisha,Rejected,77000.0,Salaried,9.7,1,23.7,0,21.6,0,19.3,1,0.0,0,74.3,3.1,1
AU2028330,2024-03-10,2024-03,Home Loan,Urban,Uttar Pradesh,Under Review,1366000.0,Farmer,2.8,0,23.1,0,30.1,0,0.0,0,0.0,0,56.0,2.3,0
AU2028331,2025-03-12,2025-03,Personal Loan,Semi-Urban,Gujarat,Disbursed,577000.0,Salaried,6.0,0,16.8,0,18.7,0,9.8,0,25.9,1,77.2,3.2,1
AU2028332,2024-08-22,2024-08,Personal Loan,Rural,Tamil Nadu,Rejected,57000.0,Farmer,12.8,1,30.2,1,44.6,0,15.5,0,0.0,0,103.1,4.3,1
AU2028333,2024-03-28,2024-03,Vehicle Finance,Urban,Haryana,Rejected,377000.0,Farmer,3.4,0,13.7,0,29.7,0,8.2,0,0.0,0,55.0,2.3,0
AU2028334,2024-04-22,2024-04,MSME Loan,Rural,Punjab,Disbursed,229000.0,Self-Employed,12.3,1,33.4,1,71.7,1,20.0,1,24.3,1,161.7,6.7,1
AU2028335,2024-11-05,2024-11,MSME Loan,Rural,Uttar Pradesh,Rejected,61000.0,Self-Employed,11.7,1,49.8,1,82.9,1,22.8,1,0.0,0,167.2,7.0,1
AU2028336,2025-02-08,2025-02,Vehicle Finance,Rural,Maharashtra,Disbursed,306000.0,MSME Owner,8.9,1,55.4,1,25.9,0,27.4,1,18.8,0,136.4,5.7,1
AU2028337,2025-04-08,2025-04,Personal Loan,Rural,Odisha,Under Review,50000.0,Farmer,9.2,1,43.0,1,27.7,0,0.0,0,0.0,0,79.9,3.3,1
AU2028338,2024-10-22,2024-10,Personal Loan,Rural,Maharashtra,Disbursed,1262000.0,Salaried,18.0,1,36.5,1,67.4,1,29.1,1,46.5,1,197.5,8.2,1
AU2028339,2025-03-13,2025-03,Home Loan,Urban,Karnataka,Disbursed,1319000.0,Self-Employed,3.4,0,31.6,1,29.9,0,6.2,0,6.2,0,77.3,3.2,1
AU2028340,2024-02-14,2024-02,Personal Loan,Semi-Urban,Madhya Pradesh,Disbursed,1101000.0,Salaried,7.6,0,26.6,1,32.3,0,19.4,1,11.9,0,97.8,4.1,1
AU2028341,2025-03-14,2025-03,Business Loan,Rural,Haryana,Disbursed,986000.0,Self-Employed,14.7,1,48.0,1,34.9,0,20.2,1,28.0,1,145.8,6.1,1
AU2028342,2024-09-07,2024-09,Vehicle Finance,Semi-Urban,Karnataka,Rejected,68000.0,Salaried,6.2,0,17.8,0,38.5,0,15.2,0,0.0,0,77.7,3.2,0
AU2028343,2024-10-29,2024-10,MSME Loan,Semi-Urban,Madhya Pradesh,Disbursed,637000.0,Salaried,7.2,0,20.1,0,68.4,1,13.9,0,26.5,1,136.1,5.7,1
AU2028344,2025-03-04,2025-03,Personal Loan,Semi-Urban,Tamil Nadu,Under Review,120000.0,Self-Employed,9.8,1,27.2,1,37.3,0,0.0,0,0.0,0,74.3,3.1,1
AU2028345,2024-05-22,2024-05,Business Loan,Urban,Tamil Nadu,Disbursed,170000.0,MSME Owner,4.6,0,23.9,0,23.1,0,7.2,0,15.7,0,74.5,3.1,0
AU2028346,2025-01-08,2025-01,Personal Loan,Urban,Rajasthan,Disbursed,339000.0,Self-Employed,5.4,0,22.2,0,15.8,0,9.7,0,9.3,0,62.4,2.6,0
AU2028347,2025-01-11,2025-01,Personal Loan,Rural,Haryana,Disbursed,254000.0,Salaried,11.2,1,31.2,1,44.9,0,19.7,1,30.3,1,137.3,5.7,1
AU2028348,2024-05-06,2024-05,MSME Loan,Urban,Madhya Pradesh,Disbursed,499000.0,Self-Employed,5.8,0,19.1,0,24.0,0,5.0,0,12.2,0,66.1,2.8,0
AU2028349,2024-08-10,2024-08,Home Loan,Urban,Punjab,Disbursed,109000.0,Farmer,4.9,0,27.3,1,30.9,0,4.8,0,8.4,0,76.3,3.2,1
AU2028350,2024-04-23,2024-04,Personal Loan,Urban,Odisha,Under Review,560000.0,MSME Owner,4.6,0,16.9,0,23.7,0,0.0,0,0.0,0,45.2,1.9,0
AU2028351,2025-04-29,2025-04,Personal Loan,Urban,Odisha,Disbursed,76000.0,Salaried,3.6,0,24.0,0,30.6,0,11.0,0,10.4,0,79.6,3.3,0
AU2028352,2025-04-12,2025-04,Personal Loan,Rural,Maharashtra,Under Review,756000.0,Farmer,12.7,1,32.0,1,48.8,1,0.0,0,0.0,0,93.5,3.9,1
AU2028353,2025-04-04,2025-04,Vehicle Finance,Semi-Urban,Odisha,Disbursed,306000.0,Self-Employed,5.9,0,32.5,1,39.4,0,17.9,1,13.6,0,109.3,4.6,1
AU2028354,2024-08-01,2024-08,Personal Loan,Rural,Rajasthan,Disbursed,72000.0,Self-Employed,15.3,1,43.3,1,67.4,1,14.8,0,32.8,1,173.6,7.2,1
AU2028355,2024-01-21,2024-01,Personal Loan,Rural,Rajasthan,Pending Documents,285000.0,Self-Employed,11.1,1,34.1,1,65.3,1,24.3,1,44.4,1,179.2,7.5,1
AU2028356,2025-01-10,2025-01,Personal Loan,Semi-Urban,Tamil Nadu,Rejected,204000.0,Salaried,9.5,1,13.1,0,32.4,0,13.5,0,0.0,0,68.5,2.9,1
AU2028357,2024-01-18,2024-01,Business Loan,Semi-Urban,Karnataka,Disbursed,670000.0,Salaried,8.7,1,35.7,1,64.7,1,18.2,1,26.9,1,154.2,6.4,1
AU2028358,2024-09-28,2024-09,MSME Loan,Rural,Haryana,Rejected,1086000.0,Farmer,14.8,1,51.4,1,50.7,1,28.4,1,0.0,0,145.3,6.1,1
AU2028359,2024-09-02,2024-09,Personal Loan,Rural,Haryana,Disbursed,863000.0,Salaried,10.6,1,25.3,1,28.3,0,22.7,1,44.0,1,130.9,5.5,1
AU2028360,2024-08-19,2024-08,Business Loan,Semi-Urban,Gujarat,Under Review,1202000.0,Self-Employed,7.9,0,17.2,0,74.9,1,0.0,0,0.0,0,100.0,4.2,1
AU2028361,2024-05-03,2024-05,Business Loan,Semi-Urban,Tamil Nadu,Disbursed,67000.0,Salaried,5.5,0,16.4,0,64.9,1,10.7,0,23.9,0,121.4,5.1,1
AU2028362,2024-10-12,2024-10,Vehicle Finance,Urban,Gujarat,Disbursed,346000.0,Salaried,4.8,0,21.2,0,19.9,0,8.5,0,9.5,0,63.9,2.7,0
AU2028363,2024-12-20,2024-12,Personal Loan,Urban,Rajasthan,Rejected,708000.0,Self-Employed,3.6,0,13.9,0,23.0,0,6.5,0,0.0,0,47.0,2.0,0
AU2028364,2025-05-01,2025-05,Personal Loan,Rural,Haryana,Disbursed,113000.0,MSME Owner,16.3,1,31.4,1,56.5,1,15.4,0,21.7,0,141.3,5.9,1
AU2028365,2024-03-08,2024-03,MSME Loan,Urban,Madhya Pradesh,Disbursed,2696000.0,Salaried,3.9,0,22.7,0,26.8,0,8.3,0,10.9,0,72.6,3.0,0
AU2028366,2024-05-31,2024-05,Business Loan,Semi-Urban,Punjab,Disbursed,791000.0,Salaried,4.5,0,35.8,1,63.1,1,17.6,1,20.8,0,141.8,5.9,1
AU2028367,2024-11-27,2024-11,Business Loan,Semi-Urban,Madhya Pradesh,Disbursed,174000.0,MSME Owner,7.2,0,35.0,1,57.5,1,9.8,0,18.6,0,128.1,5.3,1
AU2028368,2024-01-09,2024-01,Personal Loan,Semi-Urban,Gujarat,Disbursed,382000.0,Farmer,9.7,1,17.3,0,39.9,0,19.3,1,20.3,0,106.5,4.4,1
AU2028369,2024-12-08,2024-12,Personal Loan,Rural,Tamil Nadu,Under Review,243000.0,MSME Owner,10.9,1,30.9,1,54.0,1,0.0,0,0.0,0,95.8,4.0,1
AU2028370,2024-03-23,2024-03,Personal Loan,Urban,Uttar Pradesh,Disbursed,578000.0,Self-Employed,4.7,0,20.3,0,16.5,0,11.4,0,15.4,0,68.3,2.8,0
AU2028371,2025-03-15,2025-03,Vehicle Finance,Rural,Tamil Nadu,Disbursed,57000.0,Self-Employed,8.9,1,40.4,1,48.3,1,23.1,1,19.9,0,140.6,5.9,1
AU2028372,2025-01-17,2025-01,Personal Loan,Semi-Urban,Odisha,Disbursed,618000.0,Salaried,4.3,0,16.4,0,38.8,0,19.9,1,15.9,0,95.3,4.0,1
AU2028373,2024-01-13,2024-01,MSME Loan,Rural,Odisha,Disbursed,964000.0,Farmer,12.7,1,58.7,1,77.2,1,16.2,1,47.2,1,212.0,8.8,1
AU2028374,2024-08-25,2024-08,Personal Loan,Rural,Tamil Nadu,Disbursed,102000.0,Farmer,9.8,1,38.7,1,54.7,1,29.6,1,27.1,1,159.9,6.7,1
AU2028375,2025-03-23,2025-03,Business Loan,Semi-Urban,Maharashtra,Disbursed,1791000.0,MSME Owner,4.6,0,28.9,1,52.2,1,10.9,0,18.9,0,115.5,4.8,1
AU2028376,2024-04-04,2024-04,MSME Loan,Semi-Urban,Haryana,Disbursed,472000.0,Self-Employed,6.6,0,25.5,1,48.3,1,18.9,1,18.2,0,117.5,4.9,1
AU2028377,2024-11-16,2024-11,Personal Loan,Semi-Urban,Punjab,Disbursed,215000.0,MSME Owner,9.6,1,22.6,0,28.6,0,13.9,0,26.2,1,100.9,4.2,1
AU2028378,2024-12-26,2024-12,MSME Loan,Rural,Tamil Nadu,Disbursed,50000.0,Self-Employed,8.3,1,29.8,1,65.6,1,18.6,1,26.4,1,148.7,6.2,1
AU2028379,2025-03-16,2025-03,Personal Loan,Semi-Urban,Rajasthan,Disbursed,262000.0,MSME Owner,6.2,0,31.2,1,23.0,0,9.9,0,22.2,0,92.5,3.9,1
AU2028380,2024-07-16,2024-07,MSME Loan,Urban,Gujarat,Disbursed,313000.0,MSME Owner,3.4,0,23.3,0,39.3,0,4.6,0,14.4,0,85.0,3.5,0
AU2028381,2024-09-28,2024-09,Vehicle Finance,Semi-Urban,Punjab,Pending Documents,245000.0,Salaried,7.9,0,23.0,0,26.2,0,16.3,1,22.0,0,95.4,4.0,1
AU2028382,2024-05-31,2024-05,MSME Loan,Rural,Rajasthan,Disbursed,390000.0,Self-Employed,10.8,1,43.9,1,87.0,1,22.6,1,46.6,1,210.9,8.8,1
AU2028383,2025-01-20,2025-01,Business Loan,Urban,Haryana,Rejected,50000.0,Self-Employed,2.0,0,13.0,0,26.4,0,10.7,0,0.0,0,52.1,2.2,0
AU2028384,2024-12-23,2024-12,Business Loan,Urban,Uttar Pradesh,Disbursed,148000.0,Salaried,3.9,0,13.1,0,39.0,0,6.8,0,15.8,0,78.6,3.3,0
AU2028385,2024-10-04,2024-10,MSME Loan,Semi-Urban,Odisha,Disbursed,129000.0,Salaried,4.6,0,20.3,0,57.9,1,14.2,0,14.4,0,111.4,4.6,1
AU2028386,2025-02-10,2025-02,Home Loan,Urban,Odisha,Disbursed,86000.0,MSME Owner,5.9,0,31.6,1,15.8,0,8.2,0,11.1,0,72.6,3.0,1
AU2028387,2025-02-07,2025-02,MSME Loan,Rural,Madhya Pradesh,Disbursed,519000.0,Farmer,9.9,1,35.5,1,62.0,1,17.2,1,43.6,1,168.2,7.0,1
AU2028388,2024-11-13,2024-11,Business Loan,Rural,Gujarat,Pending Documents,165000.0,MSME Owner,13.3,1,52.3,1,45.6,0,23.5,1,41.2,1,175.9,7.3,1
AU2028389,2025-01-11,2025-01,Home Loan,Rural,Punjab,Disbursed,791000.0,Salaried,12.8,1,49.3,1,38.9,0,15.2,0,42.4,1,158.6,6.6,1
AU2028390,2024-09-20,2024-09,MSME Loan,Urban,Rajasthan,Disbursed,284000.0,MSME Owner,2.3,0,18.2,0,22.1,0,11.8,0,16.8,0,71.2,3.0,0
AU2028391,2025-03-30,2025-03,MSME Loan,Urban,Punjab,Disbursed,50000.0,Salaried,4.4,0,11.7,0,47.6,0,9.2,0,12.9,0,85.8,3.6,0
AU2028392,2024-02-26,2024-02,MSME Loan,Semi-Urban,Rajasthan,Disbursed,444000.0,Self-Employed,7.8,0,34.4,1,51.3,1,20.0,1,12.9,0,126.4,5.3,1
AU2028393,2024-07-06,2024-07,Vehicle Finance,Urban,Haryana,Disbursed,307000.0,Salaried,2.9,0,11.4,0,19.7,0,5.1,0,15.7,0,54.8,2.3,0
AU2028394,2024-11-12,2024-11,Personal Loan,Semi-Urban,Tamil Nadu,Disbursed,370000.0,Self-Employed,4.8,0,14.6,0,36.2,0,17.9,1,26.2,1,99.7,4.2,1
AU2028395,2024-07-06,2024-07,Business Loan,Urban,Rajasthan,Disbursed,368000.0,MSME Owner,3.1,0,15.7,0,54.1,1,10.0,0,6.6,0,89.5,3.7,1
AU2028396,2024-03-30,2024-03,Personal Loan,Rural,Punjab,Disbursed,116000.0,Farmer,15.7,1,56.1,1,40.4,0,17.0,1,22.6,0,151.8,6.3,1
AU2028397,2024-12-26,2024-12,MSME Loan,Urban,Karnataka,Disbursed,459000.0,Salaried,5.1,0,22.2,0,49.2,1,8.5,0,17.9,0,102.9,4.3,1
AU2028398,2024-10-14,2024-10,Personal Loan,Rural,Gujarat,Disbursed,83000.0,Salaried,11.2,1,30.3,1,47.2,0,14.7,0,22.1,0,125.5,5.2,1
AU2028399,2024-03-11,2024-03,MSME Loan,Rural,Madhya Pradesh,Pending Documents,233000.0,MSME Owner,15.7,1,54.1,1,87.0,1,17.9,1,22.7,0,197.4,8.2,1
AU2028400,2024-05-02,2024-05,Personal Loan,Rural,Punjab,Rejected,160000.0,Salaried,15.3,1,42.4,1,44.9,0,17.6,1,0.0,0,120.2,5.0,1
AU2028401,2024-02-28,2024-02,MSME Loan,Rural,Karnataka,Disbursed,256000.0,Self-Employed,11.3,1,42.4,1,82.7,1,15.6,0,41.4,1,193.4,8.1,1
AU2028402,2025-01-12,2025-01,Vehicle Finance,Rural,Tamil Nadu,Disbursed,513000.0,MSME Owner,13.8,1,59.0,1,43.9,0,19.5,1,45.3,1,181.5,7.6,1
AU2028403,2025-03-22,2025-03,Vehicle Finance,Urban,Odisha,Rejected,93000.0,Self-Employed,3.2,0,12.8,0,21.5,0,4.6,0,0.0,0,42.1,1.8,0
AU2028404,2025-01-20,2025-01,Personal Loan,Urban,Madhya Pradesh,Disbursed,762000.0,Self-Employed,5.5,0,16.7,0,22.5,0,10.5,0,8.9,0,64.1,2.7,0
AU2028405,2024-06-13,2024-06,MSME Loan,Semi-Urban,Madhya Pradesh,Under Review,721000.0,Salaried,9.6,1,28.5,1,56.5,1,0.0,0,0.0,0,94.6,3.9,1
AU2028406,2025-04-04,2025-04,Business Loan,Semi-Urban,Punjab,Rejected,90000.0,MSME Owner,4.8,0,31.8,1,56.9,1,14.5,0,0.0,0,108.0,4.5,1
AU2028407,2024-09-14,2024-09,Home Loan,Rural,Uttar Pradesh,Disbursed,87000.0,Self-Employed,10.5,1,75.5,1,54.7,1,15.7,0,41.8,1,198.2,8.3,1
AU2028408,2024-05-21,2024-05,MSME Loan,Urban,Haryana,Rejected,132000.0,Farmer,2.4,0,16.4,0,36.8,0,8.9,0,0.0,0,64.5,2.7,0
AU2028409,2024-02-02,2024-02,MSME Loan,Urban,Rajasthan,Disbursed,63000.0,Self-Employed,3.1,0,11.0,0,55.2,1,8.5,0,13.3,0,91.1,3.8,1
AU2028410,2024-06-25,2024-06,Home Loan,Urban,Punjab,Rejected,472000.0,Salaried,5.3,0,27.7,1,21.3,0,6.9,0,0.0,0,61.2,2.5,1
AU2028411,2024-09-05,2024-09,MSME Loan,Urban,Tamil Nadu,Disbursed,122000.0,Salaried,6.0,0,17.4,0,22.1,0,9.3,0,17.9,0,72.7,3.0,0
AU2028412,2024-09-26,2024-09,Vehicle Finance,Semi-Urban,Karnataka,Disbursed,226000.0,Self-Employed,8.5,1,33.1,1,41.8,0,9.5,0,23.9,0,116.8,4.9,1
AU2028413,2024-08-28,2024-08,Vehicle Finance,Semi-Urban,Gujarat,Disbursed,207000.0,Salaried,4.4,0,24.6,1,23.2,0,14.5,0,16.4,0,83.1,3.5,1
AU2028414,2024-12-13,2024-12,MSME Loan,Rural,Karnataka,Pending Documents,928000.0,Salaried,14.8,1,57.5,1,77.3,1,15.4,0,33.8,1,198.8,8.3,1
AU2028415,2025-04-05,2025-04,Home Loan,Rural,Karnataka,Disbursed,474000.0,Salaried,17.3,1,76.6,1,37.0,0,26.6,1,28.4,1,185.9,7.7,1
AU2028416,2024-08-19,2024-08,Business Loan,Rural,Uttar Pradesh,Under Review,238000.0,Salaried,11.0,1,56.3,1,59.6,1,0.0,0,0.0,0,126.9,5.3,1
AU2028417,2024-07-07,2024-07,Personal Loan,Urban,Odisha,Disbursed,747000.0,MSME Owner,5.3,0,16.7,0,15.2,0,7.6,0,7.5,0,52.3,2.2,0
AU2028418,2024-04-06,2024-04,Personal Loan,Semi-Urban,Gujarat,Pending Documents,450000.0,MSME Owner,9.4,1,30.1,1,36.8,0,12.4,0,11.8,0,100.5,4.2,1
AU2028419,2024-02-14,2024-02,Vehicle Finance,Rural,Tamil Nadu,Disbursed,507000.0,Salaried,14.5,1,40.8,1,68.7,1,14.9,0,39.4,1,178.3,7.4,1
AU2028420,2024-07-19,2024-07,Home Loan,Rural,Gujarat,Disbursed,184000.0,Self-Employed,12.5,1,43.0,1,52.3,1,22.2,1,33.7,1,163.7,6.8,1
AU2028421,2024-05-27,2024-05,Personal Loan,Rural,Maharashtra,Disbursed,107000.0,Salaried,14.9,1,35.4,1,48.3,1,18.1,1,44.4,1,161.1,6.7,1
AU2028422,2024-02-25,2024-02,MSME Loan,Urban,Gujarat,Disbursed,437000.0,Salaried,5.2,0,14.5,0,41.0,0,7.6,0,16.8,0,85.1,3.5,0
AU2028423,2024-05-21,2024-05,Personal Loan,Semi-Urban,Maharashtra,Rejected,59000.0,Self-Employed,6.5,0,12.4,0,38.7,0,18.0,1,0.0,0,75.6,3.1,1
AU2028424,2024-12-22,2024-12,Business Loan,Urban,Gujarat,Disbursed,547000.0,Salaried,2.6,0,20.7,0,29.3,0,4.2,0,12.9,0,69.7,2.9,0
AU2028425,2024-09-11,2024-09,Personal Loan,Rural,Maharashtra,Disbursed,910000.0,Self-Employed,10.5,1,48.8,1,50.3,1,26.2,1,31.8,1,167.6,7.0,1
AU2028426,2025-03-23,2025-03,Personal Loan,Urban,Maharashtra,Pending Documents,1760000.0,Farmer,2.1,0,18.6,0,18.9,0,6.2,0,8.7,0,54.5,2.3,0
AU2028427,2024-09-23,2024-09,MSME Loan,Urban,Madhya Pradesh,Disbursed,61000.0,Salaried,2.6,0,22.4,0,33.5,0,11.3,0,15.8,0,85.6,3.6,0
AU2028428,2024-05-30,2024-05,MSME Loan,Urban,Rajasthan,Disbursed,50000.0,Self-Employed,2.2,0,23.5,0,18.4,0,5.4,0,14.1,0,63.6,2.6,0
AU2028429,2025-05-11,2025-05,Personal Loan,Urban,Haryana,Disbursed,1383000.0,Salaried,3.0,0,12.3,0,24.0,0,7.5,0,11.7,0,58.5,2.4,0
AU2028430,2025-04-22,2025-04,Vehicle Finance,Urban,Karnataka,Disbursed,378000.0,Salaried,5.8,0,19.1,0,15.6,0,11.8,0,10.4,0,62.7,2.6,0
AU2028431,2024-08-30,2024-08,MSME Loan,Urban,Maharashtra,Disbursed,708000.0,MSME Owner,2.1,0,8.3,0,48.5,1,5.3,0,17.0,0,81.2,3.4,1
AU2028432,2024-08-03,2024-08,Business Loan,Rural,Punjab,Disbursed,50000.0,MSME Owner,11.2,1,32.0,1,39.6,0,13.0,0,27.2,1,123.0,5.1,1
AU2028433,2025-01-12,2025-01,Home Loan,Urban,Tamil Nadu,Disbursed,383000.0,Farmer,4.6,0,33.9,1,33.9,0,4.5,0,17.5,0,94.4,3.9,1
AU2028434,2024-05-29,2024-05,Personal Loan,Rural,Rajasthan,Disbursed,1968000.0,Farmer,14.2,1,39.3,1,29.4,0,26.2,1,21.8,0,130.9,5.5,1
AU2028435,2024-02-02,2024-02,Home Loan,Semi-Urban,Madhya Pradesh,Disbursed,366000.0,Self-Employed,8.6,1,51.7,1,25.9,0,19.4,1,27.3,1,132.9,5.5,1
AU2028436,2025-03-22,2025-03,MSME Loan,Rural,Rajasthan,Rejected,294000.0,MSME Owner,17.4,1,44.5,1,98.1,1,24.7,1,0.0,0,184.7,7.7,1
AU2028437,2025-03-03,2025-03,Personal Loan,Rural,Madhya Pradesh,Disbursed,152000.0,Salaried,14.4,1,52.4,1,52.0,1,27.9,1,24.3,1,171.0,7.1,1
AU2028438,2024-11-26,2024-11,Business Loan,Semi-Urban,Karnataka,Under Review,200000.0,MSME Owner,8.9,1,18.6,0,27.8,0,0.0,0,0.0,0,55.3,2.3,1
AU2028439,2024-07-29,2024-07,Business Loan,Urban,Punjab,Disbursed,275000.0,Self-Employed,2.4,0,9.8,0,49.9,1,4.3,0,14.3,0,80.7,3.4,1
AU2028440,2024-06-24,2024-06,MSME Loan,Urban,Odisha,Disbursed,58000.0,Self-Employed,5.3,0,10.2,0,41.4,0,11.5,0,6.7,0,75.1,3.1,0
AU2028441,2024-09-05,2024-09,Personal Loan,Semi-Urban,Punjab,Pending Documents,867000.0,Salaried,6.0,0,14.4,0,28.9,0,8.5,0,17.0,0,74.8,3.1,0
AU2028442,2024-12-06,2024-12,Vehicle Finance,Rural,Odisha,Under Review,149000.0,Salaried,14.0,1,42.8,1,48.8,1,0.0,0,0.0,0,105.6,4.4,1
AU2028443,2025-03-07,2025-03,Personal Loan,Semi-Urban,Karnataka,Disbursed,538000.0,Farmer,4.1,0,34.5,1,43.9,0,17.0,1,27.7,1,127.2,5.3,1
AU2028444,2024-08-15,2024-08,Personal Loan,Semi-Urban,Karnataka,Under Review,345000.0,Self-Employed,6.6,0,33.9,1,34.2,0,0.0,0,0.0,0,74.7,3.1,1
AU2028445,2024-06-04,2024-06,Personal Loan,Rural,Tamil Nadu,Pending Documents,89000.0,Farmer,14.8,1,50.8,1,57.6,1,20.3,1,26.2,1,169.7,7.1,1
AU2028446,2024-03-08,2024-03,Business Loan,Semi-Urban,Odisha,Disbursed,1928000.0,MSME Owner,8.5,1,14.5,0,43.5,0,11.2,0,19.7,0,97.4,4.1,1
AU2028447,2024-03-28,2024-03,Personal Loan,Rural,Uttar Pradesh,Disbursed,804000.0,Salaried,15.8,1,25.9,1,55.7,1,28.6,1,36.5,1,162.5,6.8,1
AU2028448,2024-04-26,2024-04,Home Loan,Rural,Uttar Pradesh,Disbursed,50000.0,Salaried,9.9,1,65.5,1,62.1,1,27.8,1,30.9,1,196.2,8.2,1
AU2028449,2024-07-09,2024-07,Business Loan,Semi-Urban,Tamil Nadu,Rejected,601000.0,Salaried,5.8,0,24.8,1,47.7,0,16.5,1,0.0,0,94.8,4.0,1
AU2028450,2025-01-29,2025-01,Personal Loan,Urban,Uttar Pradesh,Under Review,724000.0,Self-Employed,4.0,0,23.5,0,14.9,0,0.0,0,0.0,0,42.4,1.8,0
AU2028451,2024-03-16,2024-03,Personal Loan,Semi-Urban,Rajasthan,Rejected,935000.0,Self-Employed,9.3,1,27.5,1,41.0,0,17.7,1,0.0,0,95.5,4.0,1
AU2028452,2024-05-25,2024-05,Home Loan,Semi-Urban,Punjab,Disbursed,63000.0,MSME Owner,5.9,0,35.9,1,25.5,0,16.4,1,27.6,1,111.3,4.6,1
AU2028453,2025-05-04,2025-05,MSME Loan,Semi-Urban,Tamil Nadu,Disbursed,366000.0,Self-Employed,5.2,0,20.4,0,45.7,0,19.3,1,17.7,0,108.3,4.5,1
AU2028454,2024-11-12,2024-11,Vehicle Finance,Rural,Maharashtra,Disbursed,129000.0,Self-Employed,15.1,1,34.7,1,59.1,1,28.0,1,28.1,1,165.0,6.9,1
AU2028455,2024-12-30,2024-12,Personal Loan,Semi-Urban,Maharashtra,Disbursed,58000.0,Self-Employed,7.8,0,21.8,0,45.7,0,12.8,0,15.5,0,103.6,4.3,0
AU2028456,2024-05-26,2024-05,MSME Loan,Urban,Karnataka,Disbursed,305000.0,Salaried,4.5,0,15.2,0,42.3,0,6.3,0,16.9,0,85.2,3.5,0
AU2028457,2025-05-13,2025-05,Business Loan,Semi-Urban,Maharashtra,Pending Documents,74000.0,Self-Employed,5.0,0,13.6,0,74.1,1,17.2,1,26.5,1,136.4,5.7,1
AU2028458,2025-03-05,2025-03,Home Loan,Urban,Maharashtra,Disbursed,263000.0,Self-Employed,4.3,0,12.8,0,19.4,0,9.1,0,7.2,0,52.8,2.2,0
AU2028459,2024-03-23,2024-03,Personal Loan,Semi-Urban,Maharashtra,Disbursed,633000.0,Salaried,4.2,0,35.0,1,18.8,0,8.0,0,15.8,0,81.8,3.4,1
AU2028460,2024-02-29,2024-02,Personal Loan,Semi-Urban,Madhya Pradesh,Under Review,1472000.0,Farmer,5.1,0,23.7,0,37.3,0,0.0,0,0.0,0,66.1,2.8,0
AU2028461,2024-06-11,2024-06,Home Loan,Semi-Urban,Rajasthan,Disbursed,239000.0,Salaried,6.2,0,18.2,0,41.4,0,12.0,0,22.0,0,99.8,4.2,0
AU2028462,2024-03-05,2024-03,Business Loan,Rural,Odisha,Under Review,252000.0,Salaried,11.7,1,39.3,1,111.7,1,0.0,0,0.0,0,162.7,6.8,1
AU2028463,2024-05-13,2024-05,Home Loan,Semi-Urban,Tamil Nadu,Disbursed,1062000.0,Salaried,4.4,0,43.1,1,43.5,0,12.9,0,19.9,0,123.8,5.2,1
AU2028464,2024-04-04,2024-04,Business Loan,Semi-Urban,Punjab,Disbursed,254000.0,Self-Employed,4.2,0,26.9,1,35.3,0,12.6,0,17.4,0,96.4,4.0,1
AU2028465,2024-10-14,2024-10,Business Loan,Urban,Madhya Pradesh,Under Review,1588000.0,Self-Employed,4.4,0,17.8,0,40.9,0,0.0,0,0.0,0,63.1,2.6,0
AU2028466,2024-12-06,2024-12,MSME Loan,Semi-Urban,Rajasthan,Disbursed,755000.0,Self-Employed,8.0,0,15.8,0,48.1,1,12.8,0,24.1,1,108.8,4.5,1
AU2028467,2025-05-15,2025-05,Personal Loan,Semi-Urban,Punjab,Under Review,255000.0,Farmer,9.1,1,21.0,0,46.2,0,0.0,0,0.0,0,76.3,3.2,1
AU2028468,2024-03-16,2024-03,MSME Loan,Rural,Punjab,Disbursed,410000.0,Self-Employed,11.3,1,48.6,1,38.1,0,12.8,0,28.6,1,139.4,5.8,1
AU2028469,2024-08-17,2024-08,Personal Loan,Semi-Urban,Punjab,Pending Documents,117000.0,MSME Owner,7.9,0,12.2,0,33.4,0,17.8,1,21.8,0,93.1,3.9,1
AU2028470,2025-05-14,2025-05,Personal Loan,Rural,Karnataka,Pending Documents,101000.0,Salaried,8.6,1,55.4,1,68.6,1,23.4,1,40.9,1,196.9,8.2,1
AU2028471,2024-09-30,2024-09,Home Loan,Urban,Maharashtra,Disbursed,128000.0,MSME Owner,5.2,0,12.1,0,23.1,0,7.2,0,15.0,0,62.6,2.6,0
AU2028472,2024-03-03,2024-03,Vehicle Finance,Urban,Uttar Pradesh,Rejected,50000.0,Farmer,2.5,0,8.3,0,15.5,0,5.3,0,0.0,0,31.6,1.3,0
AU2028473,2024-07-26,2024-07,Vehicle Finance,Semi-Urban,Rajasthan,Disbursed,220000.0,Salaried,7.0,0,25.6,1,27.1,0,10.6,0,11.5,0,81.8,3.4,1
AU2028474,2025-01-28,2025-01,Personal Loan,Urban,Tamil Nadu,Rejected,233000.0,Self-Employed,4.1,0,14.9,0,14.7,0,10.0,0,0.0,0,43.7,1.8,0
AU2028475,2025-04-30,2025-04,Business Loan,Urban,Maharashtra,Disbursed,256000.0,MSME Owner,4.4,0,9.4,0,31.5,0,11.2,0,11.4,0,67.9,2.8,0
AU2028476,2025-04-20,2025-04,Business Loan,Semi-Urban,Tamil Nadu,Disbursed,2560000.0,Farmer,8.2,1,21.2,0,64.2,1,18.8,1,18.6,0,131.0,5.5,1
AU2028477,2024-03-20,2024-03,Personal Loan,Rural,Punjab,Disbursed,368000.0,Salaried,11.1,1,37.7,1,62.4,1,19.0,1,19.5,0,149.7,6.2,1
AU2028478,2025-05-11,2025-05,Vehicle Finance,Semi-Urban,Rajasthan,Under Review,114000.0,Self-Employed,4.7,0,12.4,0,41.4,0,0.0,0,0.0,0,58.5,2.4,0
AU2028479,2025-05-14,2025-05,Home Loan,Semi-Urban,Karnataka,Disbursed,218000.0,Salaried,5.2,0,53.1,1,40.2,0,13.4,0,11.1,0,123.0,5.1,1
AU2028480,2024-06-18,2024-06,Personal Loan,Rural,Karnataka,Pending Documents,66000.0,Salaried,15.7,1,40.9,1,64.0,1,16.1,1,38.4,1,175.1,7.3,1
AU2028481,2024-08-30,2024-08,Personal Loan,Urban,Uttar Pradesh,Disbursed,149000.0,MSME Owner,4.6,0,10.7,0,21.2,0,10.1,0,9.4,0,56.0,2.3,0
AU2028482,2025-05-11,2025-05,MSME Loan,Rural,Uttar Pradesh,Disbursed,1311000.0,Salaried,11.7,1,28.9,1,108.8,1,25.0,1,19.4,0,193.8,8.1,1
AU2028483,2024-12-07,2024-12,Vehicle Finance,Urban,Odisha,Under Review,1052000.0,Salaried,4.6,0,10.7,0,25.4,0,0.0,0,0.0,0,40.7,1.7,0
AU2028484,2025-02-13,2025-02,Vehicle Finance,Semi-Urban,Maharashtra,Pending Documents,332000.0,Farmer,9.0,1,25.2,1,33.3,0,19.3,1,21.1,0,107.9,4.5,1
AU2028485,2025-01-08,2025-01,Home Loan,Urban,Odisha,Rejected,2614000.0,Salaried,2.5,0,32.1,1,28.6,0,7.3,0,0.0,0,70.5,2.9,1
AU2028486,2024-06-22,2024-06,Personal Loan,Urban,Tamil Nadu,Disbursed,204000.0,MSME Owner,2.5,0,9.5,0,33.7,0,10.0,0,6.6,0,62.3,2.6,0
AU2028487,2025-01-09,2025-01,Personal Loan,Semi-Urban,Gujarat,Disbursed,78000.0,MSME Owner,6.4,0,35.2,1,38.8,0,8.6,0,15.9,0,104.9,4.4,1
AU2028488,2025-04-05,2025-04,Vehicle Finance,Urban,Tamil Nadu,Disbursed,283000.0,Self-Employed,2.4,0,18.6,0,26.8,0,11.5,0,16.1,0,75.4,3.1,0
AU2028489,2024-03-12,2024-03,MSME Loan,Rural,Rajasthan,Disbursed,108000.0,Self-Employed,10.8,1,42.3,1,45.4,0,24.1,1,18.7,0,141.3,5.9,1
AU2028490,2024-02-29,2024-02,Personal Loan,Urban,Karnataka,Pending Documents,391000.0,Salaried,3.3,0,24.0,0,17.4,0,5.6,0,13.1,0,63.4,2.6,0
AU2028491,2024-01-13,2024-01,Home Loan,Rural,Uttar Pradesh,Rejected,105000.0,Self-Employed,12.1,1,66.1,1,52.8,1,15.9,0,0.0,0,146.9,6.1,1
AU2028492,2024-11-12,2024-11,Personal Loan,Semi-Urban,Haryana,Disbursed,758000.0,Salaried,4.1,0,15.1,0,23.1,0,10.4,0,23.9,0,76.6,3.2,0
AU2028493,2024-08-16,2024-08,Business Loan,Semi-Urban,Madhya Pradesh,Disbursed,50000.0,MSME Owner,4.0,0,32.6,1,75.4,1,9.5,0,21.7,0,143.2,6.0,1
AU2028494,2024-02-17,2024-02,Personal Loan,Urban,Punjab,Disbursed,428000.0,Self-Employed,3.8,0,15.5,0,19.5,0,11.0,0,12.8,0,62.6,2.6,0
AU2028495,2024-01-29,2024-01,Vehicle Finance,Semi-Urban,Punjab,Pending Documents,776000.0,MSME Owner,4.9,0,22.5,0,26.7,0,19.8,1,17.5,0,91.4,3.8,1
AU2028496,2024-11-24,2024-11,Personal Loan,Semi-Urban,Odisha,Disbursed,59000.0,Salaried,4.6,0,18.8,0,28.4,0,18.0,1,14.9,0,84.7,3.5,1
AU2028497,2024-10-25,2024-10,Personal Loan,Rural,Madhya Pradesh,Under Review,466000.0,Self-Employed,10.8,1,51.8,1,24.4,0,0.0,0,0.0,0,87.0,3.6,1
AU2028498,2024-04-23,2024-04,Vehicle Finance,Urban,Karnataka,Disbursed,158000.0,Self-Employed,2.4,0,22.6,0,19.9,0,9.9,0,7.0,0,61.8,2.6,0
AU2028499,2024-04-10,2024-04,Personal Loan,Semi-Urban,Uttar Pradesh,Under Review,349000.0,Salaried,6.5,0,26.9,1,41.9,0,0.0,0,0.0,0,75.3,3.1,1
AU2028500,2024-02-12,2024-02,Vehicle Finance,Rural,Rajasthan,Under Review,253000.0,MSME Owner,9.4,1,59.0,1,41.0,0,0.0,0,0.0,0,109.4,4.6,1
AU2028501,2025-03-10,2025-03,Business Loan,Semi-Urban,Karnataka,Disbursed,93000.0,Salaried,8.9,1,13.5,0,67.6,1,11.3,0,18.9,0,120.2,5.0,1
AU2028502,2024-12-12,2024-12,Business Loan,Semi-Urban,Tamil Nadu,Rejected,50000.0,Farmer,8.9,1,21.5,0,49.3,1,11.0,0,0.0,0,90.7,3.8,1
AU2028503,2025-05-14,2025-05,MSME Loan,Rural,Gujarat,Disbursed,3876000.0,MSME Owner,12.5,1,45.9,1,61.6,1,25.3,1,18.7,0,164.0,6.8,1
AU2028504,2024-07-20,2024-07,Personal Loan,Semi-Urban,Karnataka,Pending Documents,1234000.0,MSME Owner,6.2,0,14.6,0,46.0,0,19.3,1,18.0,0,104.1,4.3,1
AU2028505,2024-09-08,2024-09,Personal Loan,Rural,Madhya Pradesh,Rejected,654000.0,Salaried,9.1,1,59.4,1,25.8,0,17.1,1,0.0,0,111.4,4.6,1
AU2028506,2024-11-04,2024-11,Personal Loan,Urban,Punjab,Disbursed,669000.0,Self-Employed,3.1,0,13.0,0,13.0,0,4.4,0,14.6,0,48.1,2.0,0
AU2028507,2024-09-18,2024-09,Personal Loan,Semi-Urban,Odisha,Under Review,134000.0,Self-Employed,6.1,0,33.0,1,43.9,0,0.0,0,0.0,0,83.0,3.5,1
AU2028508,2025-04-10,2025-04,MSME Loan,Rural,Rajasthan,Disbursed,100000.0,Self-Employed,10.6,1,34.2,1,43.3,0,18.4,1,32.4,1,138.9,5.8,1
AU2028509,2024-07-22,2024-07,Vehicle Finance,Urban,Punjab,Rejected,376000.0,Self-Employed,4.6,0,12.5,0,31.5,0,9.0,0,0.0,0,57.6,2.4,0
AU2028510,2025-01-01,2025-01,Personal Loan,Urban,Maharashtra,Disbursed,156000.0,Farmer,4.2,0,13.3,0,29.9,0,4.2,0,10.4,0,62.0,2.6,0
AU2028511,2024-07-08,2024-07,Vehicle Finance,Semi-Urban,Haryana,Disbursed,62000.0,Salaried,6.0,0,34.4,1,47.2,0,11.7,0,21.6,0,120.9,5.0,1
AU2028512,2024-07-09,2024-07,Personal Loan,Urban,Haryana,Rejected,1001000.0,Self-Employed,4.5,0,8.5,0,30.0,0,11.8,0,0.0,0,54.8,2.3,0
AU2028513,2024-05-25,2024-05,Personal Loan,Rural,Rajasthan,Disbursed,270000.0,Self-Employed,8.8,1,28.0,1,34.4,0,21.9,1,34.7,1,127.8,5.3,1
AU2028514,2024-06-28,2024-06,Vehicle Finance,Semi-Urban,Punjab,Disbursed,134000.0,Self-Employed,4.2,0,33.2,1,25.2,0,14.6,0,12.1,0,89.3,3.7,1
AU2028515,2025-05-15,2025-05,Vehicle Finance,Urban,Uttar Pradesh,Rejected,174000.0,Farmer,3.2,0,12.1,0,22.8,0,9.0,0,0.0,0,47.1,2.0,0
AU2028516,2025-03-23,2025-03,MSME Loan,Urban,Tamil Nadu,Disbursed,88000.0,MSME Owner,2.7,0,21.1,0,35.3,0,8.5,0,8.2,0,75.8,3.2,0
AU2028517,2024-02-14,2024-02,Personal Loan,Semi-Urban,Karnataka,Disbursed,288000.0,Self-Employed,6.9,0,17.5,0,41.9,0,19.3,1,17.8,0,103.4,4.3,1
AU2028518,2025-01-07,2025-01,MSME Loan,Rural,Madhya Pradesh,Disbursed,243000.0,Self-Employed,11.4,1,35.3,1,68.4,1,24.4,1,20.5,0,160.0,6.7,1
AU2028519,2025-01-14,2025-01,Home Loan,Rural,Tamil Nadu,Rejected,64000.0,Salaried,8.9,1,59.9,1,69.9,1,26.7,1,0.0,0,165.4,6.9,1
AU2028520,2025-02-15,2025-02,Personal Loan,Semi-Urban,Haryana,Under Review,321000.0,Self-Employed,7.7,0,34.6,1,36.8,0,0.0,0,0.0,0,79.1,3.3,1
AU2028521,2024-05-27,2024-05,MSME Loan,Semi-Urban,Tamil Nadu,Disbursed,539000.0,MSME Owner,8.0,0,13.4,0,62.0,1,12.9,0,26.9,1,123.2,5.1,1
AU2028522,2025-02-16,2025-02,MSME Loan,Semi-Urban,Maharashtra,Pending Documents,913000.0,Salaried,4.9,0,32.7,1,70.6,1,14.4,0,16.1,0,138.7,5.8,1
AU2028523,2025-01-08,2025-01,Vehicle Finance,Rural,Haryana,Disbursed,75000.0,Salaried,15.9,1,57.7,1,28.5,0,26.5,1,37.4,1,166.0,6.9,1
AU2028524,2024-03-12,2024-03,Personal Loan,Rural,Haryana,Rejected,270000.0,MSME Owner,9.9,1,40.7,1,29.8,0,17.5,1,0.0,0,97.9,4.1,1
AU2028525,2024-11-02,2024-11,Vehicle Finance,Urban,Odisha,Disbursed,75000.0,Salaried,5.0,0,19.2,0,14.3,0,11.6,0,14.9,0,65.0,2.7,0
AU2028526,2024-03-14,2024-03,Vehicle Finance,Semi-Urban,Gujarat,Disbursed,292000.0,Farmer,6.3,0,24.4,1,40.3,0,8.6,0,11.0,0,90.6,3.8,1
AU2028527,2024-06-04,2024-06,Personal Loan,Urban,Madhya Pradesh,Disbursed,2297000.0,Self-Employed,5.2,0,23.3,0,22.6,0,6.2,0,16.4,0,73.7,3.1,0
AU2028528,2025-03-20,2025-03,MSME Loan,Semi-Urban,Tamil Nadu,Disbursed,50000.0,MSME Owner,8.6,1,32.3,1,39.4,0,8.3,0,19.2,0,107.8,4.5,1
AU2028529,2024-06-20,2024-06,MSME Loan,Urban,Karnataka,Disbursed,413000.0,Salaried,2.1,0,22.4,0,21.5,0,10.1,0,10.2,0,66.3,2.8,0
AU2028530,2025-04-22,2025-04,Business Loan,Rural,Gujarat,Rejected,885000.0,Salaried,13.6,1,33.7,1,101.4,1,22.8,1,0.0,0,171.5,7.1,1
AU2028531,2025-01-22,2025-01,MSME Loan,Semi-Urban,Odisha,Disbursed,633000.0,Salaried,9.5,1,34.9,1,53.7,1,13.3,0,16.5,0,127.9,5.3,1
AU2028532,2024-02-15,2024-02,Business Loan,Semi-Urban,Haryana,Disbursed,106000.0,Salaried,7.3,0,30.4,1,62.1,1,10.8,0,15.9,0,126.5,5.3,1
AU2028533,2024-07-28,2024-07,MSME Loan,Semi-Urban,Rajasthan,Rejected,879000.0,Salaried,8.8,1,20.6,0,45.5,0,11.5,0,0.0,0,86.4,3.6,1
AU2028534,2024-07-31,2024-07,Business Loan,Urban,Uttar Pradesh,Disbursed,213000.0,Self-Employed,2.7,0,9.9,0,34.5,0,8.6,0,15.8,0,71.5,3.0,0
AU2028535,2024-10-11,2024-10,MSME Loan,Rural,Maharashtra,Disbursed,172000.0,MSME Owner,13.4,1,40.2,1,109.7,1,24.6,1,38.5,1,226.4,9.4,1
AU2028536,2024-12-29,2024-12,Personal Loan,Rural,Tamil Nadu,Rejected,83000.0,Salaried,8.5,1,48.1,1,32.9,0,28.6,1,0.0,0,118.1,4.9,1
AU2028537,2025-01-21,2025-01,Business Loan,Urban,Odisha,Disbursed,87000.0,Salaried,2.1,0,15.2,0,54.7,1,11.3,0,15.7,0,99.0,4.1,1
AU2028538,2024-04-12,2024-04,Vehicle Finance,Rural,Maharashtra,Disbursed,491000.0,Farmer,8.2,1,33.1,1,36.7,0,13.8,0,24.8,1,116.6,4.9,1
AU2028539,2025-03-02,2025-03,Business Loan,Rural,Maharashtra,Under Review,94000.0,Farmer,9.2,1,25.0,1,42.0,0,0.0,0,0.0,0,76.2,3.2,1
AU2028540,2024-05-28,2024-05,Vehicle Finance,Urban,Haryana,Disbursed,350000.0,Salaried,2.9,0,14.0,0,27.8,0,7.8,0,17.3,0,69.8,2.9,0
AU2028541,2024-09-08,2024-09,Business Loan,Urban,Karnataka,Disbursed,159000.0,Self-Employed,5.1,0,23.0,0,50.3,1,7.1,0,8.6,0,94.1,3.9,1
AU2028542,2025-02-25,2025-02,MSME Loan,Urban,Rajasthan,Rejected,277000.0,Self-Employed,4.8,0,11.1,0,36.0,0,6.5,0,0.0,0,58.4,2.4,0
AU2028543,2025-03-03,2025-03,Vehicle Finance,Semi-Urban,Uttar Pradesh,Rejected,329000.0,Farmer,5.3,0,30.7,1,29.0,0,15.5,0,0.0,0,80.5,3.4,1
AU2028544,2024-06-04,2024-06,Business Loan,Semi-Urban,Odisha,Disbursed,559000.0,MSME Owner,5.7,0,28.9,1,55.9,1,13.5,0,16.8,0,120.8,5.0,1
AU2028545,2024-10-13,2024-10,Business Loan,Urban,Tamil Nadu,Disbursed,792000.0,Salaried,5.4,0,21.8,0,50.7,1,10.5,0,8.7,0,97.1,4.0,1
AU2028546,2024-04-24,2024-04,Vehicle Finance,Rural,Tamil Nadu,Rejected,267000.0,Salaried,10.8,1,39.7,1,66.9,1,23.8,1,0.0,0,141.2,5.9,1
AU2028547,2025-02-09,2025-02,Vehicle Finance,Rural,Rajasthan,Disbursed,258000.0,Self-Employed,10.6,1,41.3,1,25.2,0,27.3,1,19.5,0,123.9,5.2,1
AU2028548,2024-03-19,2024-03,Personal Loan,Urban,Rajasthan,Disbursed,171000.0,Salaried,5.2,0,19.4,0,32.0,0,9.4,0,15.0,0,81.0,3.4,0
AU2028549,2024-06-02,2024-06,Business Loan,Semi-Urban,Uttar Pradesh,Under Review,340000.0,Salaried,6.5,0,29.8,1,52.2,1,0.0,0,0.0,0,88.5,3.7,1
AU2028550,2024-03-04,2024-03,Personal Loan,Urban,Tamil Nadu,Pending Documents,123000.0,Salaried,5.2,0,20.0,0,13.9,0,9.6,0,12.2,0,60.9,2.5,0
AU2028551,2024-08-01,2024-08,Personal Loan,Semi-Urban,Uttar Pradesh,Disbursed,75000.0,Salaried,4.9,0,34.5,1,38.9,0,12.9,0,24.8,1,116.0,4.8,1
AU2028552,2024-09-08,2024-09,Personal Loan,Rural,Maharashtra,Rejected,1249000.0,Self-Employed,16.9,1,53.8,1,33.5,0,16.3,1,0.0,0,120.5,5.0,1
AU2028553,2024-01-15,2024-01,Personal Loan,Urban,Madhya Pradesh,Disbursed,366000.0,Salaried,5.1,0,21.4,0,12.2,0,4.1,0,7.8,0,50.6,2.1,0
AU2028554,2025-01-26,2025-01,MSME Loan,Semi-Urban,Gujarat,Pending Documents,248000.0,Farmer,4.9,0,25.8,1,42.6,0,12.7,0,26.0,1,112.0,4.7,1
AU2028555,2024-09-09,2024-09,Vehicle Finance,Rural,Uttar Pradesh,Rejected,81000.0,Self-Employed,15.9,1,58.9,1,70.4,1,26.2,1,0.0,0,171.4,7.1,1
AU2028556,2024-11-02,2024-11,Personal Loan,Urban,Gujarat,Disbursed,105000.0,Salaried,2.3,0,16.4,0,15.0,0,9.9,0,10.0,0,53.6,2.2,0
AU2028557,2024-10-24,2024-10,Home Loan,Rural,Punjab,Disbursed,179000.0,Farmer,14.5,1,34.1,1,39.1,0,28.0,1,35.9,1,151.6,6.3,1
AU2028558,2024-10-16,2024-10,Business Loan,Rural,Tamil Nadu,Rejected,481000.0,MSME Owner,10.9,1,45.0,1,102.1,1,15.3,0,0.0,0,173.3,7.2,1
AU2028559,2025-03-20,2025-03,Personal Loan,Urban,Haryana,Disbursed,382000.0,MSME Owner,5.3,0,10.4,0,28.9,0,9.0,0,9.3,0,62.9,2.6,0
AU2028560,2024-11-17,2024-11,Personal Loan,Urban,Uttar Pradesh,Rejected,75000.0,Salaried,5.6,0,20.0,0,23.3,0,11.5,0,0.0,0,60.4,2.5,0
AU2028561,2025-05-13,2025-05,Home Loan,Urban,Tamil Nadu,Disbursed,95000.0,MSME Owner,5.1,0,17.6,0,14.0,0,6.9,0,15.1,0,58.7,2.4,0
AU2028562,2024-07-10,2024-07,Personal Loan,Semi-Urban,Gujarat,Under Review,362000.0,Salaried,8.0,0,31.0,1,31.3,0,0.0,0,0.0,0,70.3,2.9,1
AU2028563,2025-01-10,2025-01,Personal Loan,Semi-Urban,Karnataka,Disbursed,206000.0,Self-Employed,7.2,0,24.8,1,24.1,0,16.2,1,10.3,0,82.6,3.4,1
AU2028564,2024-01-09,2024-01,Personal Loan,Semi-Urban,Odisha,Disbursed,414000.0,Self-Employed,6.1,0,27.6,1,46.7,0,13.9,0,24.1,1,118.4,4.9,1
AU2028565,2024-03-24,2024-03,Personal Loan,Rural,Uttar Pradesh,Disbursed,50000.0,Self-Employed,16.9,1,32.4,1,41.7,0,13.5,0,39.8,1,144.3,6.0,1
AU2028566,2024-01-30,2024-01,MSME Loan,Semi-Urban,Odisha,Disbursed,141000.0,Salaried,6.2,0,24.4,1,49.3,1,10.5,0,19.7,0,110.1,4.6,1
AU2028567,2024-06-12,2024-06,MSME Loan,Urban,Maharashtra,Rejected,342000.0,Self-Employed,5.7,0,18.3,0,41.6,0,10.2,0,0.0,0,75.8,3.2,0
AU2028568,2025-03-25,2025-03,Vehicle Finance,Semi-Urban,Tamil Nadu,Disbursed,210000.0,Salaried,8.3,1,34.1,1,24.9,0,8.9,0,28.0,1,104.2,4.3,1
AU2028569,2024-07-01,2024-07,Home Loan,Rural,Maharashtra,Disbursed,163000.0,MSME Owner,16.1,1,39.9,1,31.7,0,17.3,1,24.5,1,129.5,5.4,1
AU2028570,2024-01-28,2024-01,MSME Loan,Urban,Maharashtra,Rejected,162000.0,MSME Owner,2.4,0,14.4,0,55.7,1,5.3,0,0.0,0,77.8,3.2,1
AU2028571,2024-07-03,2024-07,Home Loan,Semi-Urban,Uttar Pradesh,Disbursed,1034000.0,Farmer,4.2,0,45.1,1,44.5,0,8.2,0,20.1,0,122.1,5.1,1
AU2028572,2024-11-21,2024-11,Business Loan,Urban,Haryana,Disbursed,553000.0,Self-Employed,5.4,0,9.9,0,24.6,0,11.8,0,16.6,0,68.3,2.8,0
AU2028573,2024-01-25,2024-01,Personal Loan,Semi-Urban,Punjab,Disbursed,344000.0,Self-Employed,9.2,1,29.7,1,25.2,0,11.8,0,15.2,0,91.1,3.8,1
AU2028574,2024-05-29,2024-05,Home Loan,Semi-Urban,Uttar Pradesh,Pending Documents,150000.0,MSME Owner,7.0,0,24.9,1,28.9,0,19.7,1,18.7,0,99.2,4.1,1
AU2028575,2024-11-23,2024-11,Home Loan,Semi-Urban,Karnataka,Disbursed,508000.0,MSME Owner,9.1,1,17.8,0,26.4,0,14.1,0,15.7,0,83.1,3.5,1
AU2028576,2024-09-20,2024-09,Home Loan,Urban,Gujarat,Rejected,52000.0,Salaried,2.7,0,16.6,0,29.2,0,7.0,0,0.0,0,55.5,2.3,0
AU2028577,2025-01-27,2025-01,Vehicle Finance,Urban,Madhya Pradesh,Disbursed,671000.0,MSME Owner,3.2,0,18.4,0,16.8,0,5.1,0,10.3,0,53.8,2.2,0
AU2028578,2025-01-26,2025-01,Business Loan,Rural,Maharashtra,Disbursed,341000.0,Self-Employed,11.3,1,52.9,1,45.7,0,28.4,1,28.0,1,166.3,6.9,1
AU2028579,2024-11-02,2024-11,Vehicle Finance,Rural,Gujarat,Rejected,127000.0,Salaried,13.8,1,35.2,1,48.4,1,25.4,1,0.0,0,122.8,5.1,1
AU2028580,2024-10-05,2024-10,Personal Loan,Semi-Urban,Maharashtra,Disbursed,190000.0,Self-Employed,7.0,0,15.6,0,46.0,0,15.8,0,15.7,0,100.1,4.2,0
AU2028581,2025-03-22,2025-03,MSME Loan,Rural,Punjab,Disbursed,50000.0,MSME Owner,13.6,1,30.9,1,52.1,1,22.1,1,27.6,1,146.3,6.1,1
AU2028582,2025-02-27,2025-02,MSME Loan,Urban,Punjab,Under Review,461000.0,Salaried,4.9,0,15.0,0,42.0,0,0.0,0,0.0,0,61.9,2.6,0
AU2028583,2024-05-18,2024-05,Personal Loan,Semi-Urban,Uttar Pradesh,Under Review,582000.0,Self-Employed,5.2,0,18.8,0,33.4,0,0.0,0,0.0,0,57.4,2.4,0
AU2028584,2024-02-19,2024-02,Personal Loan,Rural,Punjab,Disbursed,240000.0,MSME Owner,9.3,1,57.4,1,25.6,0,12.8,0,19.6,0,124.7,5.2,1
AU2028585,2024-10-23,2024-10,Personal Loan,Semi-Urban,Karnataka,Rejected,618000.0,Salaried,8.5,1,30.6,1,45.2,0,9.8,0,0.0,0,94.1,3.9,1
AU2028586,2025-02-25,2025-02,Personal Loan,Urban,Punjab,Disbursed,50000.0,Self-Employed,3.4,0,13.9,0,14.5,0,8.7,0,13.9,0,54.4,2.3,0
AU2028587,2024-01-07,2024-01,Home Loan,Rural,Maharashtra,Rejected,201000.0,Salaried,10.4,1,85.0,1,61.9,1,26.1,1,0.0,0,183.4,7.6,1
AU2028588,2024-09-22,2024-09,Business Loan,Rural,Maharashtra,Disbursed,63000.0,Self-Employed,12.6,1,40.6,1,78.4,1,19.5,1,25.5,1,176.6,7.4,1
AU2028589,2024-07-09,2024-07,Home Loan,Rural,Uttar Pradesh,Disbursed,65000.0,Self-Employed,13.4,1,34.5,1,44.3,0,12.2,0,37.9,1,142.3,5.9,1
AU2028590,2024-07-29,2024-07,Vehicle Finance,Urban,Tamil Nadu,Disbursed,195000.0,Farmer,5.8,0,20.6,0,31.5,0,7.3,0,10.8,0,76.0,3.2,0
AU2028591,2025-04-16,2025-04,MSME Loan,Urban,Punjab,Disbursed,596000.0,Salaried,4.8,0,14.1,0,24.2,0,10.5,0,11.9,0,65.5,2.7,0
AU2028592,2024-02-22,2024-02,Vehicle Finance,Urban,Maharashtra,Disbursed,281000.0,MSME Owner,4.9,0,12.2,0,32.4,0,4.8,0,7.4,0,61.7,2.6,0
AU2028593,2024-03-20,2024-03,MSME Loan,Urban,Madhya Pradesh,Rejected,82000.0,Salaried,2.4,0,17.7,0,23.5,0,4.2,0,0.0,0,47.8,2.0,0
AU2028594,2024-04-23,2024-04,Business Loan,Rural,Karnataka,Under Review,51000.0,Self-Employed,15.0,1,26.5,1,60.3,1,0.0,0,0.0,0,101.8,4.2,1
AU2028595,2025-02-11,2025-02,Vehicle Finance,Urban,Madhya Pradesh,Rejected,674000.0,Salaried,5.4,0,9.7,0,33.4,0,6.9,0,0.0,0,55.4,2.3,0
AU2028596,2024-11-10,2024-11,MSME Loan,Urban,Karnataka,Disbursed,212000.0,MSME Owner,2.6,0,18.9,0,19.0,0,9.7,0,9.9,0,60.1,2.5,0
AU2028597,2025-03-09,2025-03,Vehicle Finance,Urban,Karnataka,Disbursed,638000.0,Salaried,3.5,0,18.4,0,16.3,0,10.8,0,14.9,0,63.9,2.7,0
AU2028598,2024-12-30,2024-12,Vehicle Finance,Urban,Karnataka,Rejected,126000.0,Salaried,5.9,0,20.4,0,17.7,0,11.7,0,0.0,0,55.7,2.3,0
AU2028599,2024-12-25,2024-12,Home Loan,Semi-Urban,Karnataka,Under Review,182000.0,Self-Employed,6.4,0,39.4,1,29.9,0,0.0,0,0.0,0,75.7,3.2,1
AU2028600,2024-08-01,2024-08,Vehicle Finance,Semi-Urban,Gujarat,Disbursed,946000.0,MSME Owner,8.9,1,30.3,1,40.7,0,11.0,0,11.8,0,102.7,4.3,1
AU2028601,2025-04-14,2025-04,Home Loan,Urban,Tamil Nadu,Pending Documents,105000.0,Farmer,4.1,0,19.2,0,24.6,0,9.9,0,15.1,0,72.9,3.0,0
AU2028602,2024-02-29,2024-02,Personal Loan,Rural,Gujarat,Disbursed,249000.0,Self-Employed,9.9,1,29.6,1,24.7,0,28.4,1,19.7,0,112.3,4.7,1
AU2028603,2025-04-17,2025-04,Business Loan,Urban,Maharashtra,Rejected,223000.0,MSME Owner,5.2,0,17.9,0,40.3,0,7.3,0,0.0,0,70.7,2.9,0
AU2028604,2024-09-02,2024-09,Personal Loan,Semi-Urban,Rajasthan,Disbursed,274000.0,Self-Employed,7.5,0,30.6,1,32.4,0,13.1,0,15.2,0,98.8,4.1,1
AU2028605,2024-06-08,2024-06,Personal Loan,Urban,Punjab,Disbursed,938000.0,Farmer,5.1,0,11.5,0,12.1,0,7.9,0,11.0,0,47.6,2.0,0
AU2028606,2024-03-12,2024-03,Home Loan,Semi-Urban,Punjab,Under Review,203000.0,Farmer,4.1,0,30.2,1,25.8,0,0.0,0,0.0,0,60.1,2.5,1
AU2028607,2025-03-31,2025-03,MSME Loan,Rural,Tamil Nadu,Under Review,116000.0,Self-Employed,17.9,1,50.5,1,62.2,1,0.0,0,0.0,0,130.6,5.4,1
AU2028608,2024-09-24,2024-09,Home Loan,Urban,Odisha,Disbursed,512000.0,Salaried,5.7,0,30.3,1,21.4,0,4.7,0,6.2,0,68.3,2.8,1
AU2028609,2024-03-29,2024-03,Business Loan,Semi-Urban,Punjab,Disbursed,195000.0,MSME Owner,8.0,0,25.7,1,74.3,1,16.7,1,26.5,1,151.2,6.3,1
AU2028610,2024-01-15,2024-01,Personal Loan,Semi-Urban,Uttar Pradesh,Disbursed,274000.0,Salaried,6.3,0,17.3,0,24.6,0,13.6,0,26.1,1,87.9,3.7,1
AU2028611,2024-04-23,2024-04,Personal Loan,Urban,Gujarat,Under Review,654000.0,Salaried,5.8,0,12.3,0,22.6,0,0.0,0,0.0,0,40.7,1.7,0
AU2028612,2025-03-14,2025-03,MSME Loan,Rural,Maharashtra,Disbursed,2033000.0,Farmer,12.1,1,28.1,1,104.2,1,20.6,1,47.6,1,212.6,8.9,1
AU2028613,2024-12-18,2024-12,Vehicle Finance,Urban,Maharashtra,Disbursed,131000.0,MSME Owner,2.1,0,14.6,0,15.7,0,9.1,0,17.5,0,59.0,2.5,0
AU2028614,2024-06-06,2024-06,Vehicle Finance,Semi-Urban,Madhya Pradesh,Disbursed,1495000.0,MSME Owner,9.1,1,27.9,1,47.4,0,17.9,1,12.2,0,114.5,4.8,1
AU2028615,2024-04-17,2024-04,Vehicle Finance,Rural,Maharashtra,Pending Documents,3180000.0,Self-Employed,15.3,1,38.8,1,29.9,0,27.9,1,46.0,1,157.9,6.6,1
AU2028616,2024-02-10,2024-02,Vehicle Finance,Urban,Maharashtra,Under Review,111000.0,Salaried,2.6,0,19.0,0,19.2,0,0.0,0,0.0,0,40.8,1.7,0
AU2028617,2024-12-19,2024-12,MSME Loan,Urban,Haryana,Disbursed,256000.0,Self-Employed,2.6,0,10.5,0,29.8,0,11.6,0,17.5,0,72.0,3.0,0
AU2028618,2024-02-09,2024-02,MSME Loan,Semi-Urban,Gujarat,Rejected,3040000.0,Self-Employed,8.4,1,14.3,0,36.5,0,19.6,1,0.0,0,78.8,3.3,1
AU2028619,2025-01-31,2025-01,Business Loan,Semi-Urban,Rajasthan,Disbursed,50000.0,Salaried,5.2,0,27.4,1,36.4,0,15.8,0,11.8,0,96.6,4.0,1
AU2028620,2025-01-22,2025-01,Personal Loan,Rural,Tamil Nadu,Rejected,232000.0,Salaried,16.1,1,29.2,1,63.0,1,22.5,1,0.0,0,130.8,5.5,1
AU2028621,2024-01-22,2024-01,Vehicle Finance,Semi-Urban,Haryana,Disbursed,282000.0,MSME Owner,8.8,1,13.1,0,29.4,0,12.2,0,20.1,0,83.6,3.5,1
AU2028622,2024-02-25,2024-02,Personal Loan,Rural,Madhya Pradesh,Disbursed,191000.0,Farmer,13.4,1,24.7,1,68.8,1,20.5,1,27.0,1,154.4,6.4,1
AU2028623,2025-02-10,2025-02,Vehicle Finance,Rural,Rajasthan,Disbursed,201000.0,Self-Employed,11.2,1,54.2,1,61.4,1,19.2,1,37.9,1,183.9,7.7,1
AU2028624,2024-10-30,2024-10,Business Loan,Semi-Urban,Karnataka,Pending Documents,367000.0,MSME Owner,4.7,0,31.1,1,33.2,0,14.4,0,21.0,0,104.4,4.4,1
AU2028625,2024-08-28,2024-08,MSME Loan,Urban,Rajasthan,Under Review,275000.0,Farmer,2.4,0,22.2,0,26.6,0,0.0,0,0.0,0,51.2,2.1,0
AU2028626,2025-04-10,2025-04,Business Loan,Semi-Urban,Gujarat,Disbursed,548000.0,Salaried,5.2,0,34.7,1,73.6,1,13.8,0,13.0,0,140.3,5.8,1
AU2028627,2024-01-23,2024-01,Business Loan,Rural,Uttar Pradesh,Disbursed,80000.0,Salaried,17.0,1,39.0,1,39.8,0,14.5,0,44.5,1,154.8,6.5,1
AU2028628,2024-06-03,2024-06,Vehicle Finance,Urban,Gujarat,Under Review,51000.0,Self-Employed,3.1,0,13.1,0,26.4,0,0.0,0,0.0,0,42.6,1.8,0
AU2028629,2025-01-21,2025-01,Personal Loan,Rural,Rajasthan,Disbursed,453000.0,Self-Employed,8.8,1,48.8,1,28.6,0,16.1,1,37.4,1,139.7,5.8,1
AU2028630,2025-02-04,2025-02,Business Loan,Semi-Urban,Gujarat,Disbursed,550000.0,Salaried,4.7,0,17.2,0,26.0,0,9.1,0,15.1,0,72.1,3.0,0
AU2028631,2025-04-16,2025-04,Personal Loan,Rural,Gujarat,Disbursed,108000.0,Farmer,16.2,1,27.6,1,25.2,0,12.9,0,35.7,1,117.6,4.9,1
AU2028632,2024-04-15,2024-04,Home Loan,Semi-Urban,Odisha,Disbursed,395000.0,Salaried,9.9,1,30.0,1,25.9,0,18.7,1,20.2,0,104.7,4.4,1
AU2028633,2025-04-06,2025-04,Home Loan,Semi-Urban,Odisha,Under Review,185000.0,Farmer,6.6,0,24.4,1,37.4,0,0.0,0,0.0,0,68.4,2.9,1
AU2028634,2024-04-04,2024-04,MSME Loan,Urban,Madhya Pradesh,Under Review,193000.0,Self-Employed,4.6,0,12.7,0,53.9,1,0.0,0,0.0,0,71.2,3.0,1
AU2028635,2024-01-15,2024-01,Personal Loan,Urban,Punjab,Disbursed,108000.0,MSME Owner,2.5,0,18.3,0,24.7,0,9.8,0,11.2,0,66.5,2.8,0
AU2028636,2024-03-15,2024-03,Home Loan,Urban,Gujarat,Disbursed,196000.0,Farmer,2.2,0,22.9,0,19.8,0,12.0,0,17.9,0,74.8,3.1,0
AU2028637,2025-04-30,2025-04,Personal Loan,Urban,Uttar Pradesh,Rejected,561000.0,Farmer,4.7,0,21.8,0,13.5,0,9.1,0,0.0,0,49.1,2.0,0
AU2028638,2024-06-27,2024-06,Personal Loan,Rural,Odisha,Pending Documents,203000.0,Salaried,13.0,1,29.7,1,69.8,1,14.9,0,40.8,1,168.2,7.0,1
AU2028639,2024-03-23,2024-03,Business Loan,Semi-Urban,Punjab,Disbursed,416000.0,Salaried,6.7,0,28.3,1,64.7,1,8.4,0,12.7,0,120.8,5.0,1
AU2028640,2025-02-03,2025-02,Home Loan,Rural,Karnataka,Disbursed,215000.0,Salaried,8.1,1,65.8,1,67.4,1,14.7,0,40.5,1,196.5,8.2,1
AU2028641,2024-05-03,2024-05,Vehicle Finance,Rural,Odisha,Rejected,232000.0,Farmer,14.4,1,53.2,1,40.8,0,15.8,0,0.0,0,124.2,5.2,1
AU2028642,2024-10-18,2024-10,Home Loan,Urban,Karnataka,Under Review,62000.0,Self-Employed,4.3,0,24.0,0,18.1,0,0.0,0,0.0,0,46.4,1.9,0
AU2028643,2024-02-20,2024-02,Personal Loan,Urban,Gujarat,Disbursed,90000.0,Farmer,5.5,0,16.3,0,32.2,0,9.6,0,12.0,0,75.6,3.1,0
AU2028644,2025-01-25,2025-01,Business Loan,Urban,Odisha,Disbursed,70000.0,Salaried,2.0,0,17.8,0,56.8,1,11.1,0,14.5,0,102.2,4.3,1
AU2028645,2024-09-27,2024-09,Home Loan,Semi-Urban,Rajasthan,Disbursed,345000.0,Self-Employed,4.5,0,39.7,1,23.2,0,17.2,1,13.4,0,98.0,4.1,1
AU2028646,2025-01-01,2025-01,Personal Loan,Rural,Madhya Pradesh,Disbursed,120000.0,Salaried,14.3,1,46.7,1,33.3,0,27.7,1,39.1,1,161.1,6.7,1
AU2028647,2025-05-08,2025-05,Business Loan,Urban,Madhya Pradesh,Rejected,268000.0,MSME Owner,2.6,0,13.6,0,24.9,0,6.4,0,0.0,0,47.5,2.0,0
AU2028648,2024-03-28,2024-03,MSME Loan,Rural,Uttar Pradesh,Rejected,293000.0,Salaried,9.9,1,25.8,1,104.8,1,22.8,1,0.0,0,163.3,6.8,1
AU2028649,2024-01-03,2024-01,Home Loan,Rural,Karnataka,Disbursed,127000.0,Salaried,16.1,1,50.4,1,64.7,1,12.8,0,33.0,1,177.0,7.4,1
AU2028650,2025-04-18,2025-04,Personal Loan,Semi-Urban,Gujarat,Pending Documents,103000.0,Salaried,9.3,1,30.4,1,25.0,0,19.4,1,21.2,0,105.3,4.4,1
AU2028651,2025-04-16,2025-04,Personal Loan,Semi-Urban,Madhya Pradesh,Disbursed,217000.0,MSME Owner,6.1,0,33.0,1,42.4,0,16.1,1,14.7,0,112.3,4.7,1
AU2028652,2025-03-11,2025-03,MSME Loan,Semi-Urban,Karnataka,Under Review,185000.0,Salaried,4.8,0,18.8,0,73.5,1,0.0,0,0.0,0,97.1,4.0,1
AU2028653,2024-07-06,2024-07,MSME Loan,Semi-Urban,Tamil Nadu,Under Review,57000.0,Farmer,8.5,1,17.8,0,75.8,1,0.0,0,0.0,0,102.1,4.3,1
AU2028654,2024-04-04,2024-04,MSME Loan,Urban,Odisha,Disbursed,61000.0,Salaried,5.5,0,10.2,0,52.0,1,8.8,0,13.5,0,90.0,3.8,1
AU2028655,2024-12-10,2024-12,MSME Loan,Semi-Urban,Tamil Nadu,Disbursed,130000.0,Salaried,7.4,0,25.3,1,40.0,0,15.2,0,17.9,0,105.8,4.4,1
AU2028656,2024-04-02,2024-04,MSME Loan,Semi-Urban,Gujarat,Pending Documents,812000.0,Self-Employed,7.3,0,20.8,0,45.4,0,19.2,1,14.0,0,106.7,4.4,1
AU2028657,2024-07-13,2024-07,Personal Loan,Rural,Punjab,Disbursed,282000.0,Salaried,12.3,1,42.9,1,52.4,1,26.8,1,29.8,1,164.2,6.8,1
AU2028658,2024-04-19,2024-04,Home Loan,Rural,Haryana,Under Review,115000.0,Self-Employed,16.9,1,77.6,1,52.0,1,0.0,0,0.0,0,146.5,6.1,1
AU2028659,2024-04-26,2024-04,MSME Loan,Rural,Karnataka,Under Review,66000.0,Farmer,13.0,1,31.0,1,70.8,1,0.0,0,0.0,0,114.8,4.8,1
AU2028660,2024-02-27,2024-02,Business Loan,Urban,Haryana,Disbursed,104000.0,MSME Owner,3.1,0,18.3,0,20.2,0,10.9,0,14.9,0,67.4,2.8,0
AU2028661,2024-03-04,2024-03,Business Loan,Semi-Urban,Punjab,Disbursed,253000.0,Farmer,8.8,1,30.9,1,32.8,0,8.2,0,20.5,0,101.2,4.2,1
AU2028662,2024-02-26,2024-02,Personal Loan,Rural,Tamil Nadu,Disbursed,144000.0,Farmer,17.6,1,28.7,1,40.0,0,19.0,1,26.9,1,132.2,5.5,1
AU2028663,2024-03-10,2024-03,MSME Loan,Semi-Urban,Karnataka,Pending Documents,212000.0,Farmer,8.5,1,28.7,1,69.2,1,16.2,1,13.4,0,136.0,5.7,1
AU2028664,2025-01-25,2025-01,Vehicle Finance,Semi-Urban,Tamil Nadu,Pending Documents,144000.0,Salaried,9.5,1,35.1,1,39.9,0,8.7,0,10.4,0,103.6,4.3,1
AU2028665,2024-12-26,2024-12,Vehicle Finance,Rural,Punjab,Under Review,272000.0,Farmer,14.2,1,54.9,1,39.3,0,0.0,0,0.0,0,108.4,4.5,1
AU2028666,2024-10-12,2024-10,Personal Loan,Semi-Urban,Uttar Pradesh,Rejected,174000.0,Salaried,8.5,1,12.9,0,30.2,0,16.0,0,0.0,0,67.6,2.8,1
AU2028667,2024-02-12,2024-02,Personal Loan,Urban,Rajasthan,Disbursed,165000.0,Self-Employed,5.9,0,8.1,0,33.7,0,7.5,0,14.0,0,69.2,2.9,0
AU2028668,2024-09-09,2024-09,MSME Loan,Semi-Urban,Punjab,Disbursed,397000.0,Salaried,7.4,0,22.3,0,40.5,0,17.4,1,23.2,0,110.8,4.6,1
AU2028669,2024-07-16,2024-07,Vehicle Finance,Urban,Gujarat,Disbursed,165000.0,Self-Employed,5.3,0,17.2,0,35.3,0,4.1,0,18.0,0,79.9,3.3,0
AU2028670,2024-08-21,2024-08,Home Loan,Rural,Uttar Pradesh,Disbursed,1311000.0,MSME Owner,11.3,1,50.1,1,55.8,1,28.8,1,31.2,1,177.2,7.4,1
AU2028671,2025-01-11,2025-01,Business Loan,Rural,Odisha,Rejected,281000.0,Self-Employed,8.6,1,50.0,1,61.9,1,13.3,0,0.0,0,133.8,5.6,1
AU2028672,2024-12-17,2024-12,Business Loan,Urban,Uttar Pradesh,Disbursed,91000.0,Salaried,3.7,0,8.9,0,44.6,0,11.7,0,13.9,0,82.8,3.5,0
AU2028673,2024-04-25,2024-04,Business Loan,Urban,Tamil Nadu,Disbursed,769000.0,Salaried,3.3,0,9.6,0,52.7,1,11.1,0,13.4,0,90.1,3.8,1
AU2028674,2024-07-27,2024-07,Personal Loan,Rural,Karnataka,Disbursed,190000.0,Self-Employed,11.5,1,29.9,1,29.4,0,27.5,1,28.9,1,127.2,5.3,1
AU2028675,2025-03-13,2025-03,Personal Loan,Semi-Urban,Uttar Pradesh,Disbursed,123000.0,Self-Employed,5.5,0,26.4,1,36.4,0,17.7,1,14.1,0,100.1,4.2,1
AU2028676,2024-04-06,2024-04,Vehicle Finance,Rural,Haryana,Rejected,54000.0,MSME Owner,15.0,1,45.2,1,57.5,1,23.0,1,0.0,0,140.7,5.9,1
AU2028677,2025-04-03,2025-04,Business Loan,Urban,Gujarat,Under Review,570000.0,Farmer,4.4,0,12.3,0,17.2,0,0.0,0,0.0,0,33.9,1.4,0
AU2028678,2025-04-25,2025-04,Business Loan,Urban,Tamil Nadu,Disbursed,223000.0,Farmer,5.7,0,13.6,0,29.1,0,5.9,0,7.9,0,62.2,2.6,0
AU2028679,2024-04-01,2024-04,Vehicle Finance,Urban,Punjab,Rejected,55000.0,Salaried,4.9,0,12.6,0,26.2,0,9.1,0,0.0,0,52.8,2.2,0
AU2028680,2024-12-11,2024-12,Personal Loan,Urban,Rajasthan,Disbursed,117000.0,Self-Employed,2.3,0,13.4,0,28.5,0,7.3,0,9.4,0,60.9,2.5,0
AU2028681,2024-12-10,2024-12,Vehicle Finance,Semi-Urban,Tamil Nadu,Disbursed,312000.0,Salaried,7.8,0,35.2,1,24.4,0,15.9,0,26.3,1,109.6,4.6,1
AU2028682,2024-07-21,2024-07,Vehicle Finance,Urban,Gujarat,Rejected,244000.0,Salaried,2.9,0,10.9,0,29.7,0,11.6,0,0.0,0,55.1,2.3,0
AU2028683,2024-09-24,2024-09,Personal Loan,Semi-Urban,Tamil Nadu,Disbursed,196000.0,MSME Owner,7.9,0,33.7,1,22.2,0,10.0,0,16.1,0,89.9,3.7,1
AU2028684,2024-03-02,2024-03,Vehicle Finance,Rural,Gujarat,Under Review,187000.0,MSME Owner,11.8,1,57.5,1,34.3,0,0.0,0,0.0,0,103.6,4.3,1
AU2028685,2024-07-21,2024-07,Home Loan,Rural,Maharashtra,Disbursed,435000.0,Farmer,14.8,1,69.4,1,52.0,1,25.8,1,30.5,1,192.5,8.0,1
AU2028686,2024-12-21,2024-12,Personal Loan,Semi-Urban,Haryana,Rejected,166000.0,MSME Owner,5.6,0,16.1,0,44.7,0,9.9,0,0.0,0,76.3,3.2,0
AU2028687,2025-05-15,2025-05,Business Loan,Semi-Urban,Odisha,Disbursed,147000.0,Farmer,8.0,0,20.6,0,43.2,0,14.0,0,10.6,0,96.4,4.0,0
AU2028688,2025-01-14,2025-01,MSME Loan,Urban,Gujarat,Rejected,517000.0,Salaried,4.1,0,9.3,0,49.0,1,7.9,0,0.0,0,70.3,2.9,1
AU2028689,2024-02-03,2024-02,Home Loan,Urban,Maharashtra,Disbursed,468000.0,Self-Employed,2.9,0,34.7,1,20.7,0,8.6,0,17.4,0,84.3,3.5,1
AU2028690,2025-05-14,2025-05,Business Loan,Urban,Punjab,Disbursed,128000.0,Farmer,4.1,0,16.9,0,42.6,0,10.1,0,17.3,0,91.0,3.8,0
AU2028691,2024-06-22,2024-06,MSME Loan,Rural,Madhya Pradesh,Under Review,78000.0,Salaried,9.2,1,55.9,1,35.3,0,0.0,0,0.0,0,100.4,4.2,1
AU2028692,2024-10-31,2024-10,Business Loan,Urban,Madhya Pradesh,Disbursed,765000.0,Salaried,4.1,0,13.6,0,17.2,0,9.2,0,17.3,0,61.4,2.6,0
AU2028693,2024-03-03,2024-03,Personal Loan,Urban,Haryana,Rejected,130000.0,Farmer,2.8,0,9.1,0,12.2,0,5.7,0,0.0,0,29.8,1.2,0
AU2028694,2025-03-05,2025-03,Business Loan,Semi-Urban,Madhya Pradesh,Disbursed,236000.0,Salaried,5.4,0,20.9,0,31.0,0,17.8,1,13.6,0,88.7,3.7,1
AU2028695,2025-01-06,2025-01,Home Loan,Semi-Urban,Haryana,Disbursed,76000.0,Self-Employed,4.3,0,18.1,0,27.8,0,13.0,0,17.7,0,80.9,3.4,0
AU2028696,2024-05-22,2024-05,Home Loan,Urban,Tamil Nadu,Pending Documents,148000.0,Farmer,2.0,0,35.8,1,12.9,0,5.0,0,8.9,0,64.6,2.7,1
AU2028697,2024-10-30,2024-10,Business Loan,Semi-Urban,Odisha,Disbursed,124000.0,Salaried,4.2,0,18.2,0,72.0,1,12.7,0,23.8,0,130.9,5.5,1
AU2028698,2025-01-22,2025-01,Personal Loan,Urban,Uttar Pradesh,Disbursed,50000.0,Salaried,4.7,0,12.5,0,32.3,0,8.8,0,16.3,0,74.6,3.1,0
AU2028699,2024-07-01,2024-07,Vehicle Finance,Rural,Haryana,Disbursed,420000.0,Self-Employed,8.2,1,45.9,1,49.6,1,25.6,1,39.9,1,169.2,7.0,1
AU2028700,2024-12-07,2024-12,Vehicle Finance,Urban,Tamil Nadu,Under Review,1171000.0,Self-Employed,4.6,0,13.8,0,29.8,0,0.0,0,0.0,0,48.2,2.0,0
AU2028701,2025-05-01,2025-05,Personal Loan,Semi-Urban,Odisha,Disbursed,244000.0,Salaried,8.9,1,31.5,1,38.7,0,19.1,1,12.8,0,111.0,4.6,1
AU2028702,2024-09-05,2024-09,Business Loan,Urban,Haryana,Disbursed,1019000.0,Salaried,3.1,0,17.1,0,23.9,0,6.9,0,6.7,0,57.7,2.4,0
AU2028703,2024-05-22,2024-05,MSME Loan,Urban,Karnataka,Under Review,84000.0,Self-Employed,2.9,0,11.1,0,44.5,0,0.0,0,0.0,0,58.5,2.4,0
AU2028704,2025-01-28,2025-01,Personal Loan,Urban,Maharashtra,Disbursed,230000.0,Salaried,5.7,0,14.0,0,28.0,0,9.3,0,6.7,0,63.7,2.7,0
AU2028705,2024-02-25,2024-02,Personal Loan,Urban,Tamil Nadu,Pending Documents,1232000.0,MSME Owner,2.5,0,17.8,0,26.7,0,4.0,0,11.1,0,62.1,2.6,0
AU2028706,2024-05-08,2024-05,Home Loan,Urban,Gujarat,Under Review,188000.0,MSME Owner,5.1,0,17.3,0,20.6,0,0.0,0,0.0,0,43.0,1.8,0
AU2028707,2024-09-11,2024-09,Business Loan,Rural,Tamil Nadu,Rejected,617000.0,Salaried,14.4,1,39.7,1,103.5,1,17.9,1,0.0,0,175.5,7.3,1
AU2028708,2024-11-17,2024-11,Personal Loan,Rural,Madhya Pradesh,Disbursed,255000.0,Salaried,10.3,1,46.2,1,27.6,0,21.2,1,29.6,1,134.9,5.6,1
AU2028709,2024-01-16,2024-01,Vehicle Finance,Urban,Maharashtra,Disbursed,50000.0,Salaried,3.5,0,11.8,0,22.5,0,7.2,0,13.6,0,58.6,2.4,0
AU2028710,2025-01-12,2025-01,Vehicle Finance,Semi-Urban,Gujarat,Disbursed,444000.0,Salaried,4.4,0,18.3,0,30.4,0,11.7,0,25.0,1,89.8,3.7,1
AU2028711,2025-03-01,2025-03,Vehicle Finance,Urban,Rajasthan,Pending Documents,293000.0,Salaried,2.5,0,11.9,0,13.8,0,10.0,0,9.8,0,48.0,2.0,0
AU2028712,2024-09-12,2024-09,Home Loan,Rural,Gujarat,Disbursed,4176000.0,Farmer,8.3,1,49.7,1,66.4,1,16.3,1,22.1,0,162.8,6.8,1
AU2028713,2025-05-12,2025-05,Vehicle Finance,Urban,Rajasthan,Disbursed,3516000.0,MSME Owner,4.1,0,16.3,0,18.7,0,10.3,0,14.9,0,64.3,2.7,0
AU2028714,2024-07-14,2024-07,Personal Loan,Urban,Maharashtra,Rejected,75000.0,Self-Employed,2.6,0,13.5,0,31.3,0,7.9,0,0.0,0,55.3,2.3,0
AU2028715,2024-12-13,2024-12,Personal Loan,Urban,Odisha,Disbursed,50000.0,Salaried,4.0,0,14.5,0,18.6,0,11.9,0,10.8,0,59.8,2.5,0
AU2028716,2024-03-19,2024-03,Home Loan,Urban,Punjab,Disbursed,318000.0,MSME Owner,3.2,0,16.2,0,31.7,0,5.3,0,14.1,0,70.5,2.9,0
AU2028717,2024-11-14,2024-11,MSME Loan,Urban,Uttar Pradesh,Disbursed,50000.0,Farmer,3.1,0,12.4,0,35.8,0,5.8,0,17.9,0,75.0,3.1,0
AU2028718,2024-02-19,2024-02,Personal Loan,Semi-Urban,Odisha,Disbursed,1714000.0,Farmer,9.3,1,19.4,0,34.5,0,8.0,0,17.4,0,88.6,3.7,1
AU2028719,2024-12-04,2024-12,Personal Loan,Semi-Urban,Gujarat,Disbursed,50000.0,MSME Owner,5.9,0,34.2,1,31.4,0,18.1,1,21.3,0,110.9,4.6,1
AU2028720,2025-01-27,2025-01,MSME Loan,Semi-Urban,Karnataka,Rejected,279000.0,Salaried,4.1,0,29.1,1,37.0,0,12.8,0,0.0,0,83.0,3.5,1
AU2028721,2025-02-09,2025-02,Personal Loan,Urban,Tamil Nadu,Disbursed,50000.0,Salaried,4.2,0,8.3,0,34.6,0,11.7,0,9.7,0,68.5,2.9,0
AU2028722,2024-04-13,2024-04,Business Loan,Urban,Tamil Nadu,Under Review,1881000.0,Farmer,5.6,0,21.3,0,47.7,0,0.0,0,0.0,0,74.6,3.1,0
AU2028723,2024-12-04,2024-12,Business Loan,Rural,Uttar Pradesh,Rejected,1247000.0,Self-Employed,12.4,1,48.7,1,62.6,1,26.9,1,0.0,0,150.6,6.3,1
AU2028724,2024-09-08,2024-09,MSME Loan,Urban,Tamil Nadu,Disbursed,171000.0,MSME Owner,3.2,0,22.9,0,25.0,0,4.6,0,17.2,0,72.9,3.0,0
AU2028725,2024-05-13,2024-05,Personal Loan,Rural,Karnataka,Under Review,499000.0,Salaried,12.5,1,26.6,1,39.8,0,0.0,0,0.0,0,78.9,3.3,1
AU2028726,2024-06-24,2024-06,MSME Loan,Urban,Karnataka,Disbursed,72000.0,MSME Owner,3.6,0,23.2,0,41.8,0,6.9,0,14.6,0,90.1,3.8,0
AU2028727,2024-10-06,2024-10,MSME Loan,Rural,Karnataka,Disbursed,381000.0,Self-Employed,12.5,1,38.0,1,58.5,1,25.5,1,18.4,0,152.9,6.4,1
AU2028728,2025-05-02,2025-05,Business Loan,Urban,Rajasthan,Disbursed,747000.0,Farmer,4.1,0,13.4,0,50.0,1,4.5,0,7.1,0,79.1,3.3,1
AU2028729,2024-08-08,2024-08,Business Loan,Semi-Urban,Rajasthan,Rejected,112000.0,Farmer,7.2,0,23.9,0,35.9,0,13.4,0,0.0,0,80.4,3.4,0
AU2028730,2024-07-15,2024-07,Business Loan,Urban,Gujarat,Disbursed,4256000.0,Self-Employed,5.0,0,17.4,0,43.3,0,10.9,0,16.4,0,93.0,3.9,0
AU2028731,2024-06-10,2024-06,Personal Loan,Semi-Urban,Tamil Nadu,Rejected,404000.0,Salaried,9.1,1,16.3,0,42.0,0,9.9,0,0.0,0,77.3,3.2,1
AU2028732,2024-08-14,2024-08,Personal Loan,Urban,Haryana,Disbursed,212000.0,MSME Owner,2.4,0,9.7,0,15.4,0,9.2,0,16.9,0,53.6,2.2,0
AU2028733,2024-01-19,2024-01,MSME Loan,Rural,Tamil Nadu,Disbursed,100000.0,Farmer,11.0,1,39.2,1,65.5,1,12.9,0,42.9,1,171.5,7.1,1
AU2028734,2024-03-31,2024-03,Personal Loan,Semi-Urban,Rajasthan,Disbursed,364000.0,MSME Owner,7.3,0,15.0,0,29.7,0,8.4,0,23.7,0,84.1,3.5,0
AU2028735,2024-12-03,2024-12,Personal Loan,Semi-Urban,Karnataka,Rejected,243000.0,Self-Employed,7.8,0,30.3,1,23.5,0,15.2,0,0.0,0,76.8,3.2,1
AU2028736,2025-03-28,2025-03,Business Loan,Urban,Uttar Pradesh,Disbursed,218000.0,Salaried,2.3,0,10.9,0,21.2,0,8.0,0,10.2,0,52.6,2.2,0
AU2028737,2024-09-08,2024-09,MSME Loan,Rural,Maharashtra,Disbursed,506000.0,Farmer,12.5,1,47.1,1,46.3,0,12.9,0,22.8,0,141.6,5.9,1
AU2028738,2024-03-09,2024-03,Business Loan,Rural,Haryana,Disbursed,198000.0,Salaried,16.5,1,27.9,1,83.1,1,24.0,1,30.0,1,181.5,7.6,1
AU2028739,2025-01-01,2025-01,MSME Loan,Urban,Uttar Pradesh,Under Review,2278000.0,Self-Employed,4.4,0,23.8,0,39.9,0,0.0,0,0.0,0,68.1,2.8,0
AU2028740,2024-09-06,2024-09,MSME Loan,Rural,Haryana,Pending Documents,700000.0,Self-Employed,12.6,1,27.9,1,61.8,1,24.0,1,41.3,1,167.6,7.0,1
AU2028741,2024-10-18,2024-10,Business Loan,Urban,Gujarat,Disbursed,247000.0,Farmer,4.0,0,22.9,0,30.5,0,11.1,0,15.4,0,83.9,3.5,0
AU2028742,2024-12-03,2024-12,MSME Loan,Rural,Tamil Nadu,Disbursed,370000.0,Salaried,8.5,1,37.2,1,97.5,1,23.1,1,33.8,1,200.1,8.3,1
AU2028743,2024-12-16,2024-12,Personal Loan,Semi-Urban,Karnataka,Disbursed,571000.0,Self-Employed,10.0,1,33.1,1,27.3,0,15.1,0,19.0,0,104.5,4.4,1
AU2028744,2024-10-19,2024-10,Personal Loan,Rural,Karnataka,Disbursed,3041000.0,Salaried,10.2,1,30.9,1,42.5,0,15.6,0,45.8,1,145.0,6.0,1
AU2028745,2024-08-31,2024-08,Home Loan,Rural,Tamil Nadu,Under Review,295000.0,MSME Owner,10.4,1,67.3,1,32.9,0,0.0,0,0.0,0,110.6,4.6,1
AU2028746,2025-03-13,2025-03,Vehicle Finance,Urban,Karnataka,Disbursed,319000.0,Farmer,5.0,0,21.5,0,23.4,0,4.8,0,14.7,0,69.4,2.9,0
AU2028747,2024-09-16,2024-09,Business Loan,Urban,Maharashtra,Rejected,189000.0,Farmer,3.9,0,23.4,0,37.3,0,5.0,0,0.0,0,69.6,2.9,0
AU2028748,2024-07-19,2024-07,MSME Loan,Semi-Urban,Rajasthan,Rejected,2337000.0,Salaried,5.2,0,18.7,0,47.5,0,17.7,1,0.0,0,89.1,3.7,1
AU2028749,2024-09-10,2024-09,Personal Loan,Semi-Urban,Uttar Pradesh,Disbursed,2556000.0,Self-Employed,7.9,0,18.7,0,45.6,0,19.2,1,11.9,0,103.3,4.3,1
AU2028750,2025-05-12,2025-05,Home Loan,Urban,Odisha,Disbursed,285000.0,Salaried,4.7,0,32.0,1,32.9,0,4.2,0,15.8,0,89.6,3.7,1
AU2028751,2024-11-11,2024-11,MSME Loan,Semi-Urban,Haryana,Disbursed,309000.0,Salaried,5.4,0,23.8,0,69.1,1,17.6,1,18.9,0,134.8,5.6,1
AU2028752,2025-01-27,2025-01,Home Loan,Rural,Punjab,Disbursed,132000.0,Salaried,8.1,1,35.8,1,60.5,1,12.6,0,30.0,1,147.0,6.1,1
AU2028753,2024-06-13,2024-06,MSME Loan,Rural,Uttar Pradesh,Rejected,73000.0,Salaried,14.4,1,42.0,1,84.2,1,19.8,1,0.0,0,160.4,6.7,1
AU2028754,2024-01-15,2024-01,MSME Loan,Urban,Rajasthan,Disbursed,1071000.0,Salaried,5.2,0,14.8,0,32.9,0,9.3,0,15.3,0,77.5,3.2,0
AU2028755,2024-01-24,2024-01,MSME Loan,Urban,Odisha,Disbursed,50000.0,Salaried,5.5,0,16.8,0,51.0,1,11.9,0,12.6,0,97.8,4.1,1
AU2028756,2025-03-04,2025-03,Personal Loan,Urban,Maharashtra,Disbursed,100000.0,Salaried,3.0,0,16.8,0,13.8,0,8.9,0,14.1,0,56.6,2.4,0
AU2028757,2024-06-27,2024-06,MSME Loan,Rural,Punjab,Disbursed,338000.0,MSME Owner,11.6,1,45.1,1,66.1,1,18.1,1,39.8,1,180.7,7.5,1
AU2028758,2024-01-14,2024-01,Business Loan,Urban,Odisha,Disbursed,235000.0,Self-Employed,5.6,0,8.2,0,54.9,1,11.2,0,11.0,0,90.9,3.8,1
AU2028759,2024-07-13,2024-07,Home Loan,Rural,Punjab,Disbursed,312000.0,Salaried,16.5,1,38.9,1,36.3,0,27.7,1,25.7,1,145.1,6.0,1
AU2028760,2024-08-07,2024-08,Home Loan,Semi-Urban,Gujarat,Rejected,166000.0,Salaried,5.5,0,27.3,1,27.7,0,19.5,1,0.0,0,80.0,3.3,1
AU2028761,2024-07-01,2024-07,Vehicle Finance,Semi-Urban,Punjab,Pending Documents,54000.0,MSME Owner,8.2,1,19.5,0,32.1,0,10.2,0,22.3,0,92.3,3.8,1
AU2028762,2024-06-28,2024-06,Business Loan,Semi-Urban,Haryana,Disbursed,121000.0,Salaried,4.4,0,19.6,0,52.8,1,15.8,0,17.7,0,110.3,4.6,1
AU2028763,2024-12-04,2024-12,Vehicle Finance,Semi-Urban,Rajasthan,Disbursed,50000.0,Salaried,6.4,0,16.9,0,34.0,0,17.1,1,20.4,0,94.8,4.0,1
AU2028764,2024-05-06,2024-05,Personal Loan,Urban,Madhya Pradesh,Disbursed,50000.0,Salaried,5.1,0,14.2,0,28.1,0,9.1,0,13.3,0,69.8,2.9,0
AU2028765,2024-11-27,2024-11,MSME Loan,Urban,Madhya Pradesh,Disbursed,50000.0,MSME Owner,3.4,0,23.8,0,24.9,0,5.5,0,13.1,0,70.7,2.9,0
AU2028766,2024-10-30,2024-10,Business Loan,Urban,Uttar Pradesh,Pending Documents,277000.0,Salaried,3.4,0,12.0,0,21.5,0,4.3,0,17.9,0,59.1,2.5,0
AU2028767,2025-04-11,2025-04,Home Loan,Rural,Gujarat,Disbursed,163000.0,Salaried,14.0,1,73.7,1,43.0,0,19.0,1,29.5,1,179.2,7.5,1
AU2028768,2025-03-20,2025-03,Personal Loan,Rural,Gujarat,Disbursed,981000.0,Salaried,15.7,1,56.4,1,26.5,0,22.6,1,30.3,1,151.5,6.3,1
AU2028769,2024-02-28,2024-02,Personal Loan,Semi-Urban,Uttar Pradesh,Disbursed,71000.0,Self-Employed,8.9,1,18.9,0,38.3,0,16.9,1,13.0,0,96.0,4.0,1
AU2028770,2024-03-27,2024-03,MSME Loan,Urban,Punjab,Rejected,276000.0,Salaried,3.1,0,11.7,0,37.3,0,6.1,0,0.0,0,58.2,2.4,0
AU2028771,2024-10-02,2024-10,Business Loan,Urban,Rajasthan,Disbursed,1640000.0,Self-Employed,5.1,0,8.5,0,26.6,0,11.9,0,9.1,0,61.2,2.6,0
AU2028772,2024-01-20,2024-01,Home Loan,Semi-Urban,Punjab,Disbursed,373000.0,Farmer,8.1,1,35.0,1,27.6,0,12.3,0,16.2,0,99.2,4.1,1
AU2028773,2024-12-02,2024-12,MSME Loan,Urban,Tamil Nadu,Disbursed,297000.0,Self-Employed,3.6,0,8.1,0,27.1,0,8.0,0,15.1,0,61.9,2.6,0
AU2028774,2024-10-17,2024-10,Vehicle Finance,Urban,Haryana,Rejected,73000.0,Salaried,5.2,0,16.5,0,16.2,0,6.1,0,0.0,0,44.0,1.8,0
AU2028775,2025-04-06,2025-04,Home Loan,Rural,Karnataka,Disbursed,634000.0,Salaried,15.0,1,46.0,1,39.5,0,15.5,0,27.3,1,143.3,6.0,1
AU2028776,2024-05-16,2024-05,MSME Loan,Semi-Urban,Haryana,Disbursed,1933000.0,Farmer,9.2,1,13.5,0,69.2,1,8.6,0,12.8,0,113.3,4.7,1
AU2028777,2024-12-22,2024-12,Personal Loan,Urban,Rajasthan,Under Review,966000.0,MSME Owner,4.7,0,22.8,0,21.4,0,0.0,0,0.0,0,48.9,2.0,0
AU2028778,2024-10-28,2024-10,MSME Loan,Rural,Tamil Nadu,Disbursed,387000.0,Salaried,14.3,1,30.2,1,69.6,1,27.8,1,41.7,1,183.6,7.7,1
AU2028779,2024-06-11,2024-06,Vehicle Finance,Rural,Rajasthan,Disbursed,376000.0,Salaried,10.1,1,51.9,1,66.8,1,22.1,1,46.7,1,197.6,8.2,1
AU2028780,2024-10-19,2024-10,Home Loan,Semi-Urban,Haryana,Disbursed,151000.0,Farmer,9.7,1,28.9,1,45.7,0,14.6,0,18.5,0,117.4,4.9,1
AU2028781,2024-06-14,2024-06,MSME Loan,Semi-Urban,Haryana,Disbursed,118000.0,Salaried,4.1,0,27.1,1,28.7,0,16.8,1,21.2,0,97.9,4.1,1
AU2028782,2024-02-20,2024-02,Vehicle Finance,Semi-Urban,Odisha,Pending Documents,397000.0,MSME Owner,4.1,0,16.9,0,33.6,0,14.6,0,11.6,0,80.8,3.4,0
AU2028783,2024-02-21,2024-02,Business Loan,Semi-Urban,Tamil Nadu,Disbursed,50000.0,MSME Owner,8.6,1,23.0,0,46.7,0,16.5,1,20.0,0,114.8,4.8,1
AU2028784,2024-06-21,2024-06,MSME Loan,Semi-Urban,Madhya Pradesh,Disbursed,1647000.0,Self-Employed,4.0,0,21.6,0,32.5,0,12.8,0,15.8,0,86.7,3.6,0
AU2028785,2024-09-14,2024-09,Personal Loan,Urban,Tamil Nadu,Rejected,141000.0,MSME Owner,3.1,0,15.9,0,23.1,0,6.8,0,0.0,0,48.9,2.0,0
AU2028786,2024-03-26,2024-03,Personal Loan,Rural,Punjab,Under Review,1598000.0,Self-Employed,8.9,1,53.6,1,34.5,0,0.0,0,0.0,0,97.0,4.0,1
AU2028787,2024-06-02,2024-06,Home Loan,Semi-Urban,Odisha,Rejected,138000.0,Salaried,4.2,0,50.0,1,40.5,0,17.9,1,0.0,0,112.6,4.7,1
AU2028788,2025-05-11,2025-05,Vehicle Finance,Semi-Urban,Punjab,Disbursed,615000.0,Farmer,7.1,0,21.9,0,42.9,0,17.0,1,25.6,1,114.5,4.8,1
AU2028789,2024-04-13,2024-04,Home Loan,Rural,Haryana,Disbursed,483000.0,MSME Owner,8.9,1,75.2,1,54.2,1,12.3,0,36.0,1,186.6,7.8,1
AU2028790,2024-11-21,2024-11,Personal Loan,Urban,Tamil Nadu,Disbursed,87000.0,Salaried,3.0,0,8.0,0,18.6,0,8.9,0,13.2,0,51.7,2.2,0
AU2028791,2025-03-06,2025-03,MSME Loan,Urban,Gujarat,Under Review,256000.0,Self-Employed,3.5,0,13.6,0,21.1,0,0.0,0,0.0,0,38.2,1.6,0
AU2028792,2024-04-19,2024-04,MSME Loan,Rural,Karnataka,Rejected,255000.0,Farmer,15.4,1,29.8,1,89.0,1,19.8,1,0.0,0,154.0,6.4,1
AU2028793,2024-05-15,2024-05,MSME Loan,Semi-Urban,Uttar Pradesh,Pending Documents,3627000.0,Farmer,4.8,0,12.3,0,44.6,0,18.4,1,14.1,0,94.2,3.9,1
AU2028794,2024-06-01,2024-06,Home Loan,Semi-Urban,Rajasthan,Rejected,155000.0,Salaried,7.3,0,26.3,1,42.4,0,12.2,0,0.0,0,88.2,3.7,1
AU2028795,2024-07-24,2024-07,MSME Loan,Semi-Urban,Odisha,Disbursed,133000.0,MSME Owner,4.1,0,18.2,0,44.8,0,10.4,0,20.9,0,98.4,4.1,0
AU2028796,2024-11-15,2024-11,Vehicle Finance,Semi-Urban,Madhya Pradesh,Disbursed,50000.0,Salaried,6.1,0,26.5,1,37.5,0,11.6,0,27.1,1,108.8,4.5,1
AU2028797,2025-01-02,2025-01,Business Loan,Semi-Urban,Gujarat,Disbursed,147000.0,MSME Owner,6.8,0,25.7,1,34.4,0,13.2,0,23.8,0,103.9,4.3,1
AU2028798,2024-02-18,2024-02,Home Loan,Urban,Odisha,Disbursed,176000.0,MSME Owner,4.0,0,30.6,1,30.1,0,8.7,0,12.0,0,85.4,3.6,1
AU2028799,2024-06-21,2024-06,MSME Loan,Semi-Urban,Odisha,Disbursed,125000.0,Farmer,4.4,0,27.7,1,30.8,0,17.8,1,24.3,1,105.0,4.4,1
AU2028800,2024-02-04,2024-02,Vehicle Finance,Semi-Urban,Uttar Pradesh,Rejected,730000.0,Self-Employed,9.4,1,26.0,1,30.8,0,8.0,0,0.0,0,74.2,3.1,1
AU2028801,2025-02-14,2025-02,MSME Loan,Semi-Urban,Odisha,Disbursed,258000.0,Self-Employed,5.7,0,23.8,0,44.2,0,18.9,1,20.2,0,112.8,4.7,1
AU2028802,2024-08-31,2024-08,MSME Loan,Semi-Urban,Karnataka,Disbursed,50000.0,Self-Employed,5.8,0,29.3,1,72.8,1,16.5,1,16.4,0,140.8,5.9,1
AU2028803,2024-04-17,2024-04,Vehicle Finance,Rural,Haryana,Disbursed,191000.0,Salaried,9.3,1,41.8,1,59.1,1,23.8,1,31.6,1,165.6,6.9,1
AU2028804,2025-02-11,2025-02,Home Loan,Semi-Urban,Punjab,Disbursed,134000.0,Salaried,8.8,1,45.2,1,25.6,0,8.7,0,23.8,0,112.1,4.7,1
AU2028805,2024-11-29,2024-11,Business Loan,Urban,Gujarat,Disbursed,89000.0,Salaried,3.7,0,13.4,0,44.6,0,11.8,0,8.5,0,82.0,3.4,0
AU2028806,2024-09-15,2024-09,Personal Loan,Urban,Uttar Pradesh,Disbursed,89000.0,Salaried,4.9,0,20.7,0,17.9,0,5.1,0,12.3,0,60.9,2.5,0
AU2028807,2024-08-09,2024-08,Personal Loan,Urban,Uttar Pradesh,Rejected,1178000.0,Salaried,5.2,0,18.8,0,17.3,0,8.2,0,0.0,0,49.5,2.1,0
AU2028808,2024-06-09,2024-06,Personal Loan,Urban,Karnataka,Disbursed,184000.0,Salaried,5.7,0,19.1,0,26.9,0,9.1,0,10.8,0,71.6,3.0,0
AU2028809,2024-07-31,2024-07,MSME Loan,Urban,Madhya Pradesh,Rejected,2169000.0,Self-Employed,5.5,0,19.5,0,39.1,0,11.5,0,0.0,0,75.6,3.1,0
AU2028810,2024-05-08,2024-05,Personal Loan,Urban,Haryana,Rejected,233000.0,Salaried,4.6,0,11.1,0,25.3,0,7.1,0,0.0,0,48.1,2.0,0
AU2028811,2024-09-20,2024-09,MSME Loan,Semi-Urban,Odisha,Disbursed,633000.0,Self-Employed,6.0,0,30.7,1,49.0,1,16.9,1,26.4,1,129.0,5.4,1
AU2028812,2024-12-09,2024-12,Business Loan,Rural,Tamil Nadu,Disbursed,191000.0,Salaried,14.3,1,25.7,1,41.3,0,17.2,1,35.3,1,133.8,5.6,1
AU2028813,2024-04-02,2024-04,Personal Loan,Semi-Urban,Karnataka,Disbursed,298000.0,Self-Employed,4.4,0,26.7,1,36.2,0,14.1,0,22.5,0,103.9,4.3,1
AU2028814,2024-11-17,2024-11,Personal Loan,Semi-Urban,Rajasthan,Disbursed,130000.0,MSME Owner,7.2,0,35.3,1,46.3,0,20.0,1,11.8,0,120.6,5.0,1
AU2028815,2025-03-17,2025-03,Vehicle Finance,Semi-Urban,Karnataka,Disbursed,224000.0,Salaried,4.3,0,29.0,1,47.0,0,14.4,0,15.9,0,110.6,4.6,1
AU2028816,2024-10-22,2024-10,MSME Loan,Urban,Maharashtra,Under Review,297000.0,MSME Owner,4.8,0,18.3,0,22.6,0,0.0,0,0.0,0,45.7,1.9,0
AU2028817,2024-04-19,2024-04,Home Loan,Semi-Urban,Tamil Nadu,Disbursed,959000.0,MSME Owner,6.4,0,33.9,1,18.8,0,12.8,0,13.0,0,84.9,3.5,1
AU2028818,2024-05-17,2024-05,Business Loan,Urban,Tamil Nadu,Disbursed,1455000.0,Self-Employed,3.8,0,21.9,0,17.5,0,8.9,0,16.4,0,68.5,2.9,0
AU2028819,2025-02-18,2025-02,Personal Loan,Semi-Urban,Karnataka,Disbursed,50000.0,Salaried,5.5,0,30.9,1,35.0,0,11.8,0,23.8,0,107.0,4.5,1
AU2028820,2025-03-12,2025-03,Home Loan,Urban,Odisha,Disbursed,70000.0,Self-Employed,3.0,0,17.6,0,19.5,0,11.5,0,16.0,0,67.6,2.8,0
AU2028821,2025-04-23,2025-04,Vehicle Finance,Semi-Urban,Haryana,Disbursed,1104000.0,Self-Employed,6.0,0,26.7,1,43.2,0,8.5,0,20.9,0,105.3,4.4,1
AU2028822,2025-01-07,2025-01,Vehicle Finance,Urban,Odisha,Disbursed,1436000.0,Salaried,3.8,0,24.0,0,28.5,0,9.5,0,9.8,0,75.6,3.1,0
AU2028823,2024-09-24,2024-09,Personal Loan,Rural,Rajasthan,Disbursed,379000.0,Farmer,9.3,1,30.2,1,38.8,0,21.2,1,41.7,1,141.2,5.9,1
AU2028824,2024-07-05,2024-07,MSME Loan,Urban,Madhya Pradesh,Disbursed,1390000.0,Self-Employed,2.7,0,12.9,0,42.9,0,8.0,0,14.9,0,81.4,3.4,0
AU2028825,2024-03-16,2024-03,Personal Loan,Rural,Tamil Nadu,Disbursed,667000.0,Salaried,13.9,1,50.5,1,36.8,0,29.1,1,39.2,1,169.5,7.1,1
AU2028826,2024-03-18,2024-03,Personal Loan,Semi-Urban,Madhya Pradesh,Rejected,366000.0,MSME Owner,6.1,0,31.0,1,38.9,0,14.9,0,0.0,0,90.9,3.8,1
AU2028827,2025-03-08,2025-03,MSME Loan,Semi-Urban,Uttar Pradesh,Disbursed,324000.0,Self-Employed,8.7,1,20.2,0,66.3,1,9.3,0,22.8,0,127.3,5.3,1
AU2028828,2024-07-29,2024-07,Vehicle Finance,Semi-Urban,Haryana,Disbursed,248000.0,Farmer,8.5,1,19.2,0,46.3,0,17.3,1,16.6,0,107.9,4.5,1
AU2028829,2025-03-16,2025-03,Vehicle Finance,Semi-Urban,Punjab,Disbursed,79000.0,MSME Owner,5.1,0,23.0,0,39.1,0,19.2,1,11.1,0,97.5,4.1,1
AU2028830,2024-11-20,2024-11,Business Loan,Semi-Urban,Gujarat,Rejected,157000.0,Farmer,4.9,0,30.3,1,39.8,0,14.7,0,0.0,0,89.7,3.7,1
AU2028831,2025-03-09,2025-03,Personal Loan,Urban,Madhya Pradesh,Disbursed,416000.0,Salaried,3.0,0,16.3,0,29.1,0,10.3,0,6.8,0,65.5,2.7,0
AU2028832,2024-05-16,2024-05,Business Loan,Rural,Haryana,Disbursed,172000.0,Salaried,8.5,1,51.5,1,56.9,1,29.0,1,44.6,1,190.5,7.9,1
AU2028833,2024-11-26,2024-11,Home Loan,Urban,Uttar Pradesh,Disbursed,72000.0,Self-Employed,3.4,0,33.4,1,15.0,0,9.8,0,13.3,0,74.9,3.1,1
AU2028834,2024-05-11,2024-05,MSME Loan,Semi-Urban,Maharashtra,Disbursed,208000.0,Self-Employed,5.2,0,14.0,0,26.1,0,17.2,1,18.7,0,81.2,3.4,1
AU2028835,2024-04-30,2024-04,MSME Loan,Urban,Odisha,Rejected,104000.0,Self-Employed,4.4,0,13.9,0,19.3,0,11.6,0,0.0,0,49.2,2.1,0
AU2028836,2024-05-02,2024-05,Business Loan,Rural,Haryana,Disbursed,1512000.0,Salaried,11.2,1,38.8,1,71.4,1,14.2,0,18.5,0,154.1,6.4,1
AU2028837,2024-03-17,2024-03,MSME Loan,Urban,Gujarat,Disbursed,182000.0,MSME Owner,3.2,0,10.9,0,55.5,1,11.4,0,7.3,0,88.3,3.7,1
AU2028838,2024-01-15,2024-01,MSME Loan,Rural,Madhya Pradesh,Disbursed,52000.0,Salaried,14.1,1,53.6,1,89.5,1,15.3,0,26.7,1,199.2,8.3,1
AU2028839,2025-02-12,2025-02,Vehicle Finance,Semi-Urban,Madhya Pradesh,Disbursed,319000.0,Self-Employed,8.4,1,16.4,0,25.4,0,11.1,0,26.9,1,88.2,3.7,1
AU2028840,2024-08-25,2024-08,Business Loan,Semi-Urban,Uttar Pradesh,Rejected,109000.0,MSME Owner,8.0,0,18.3,0,26.8,0,16.0,0,0.0,0,69.1,2.9,0
AU2028841,2024-10-13,2024-10,Personal Loan,Semi-Urban,Tamil Nadu,Pending Documents,200000.0,Salaried,7.1,0,28.7,1,24.9,0,17.0,1,25.6,1,103.3,4.3,1
AU2028842,2024-08-04,2024-08,MSME Loan,Urban,Haryana,Under Review,50000.0,Salaried,5.6,0,14.8,0,51.5,1,0.0,0,0.0,0,71.9,3.0,1
AU2028843,2024-04-13,2024-04,Personal Loan,Urban,Rajasthan,Pending Documents,142000.0,Salaried,3.8,0,22.1,0,31.7,0,7.8,0,13.3,0,78.7,3.3,0
AU2028844,2024-05-19,2024-05,Vehicle Finance,Urban,Maharashtra,Disbursed,98000.0,Salaried,3.0,0,13.7,0,21.1,0,7.9,0,8.1,0,53.8,2.2,0
AU2028845,2024-01-15,2024-01,Home Loan,Rural,Maharashtra,Disbursed,52000.0,Salaried,15.2,1,85.5,1,25.7,0,12.3,0,23.5,0,162.2,6.8,1
AU2028846,2025-02-08,2025-02,Home Loan,Rural,Uttar Pradesh,Rejected,1807000.0,Salaried,14.9,1,50.0,1,34.7,0,16.3,1,0.0,0,115.9,4.8,1
AU2028847,2024-12-03,2024-12,Home Loan,Semi-Urban,Uttar Pradesh,Disbursed,537000.0,Salaried,5.3,0,26.2,1,30.1,0,8.9,0,23.1,0,93.6,3.9,1
AU2028848,2024-03-31,2024-03,Home Loan,Urban,Karnataka,Disbursed,218000.0,Farmer,4.6,0,12.7,0,32.3,0,9.4,0,11.4,0,70.4,2.9,0
AU2028849,2025-05-08,2025-05,Home Loan,Urban,Rajasthan,Disbursed,102000.0,Self-Employed,5.7,0,11.7,0,21.0,0,11.5,0,8.6,0,58.5,2.4,0
AU2028850,2025-02-04,2025-02,MSME Loan,Urban,Tamil Nadu,Disbursed,928000.0,Salaried,3.5,0,10.1,0,25.2,0,8.0,0,9.8,0,56.6,2.4,0
AU2028851,2024-01-29,2024-01,Personal Loan,Urban,Rajasthan,Rejected,121000.0,Salaried,3.9,0,12.4,0,21.1,0,10.6,0,0.0,0,48.0,2.0,0
AU2028852,2024-06-09,2024-06,Personal Loan,Semi-Urban,Gujarat,Rejected,400000.0,Farmer,7.0,0,25.0,1,38.0,0,12.5,0,0.0,0,82.5,3.4,1
AU2028853,2024-06-01,2024-06,Vehicle Finance,Urban,Odisha,Under Review,261000.0,Farmer,2.1,0,20.6,0,21.3,0,0.0,0,0.0,0,44.0,1.8,0
AU2028854,2025-04-06,2025-04,Vehicle Finance,Semi-Urban,Gujarat,Under Review,109000.0,MSME Owner,9.8,1,13.9,0,29.6,0,0.0,0,0.0,0,53.3,2.2,1
AU2028855,2025-04-04,2025-04,MSME Loan,Urban,Haryana,Under Review,1767000.0,MSME Owner,5.3,0,17.6,0,18.1,0,0.0,0,0.0,0,41.0,1.7,0
AU2028856,2024-12-09,2024-12,Vehicle Finance,Semi-Urban,Punjab,Disbursed,621000.0,Salaried,4.0,0,21.6,0,40.7,0,17.9,1,19.9,0,104.1,4.3,1
AU2028857,2024-07-22,2024-07,MSME Loan,Urban,Gujarat,Pending Documents,50000.0,Farmer,4.4,0,8.9,0,34.6,0,5.4,0,13.5,0,66.8,2.8,0
AU2028858,2024-04-30,2024-04,Personal Loan,Semi-Urban,Maharashtra,Disbursed,144000.0,Salaried,8.3,1,19.4,0,38.9,0,15.8,0,11.2,0,93.6,3.9,1
AU2028859,2024-10-19,2024-10,Business Loan,Semi-Urban,Gujarat,Under Review,122000.0,Self-Employed,7.0,0,30.0,1,66.0,1,0.0,0,0.0,0,103.0,4.3,1
AU2028860,2025-04-22,2025-04,Personal Loan,Rural,Karnataka,Disbursed,2033000.0,MSME Owner,15.3,1,31.0,1,71.1,1,15.2,0,20.9,0,153.5,6.4,1
AU2028861,2024-09-24,2024-09,Home Loan,Rural,Gujarat,Disbursed,74000.0,Self-Employed,13.4,1,33.5,1,56.7,1,18.4,1,46.1,1,168.1,7.0,1
AU2028862,2025-05-01,2025-05,Personal Loan,Urban,Odisha,Disbursed,50000.0,Salaried,2.6,0,21.1,0,22.8,0,8.6,0,12.6,0,67.7,2.8,0
AU2028863,2024-05-08,2024-05,Vehicle Finance,Semi-Urban,Karnataka,Disbursed,145000.0,Salaried,7.3,0,17.9,0,35.7,0,13.2,0,10.7,0,84.8,3.5,0
AU2028864,2025-03-28,2025-03,Home Loan,Urban,Tamil Nadu,Pending Documents,163000.0,Salaried,2.3,0,11.5,0,18.4,0,6.6,0,7.3,0,46.1,1.9,0
AU2028865,2024-05-01,2024-05,Business Loan,Urban,Gujarat,Disbursed,258000.0,Salaried,5.7,0,16.3,0,41.6,0,4.3,0,12.7,0,80.6,3.4,0
AU2028866,2024-03-03,2024-03,Business Loan,Rural,Odisha,Under Review,1081000.0,Self-Employed,8.2,1,49.3,1,47.5,0,0.0,0,0.0,0,105.0,4.4,1
AU2028867,2024-06-17,2024-06,Business Loan,Semi-Urban,Punjab,Disbursed,549000.0,MSME Owner,7.1,0,35.0,1,43.2,0,16.7,1,25.0,1,127.0,5.3,1
AU2028868,2025-01-12,2025-01,Business Loan,Rural,Odisha,Disbursed,117000.0,Salaried,13.0,1,36.5,1,89.7,1,13.9,0,22.0,0,175.1,7.3,1
AU2028869,2025-02-16,2025-02,Business Loan,Semi-Urban,Haryana,Under Review,513000.0,Self-Employed,9.4,1,17.2,0,55.4,1,0.0,0,0.0,0,82.0,3.4,1
AU2028870,2025-04-23,2025-04,MSME Loan,Semi-Urban,Madhya Pradesh,Disbursed,196000.0,Salaried,6.7,0,17.9,0,45.2,0,19.8,1,16.3,0,105.9,4.4,1
AU2028871,2024-04-21,2024-04,Home Loan,Urban,Haryana,Disbursed,378000.0,Salaried,4.3,0,15.9,0,29.2,0,9.4,0,11.1,0,69.9,2.9,0
AU2028872,2024-02-24,2024-02,Personal Loan,Urban,Maharashtra,Disbursed,386000.0,Self-Employed,5.5,0,11.2,0,20.6,0,8.5,0,9.5,0,55.3,2.3,0
AU2028873,2024-04-19,2024-04,MSME Loan,Semi-Urban,Maharashtra,Disbursed,932000.0,Salaried,7.2,0,25.2,1,75.2,1,15.2,0,22.0,0,144.8,6.0,1
AU2028874,2024-08-13,2024-08,Personal Loan,Urban,Uttar Pradesh,Disbursed,353000.0,Self-Employed,4.3,0,15.5,0,15.4,0,9.9,0,12.4,0,57.5,2.4,0
AU2028875,2024-05-10,2024-05,Business Loan,Semi-Urban,Haryana,Disbursed,845000.0,Self-Employed,7.7,0,17.4,0,63.2,1,14.3,0,25.5,1,128.1,5.3,1
AU2028876,2024-01-29,2024-01,MSME Loan,Semi-Urban,Odisha,Disbursed,148000.0,Self-Employed,4.6,0,27.2,1,44.1,0,12.0,0,27.6,1,115.5,4.8,1
AU2028877,2024-09-30,2024-09,Business Loan,Semi-Urban,Tamil Nadu,Disbursed,1515000.0,Salaried,8.5,1,19.8,0,65.7,1,15.3,0,15.7,0,125.0,5.2,1
AU2028878,2024-12-24,2024-12,Business Loan,Semi-Urban,Punjab,Disbursed,96000.0,MSME Owner,5.9,0,26.9,1,30.8,0,11.9,0,21.7,0,97.2,4.0,1
AU2028879,2024-06-11,2024-06,Business Loan,Rural,Gujarat,Rejected,446000.0,Farmer,12.0,1,25.2,1,80.2,1,18.1,1,0.0,0,135.5,5.6,1
AU2028880,2024-08-04,2024-08,Home Loan,Semi-Urban,Karnataka,Disbursed,257000.0,Self-Employed,5.8,0,31.4,1,39.3,0,17.3,1,17.0,0,110.8,4.6,1
AU2028881,2024-12-15,2024-12,Home Loan,Urban,Tamil Nadu,Under Review,1513000.0,Self-Employed,5.1,0,22.4,0,17.5,0,0.0,0,0.0,0,45.0,1.9,0
AU2028882,2025-05-08,2025-05,Business Loan,Urban,Madhya Pradesh,Rejected,263000.0,Farmer,5.5,0,9.3,0,54.8,1,4.3,0,0.0,0,73.9,3.1,1
AU2028883,2025-03-26,2025-03,Vehicle Finance,Urban,Uttar Pradesh,Disbursed,297000.0,Farmer,6.0,0,20.8,0,24.4,0,11.2,0,7.3,0,69.7,2.9,0
AU2028884,2024-07-04,2024-07,MSME Loan,Urban,Maharashtra,Under Review,359000.0,Farmer,5.6,0,18.1,0,50.2,1,0.0,0,0.0,0,73.9,3.1,1
AU2028885,2025-01-01,2025-01,Vehicle Finance,Urban,Tamil Nadu,Under Review,299000.0,Salaried,5.9,0,14.4,0,16.1,0,0.0,0,0.0,0,36.4,1.5,0
AU2028886,2025-02-24,2025-02,Vehicle Finance,Rural,Punjab,Disbursed,2127000.0,Farmer,9.0,1,29.7,1,48.4,1,19.5,1,30.3,1,136.9,5.7,1
AU2028887,2024-01-11,2024-01,Business Loan,Semi-Urban,Uttar Pradesh,Under Review,361000.0,Salaried,5.3,0,28.1,1,27.9,0,0.0,0,0.0,0,61.3,2.6,1
AU2028888,2024-01-18,2024-01,Business Loan,Semi-Urban,Odisha,Disbursed,3098000.0,Salaried,8.3,1,26.0,1,27.6,0,10.4,0,13.6,0,85.9,3.6,1
AU2028889,2024-12-19,2024-12,Personal Loan,Semi-Urban,Rajasthan,Pending Documents,1126000.0,MSME Owner,6.9,0,21.7,0,29.6,0,15.2,0,16.5,0,89.9,3.7,0
AU2028890,2024-05-09,2024-05,Personal Loan,Semi-Urban,Madhya Pradesh,Disbursed,299000.0,Self-Employed,4.1,0,17.4,0,20.9,0,19.4,1,15.6,0,77.4,3.2,1
AU2028891,2024-07-15,2024-07,Personal Loan,Semi-Urban,Karnataka,Disbursed,50000.0,Self-Employed,4.9,0,35.6,1,47.1,0,15.9,0,22.7,0,126.2,5.3,1
AU2028892,2024-11-23,2024-11,Business Loan,Rural,Uttar Pradesh,Disbursed,164000.0,Salaried,13.7,1,32.8,1,86.6,1,18.9,1,44.6,1,196.6,8.2,1
AU2028893,2025-04-07,2025-04,Vehicle Finance,Semi-Urban,Punjab,Disbursed,192000.0,Farmer,4.4,0,13.6,0,39.1,0,17.2,1,17.8,0,92.1,3.8,1
AU2028894,2024-09-30,2024-09,Business Loan,Urban,Gujarat,Disbursed,202000.0,Self-Employed,5.1,0,8.4,0,17.4,0,6.7,0,14.4,0,52.0,2.2,0
AU2028895,2025-03-15,2025-03,Business Loan,Urban,Madhya Pradesh,Disbursed,474000.0,Salaried,2.9,0,13.3,0,21.3,0,9.7,0,9.1,0,56.3,2.3,0
AU2028896,2024-07-17,2024-07,Home Loan,Semi-Urban,Tamil Nadu,Under Review,340000.0,Salaried,4.6,0,48.4,1,23.3,0,0.0,0,0.0,0,76.3,3.2,1
AU2028897,2025-04-10,2025-04,Personal Loan,Rural,Rajasthan,Disbursed,351000.0,MSME Owner,12.1,1,26.5,1,58.2,1,14.7,0,45.8,1,157.3,6.6,1
AU2028898,2025-04-19,2025-04,Business Loan,Urban,Haryana,Disbursed,171000.0,Farmer,2.7,0,15.5,0,52.0,1,4.4,0,9.7,0,84.3,3.5,1
AU2028899,2024-06-03,2024-06,MSME Loan,Semi-Urban,Uttar Pradesh,Rejected,666000.0,MSME Owner,7.1,0,32.3,1,57.6,1,16.2,1,0.0,0,113.2,4.7,1
AU2028900,2025-04-24,2025-04,MSME Loan,Rural,Gujarat,Disbursed,50000.0,MSME Owner,17.9,1,25.6,1,111.1,1,13.3,0,31.8,1,199.7,8.3,1
AU2028901,2024-06-01,2024-06,Vehicle Finance,Urban,Madhya Pradesh,Disbursed,1007000.0,MSME Owner,3.2,0,9.1,0,27.2,0,10.0,0,17.5,0,67.0,2.8,0
AU2028902,2025-03-16,2025-03,Personal Loan,Rural,Madhya Pradesh,Disbursed,642000.0,MSME Owner,12.3,1,48.8,1,51.5,1,15.5,0,40.8,1,168.9,7.0,1
AU2028903,2025-04-13,2025-04,MSME Loan,Semi-Urban,Maharashtra,Pending Documents,101000.0,Self-Employed,6.9,0,28.2,1,34.5,0,18.8,1,24.4,1,112.8,4.7,1
AU2028904,2024-11-19,2024-11,MSME Loan,Semi-Urban,Tamil Nadu,Under Review,309000.0,Farmer,6.6,0,24.0,0,33.6,0,0.0,0,0.0,0,64.2,2.7,0
AU2028905,2025-03-26,2025-03,Personal Loan,Urban,Punjab,Disbursed,2463000.0,Salaried,5.0,0,12.9,0,29.3,0,5.6,0,8.8,0,61.6,2.6,0
AU2028906,2025-02-08,2025-02,MSME Loan,Urban,Haryana,Disbursed,173000.0,Salaried,2.6,0,21.5,0,23.0,0,4.9,0,16.6,0,68.6,2.9,0
AU2028907,2024-05-20,2024-05,Business Loan,Urban,Rajasthan,Disbursed,91000.0,Salaried,3.7,0,17.4,0,55.2,1,6.6,0,15.2,0,98.1,4.1,1
AU2028908,2025-02-25,2025-02,Personal Loan,Semi-Urban,Gujarat,Disbursed,50000.0,Farmer,9.5,1,26.0,1,23.3,0,14.7,0,24.3,1,97.8,4.1,1
AU2028909,2024-08-29,2024-08,Personal Loan,Semi-Urban,Tamil Nadu,Disbursed,205000.0,Salaried,4.6,0,35.1,1,23.1,0,9.8,0,27.5,1,100.1,4.2,1
AU2028910,2025-04-19,2025-04,Vehicle Finance,Rural,Haryana,Disbursed,212000.0,Self-Employed,13.6,1,42.5,1,43.5,0,26.2,1,33.0,1,158.8,6.6,1
AU2028911,2025-01-02,2025-01,Vehicle Finance,Urban,Punjab,Under Review,273000.0,Self-Employed,3.9,0,13.6,0,33.4,0,0.0,0,0.0,0,50.9,2.1,0
AU2028912,2025-03-24,2025-03,Home Loan,Urban,Haryana,Disbursed,253000.0,Salaried,4.4,0,31.2,1,16.6,0,4.9,0,6.9,0,64.0,2.7,1
AU2028913,2025-02-26,2025-02,Personal Loan,Urban,Gujarat,Pending Documents,283000.0,Salaried,4.4,0,22.7,0,27.1,0,4.3,0,13.2,0,71.7,3.0,0
AU2028914,2024-12-23,2024-12,MSME Loan,Urban,Maharashtra,Disbursed,279000.0,Salaried,4.9,0,18.3,0,32.4,0,9.8,0,7.2,0,72.6,3.0,0
AU2028915,2024-09-16,2024-09,Home Loan,Semi-Urban,Uttar Pradesh,Disbursed,50000.0,Salaried,7.7,0,34.3,1,32.6,0,11.9,0,10.1,0,96.6,4.0,1
AU2028916,2024-06-29,2024-06,Business Loan,Semi-Urban,Gujarat,Disbursed,50000.0,Salaried,7.0,0,26.2,1,53.9,1,18.6,1,23.8,0,129.5,5.4,1
AU2028917,2024-11-04,2024-11,Personal Loan,Semi-Urban,Haryana,Disbursed,693000.0,Self-Employed,9.7,1,23.0,0,39.6,0,19.6,1,12.7,0,104.6,4.4,1
AU2028918,2025-01-12,2025-01,Personal Loan,Urban,Karnataka,Disbursed,282000.0,MSME Owner,2.6,0,17.5,0,15.7,0,7.0,0,10.1,0,52.9,2.2,0
AU2028919,2024-08-20,2024-08,Vehicle Finance,Urban,Punjab,Disbursed,302000.0,Self-Employed,4.5,0,13.4,0,15.5,0,11.1,0,6.6,0,51.1,2.1,0
AU2028920,2025-01-25,2025-01,Home Loan,Urban,Rajasthan,Disbursed,872000.0,Self-Employed,2.1,0,31.1,1,22.7,0,10.8,0,15.3,0,82.0,3.4,1
AU2028921,2024-11-24,2024-11,Vehicle Finance,Rural,Rajasthan,Disbursed,506000.0,MSME Owner,14.7,1,42.7,1,52.1,1,26.4,1,35.1,1,171.0,7.1,1
AU2028922,2024-11-18,2024-11,Vehicle Finance,Semi-Urban,Maharashtra,Disbursed,835000.0,Self-Employed,9.8,1,13.0,0,39.7,0,11.8,0,10.4,0,84.7,3.5,1
AU2028923,2025-02-09,2025-02,MSME Loan,Urban,Tamil Nadu,Disbursed,214000.0,Salaried,5.2,0,18.0,0,26.9,0,5.3,0,7.3,0,62.7,2.6,0
AU2028924,2024-01-02,2024-01,Personal Loan,Rural,Maharashtra,Pending Documents,270000.0,Farmer,16.5,1,40.6,1,39.5,0,22.5,1,36.2,1,155.3,6.5,1
AU2028925,2024-04-12,2024-04,Vehicle Finance,Semi-Urban,Haryana,Rejected,270000.0,Salaried,5.7,0,33.4,1,35.7,0,11.9,0,0.0,0,86.7,3.6,1
AU2028926,2024-06-09,2024-06,Personal Loan,Semi-Urban,Uttar Pradesh,Disbursed,411000.0,Self-Employed,9.6,1,34.3,1,39.3,0,18.7,1,22.9,0,124.8,5.2,1
AU2028927,2024-02-12,2024-02,Vehicle Finance,Semi-Urban,Odisha,Disbursed,537000.0,Salaried,8.8,1,14.9,0,30.3,0,10.8,0,18.2,0,83.0,3.5,1
AU2028928,2024-03-21,2024-03,Business Loan,Rural,Gujarat,Pending Documents,319000.0,Farmer,12.0,1,42.8,1,54.1,1,28.2,1,23.4,0,160.5,6.7,1
AU2028929,2024-09-21,2024-09,Vehicle Finance,Rural,Madhya Pradesh,Disbursed,502000.0,Salaried,14.1,1,51.6,1,33.0,0,25.3,1,44.4,1,168.4,7.0,1
AU2028930,2025-03-09,2025-03,MSME Loan,Semi-Urban,Maharashtra,Disbursed,1958000.0,Farmer,9.6,1,33.8,1,58.6,1,16.2,1,10.0,0,128.2,5.3,1
AU2028931,2024-12-17,2024-12,Business Loan,Rural,Odisha,Rejected,98000.0,Self-Employed,9.0,1,32.9,1,78.5,1,28.2,1,0.0,0,148.6,6.2,1
AU2028932,2025-02-09,2025-02,Personal Loan,Semi-Urban,Haryana,Disbursed,173000.0,Self-Employed,7.5,0,33.7,1,33.9,0,16.3,1,13.3,0,104.7,4.4,1
AU2028933,2024-08-19,2024-08,Home Loan,Semi-Urban,Punjab,Disbursed,171000.0,MSME Owner,5.3,0,38.1,1,38.1,0,16.3,1,26.4,1,124.2,5.2,1
AU2028934,2025-03-23,2025-03,MSME Loan,Rural,Tamil Nadu,Under Review,266000.0,Salaried,10.2,1,37.7,1,104.1,1,0.0,0,0.0,0,152.0,6.3,1
AU2028935,2024-05-13,2024-05,Business Loan,Semi-Urban,Maharashtra,Under Review,261000.0,Salaried,9.6,1,17.1,0,71.9,1,0.0,0,0.0,0,98.6,4.1,1
AU2028936,2024-12-17,2024-12,MSME Loan,Semi-Urban,Maharashtra,Disbursed,75000.0,Salaried,5.5,0,16.2,0,72.1,1,18.2,1,15.7,0,127.7,5.3,1
AU2028937,2025-02-27,2025-02,MSME Loan,Urban,Odisha,Disbursed,807000.0,MSME Owner,3.3,0,9.0,0,45.5,0,11.9,0,12.8,0,82.5,3.4,0
AU2028938,2025-02-13,2025-02,Business Loan,Urban,Punjab,Disbursed,553000.0,Farmer,5.4,0,18.4,0,34.4,0,9.4,0,14.0,0,81.6,3.4,0
AU2028939,2024-04-11,2024-04,Personal Loan,Semi-Urban,Uttar Pradesh,Disbursed,391000.0,Farmer,5.9,0,31.3,1,29.3,0,17.2,1,14.0,0,97.7,4.1,1
AU2028940,2024-07-31,2024-07,Home Loan,Urban,Gujarat,Disbursed,291000.0,MSME Owner,5.0,0,11.3,0,23.8,0,10.8,0,13.8,0,64.7,2.7,0
AU2028941,2024-04-03,2024-04,Personal Loan,Urban,Punjab,Disbursed,89000.0,Salaried,4.7,0,18.2,0,16.9,0,8.4,0,15.7,0,63.9,2.7,0
AU2028942,2025-03-24,2025-03,Business Loan,Urban,Haryana,Rejected,2360000.0,Farmer,2.9,0,8.4,0,31.8,0,11.1,0,0.0,0,54.2,2.3,0
AU2028943,2025-04-28,2025-04,Vehicle Finance,Semi-Urban,Haryana,Disbursed,82000.0,Salaried,7.4,0,27.6,1,37.2,0,16.7,1,19.4,0,108.3,4.5,1
AU2028944,2024-04-24,2024-04,MSME Loan,Semi-Urban,Odisha,Disbursed,502000.0,Self-Employed,4.8,0,20.0,0,26.0,0,11.5,0,20.3,0,82.6,3.4,0
AU2028945,2025-04-30,2025-04,MSME Loan,Semi-Urban,Rajasthan,Disbursed,454000.0,Salaried,7.5,0,29.0,1,69.2,1,19.6,1,26.1,1,151.4,6.3,1
AU2028946,2025-04-17,2025-04,Vehicle Finance,Semi-Urban,Rajasthan,Disbursed,258000.0,MSME Owner,9.6,1,35.9,1,46.1,0,16.6,1,18.0,0,126.2,5.3,1
AU2028947,2024-11-27,2024-11,Vehicle Finance,Rural,Karnataka,Under Review,996000.0,Farmer,15.3,1,43.4,1,70.5,1,0.0,0,0.0,0,129.2,5.4,1
AU2028948,2024-11-16,2024-11,Vehicle Finance,Rural,Odisha,Disbursed,50000.0,MSME Owner,9.2,1,27.7,1,67.2,1,17.5,1,27.8,1,149.4,6.2,1
AU2028949,2025-04-09,2025-04,Home Loan,Semi-Urban,Madhya Pradesh,Under Review,50000.0,Self-Employed,8.6,1,35.5,1,46.1,0,0.0,0,0.0,0,90.2,3.8,1
AU2028950,2025-05-13,2025-05,MSME Loan,Semi-Urban,Gujarat,Rejected,370000.0,Salaried,5.6,0,24.8,1,75.4,1,10.6,0,0.0,0,116.4,4.9,1
AU2028951,2024-04-11,2024-04,Personal Loan,Rural,Tamil Nadu,Disbursed,50000.0,Self-Employed,16.4,1,34.7,1,42.8,0,13.3,0,21.6,0,128.8,5.4,1
AU2028952,2024-12-25,2024-12,Personal Loan,Urban,Uttar Pradesh,Disbursed,147000.0,Salaried,2.8,0,23.7,0,26.3,0,10.1,0,15.8,0,78.7,3.3,0
AU2028953,2024-01-26,2024-01,Home Loan,Semi-Urban,Maharashtra,Disbursed,122000.0,Self-Employed,9.6,1,22.2,0,26.2,0,9.1,0,25.1,1,92.2,3.8,1
AU2028954,2024-11-12,2024-11,Business Loan,Rural,Haryana,Disbursed,50000.0,Self-Employed,15.7,1,36.6,1,84.7,1,15.7,0,34.6,1,187.3,7.8,1
AU2028955,2024-11-03,2024-11,Vehicle Finance,Rural,Haryana,Under Review,50000.0,Self-Employed,8.2,1,54.4,1,24.0,0,0.0,0,0.0,0,86.6,3.6,1
AU2028956,2024-03-17,2024-03,Business Loan,Semi-Urban,Uttar Pradesh,Disbursed,336000.0,Self-Employed,6.2,0,12.9,0,62.6,1,16.6,1,19.5,0,117.8,4.9,1
AU2028957,2025-05-05,2025-05,Business Loan,Semi-Urban,Gujarat,Rejected,531000.0,MSME Owner,7.9,0,33.7,1,56.1,1,8.2,0,0.0,0,105.9,4.4,1
AU2028958,2024-03-28,2024-03,Vehicle Finance,Urban,Punjab,Disbursed,1150000.0,Farmer,5.4,0,9.9,0,26.6,0,8.8,0,9.6,0,60.3,2.5,0
AU2028959,2024-03-01,2024-03,Personal Loan,Urban,Odisha,Disbursed,786000.0,MSME Owner,2.6,0,12.2,0,17.2,0,9.7,0,7.9,0,49.6,2.1,0
AU2028960,2025-01-02,2025-01,Personal Loan,Urban,Rajasthan,Disbursed,1308000.0,Salaried,2.2,0,12.1,0,33.3,0,5.4,0,18.0,0,71.0,3.0,0
AU2028961,2024-08-10,2024-08,MSME Loan,Semi-Urban,Karnataka,Rejected,142000.0,Self-Employed,7.4,0,25.9,1,58.1,1,8.7,0,0.0,0,100.1,4.2,1
AU2028962,2025-02-27,2025-02,Home Loan,Urban,Tamil Nadu,Pending Documents,966000.0,Farmer,5.3,0,19.0,0,28.9,0,4.4,0,11.6,0,69.2,2.9,0
AU2028963,2024-03-01,2024-03,MSME Loan,Urban,Tamil Nadu,Disbursed,1061000.0,Self-Employed,3.4,0,14.1,0,39.9,0,9.0,0,11.2,0,77.6,3.2,0
AU2028964,2024-12-31,2024-12,Vehicle Finance,Rural,Madhya Pradesh,Pending Documents,109000.0,Self-Employed,16.8,1,39.2,1,69.9,1,20.8,1,43.9,1,190.6,7.9,1
AU2028965,2024-04-07,2024-04,Personal Loan,Semi-Urban,Madhya Pradesh,Rejected,466000.0,Farmer,7.7,0,16.2,0,44.6,0,14.9,0,0.0,0,83.4,3.5,0
AU2028966,2024-05-27,2024-05,Vehicle Finance,Semi-Urban,Uttar Pradesh,Disbursed,212000.0,Self-Employed,5.3,0,24.3,1,24.7,0,10.7,0,15.0,0,80.0,3.3,1
AU2028967,2024-07-14,2024-07,Personal Loan,Urban,Tamil Nadu,Disbursed,836000.0,Salaried,2.5,0,23.5,0,22.3,0,7.2,0,9.2,0,64.7,2.7,0
AU2028968,2024-08-08,2024-08,Vehicle Finance,Semi-Urban,Maharashtra,Disbursed,1511000.0,Farmer,9.3,1,14.8,0,37.6,0,8.1,0,21.4,0,91.2,3.8,1
AU2028969,2024-11-03,2024-11,Vehicle Finance,Semi-Urban,Madhya Pradesh,Disbursed,107000.0,MSME Owner,8.4,1,13.1,0,40.1,0,18.0,1,11.2,0,90.8,3.8,1
AU2028970,2025-02-25,2025-02,Business Loan,Rural,Madhya Pradesh,Disbursed,275000.0,Farmer,17.4,1,34.1,1,64.6,1,19.8,1,21.1,0,157.0,6.5,1
AU2028971,2025-01-07,2025-01,Business Loan,Rural,Uttar Pradesh,Under Review,2270000.0,Farmer,8.1,1,52.4,1,74.2,1,0.0,0,0.0,0,134.7,5.6,1
AU2028972,2024-08-02,2024-08,MSME Loan,Semi-Urban,Madhya Pradesh,Pending Documents,213000.0,Salaried,4.1,0,26.7,1,54.5,1,14.2,0,19.7,0,119.2,5.0,1
AU2028973,2024-07-28,2024-07,MSME Loan,Urban,Maharashtra,Disbursed,3761000.0,MSME Owner,2.8,0,22.8,0,46.2,0,4.4,0,16.4,0,92.6,3.9,0
AU2028974,2024-01-15,2024-01,MSME Loan,Rural,Maharashtra,Disbursed,66000.0,Self-Employed,17.3,1,52.6,1,97.1,1,18.4,1,46.0,1,231.4,9.6,1
AU2028975,2025-05-14,2025-05,Business Loan,Urban,Uttar Pradesh,Disbursed,314000.0,Self-Employed,2.6,0,23.0,0,42.1,0,11.5,0,13.0,0,92.2,3.8,0
AU2028976,2024-04-30,2024-04,Personal Loan,Urban,Uttar Pradesh,Under Review,302000.0,Salaried,4.8,0,12.6,0,12.9,0,0.0,0,0.0,0,30.3,1.3,0
AU2028977,2024-08-18,2024-08,Vehicle Finance,Rural,Odisha,Rejected,166000.0,Salaried,15.5,1,57.3,1,53.3,1,24.7,1,0.0,0,150.8,6.3,1
AU2028978,2024-07-08,2024-07,MSME Loan,Urban,Madhya Pradesh,Pending Documents,179000.0,Farmer,3.0,0,11.6,0,42.4,0,9.6,0,6.1,0,72.7,3.0,0
AU2028979,2024-12-16,2024-12,Vehicle Finance,Semi-Urban,Odisha,Disbursed,50000.0,Self-Employed,4.9,0,19.8,0,39.4,0,18.5,1,20.6,0,103.2,4.3,1
AU2028980,2024-02-13,2024-02,Personal Loan,Semi-Urban,Tamil Nadu,Under Review,50000.0,Farmer,7.8,0,31.3,1,37.4,0,0.0,0,0.0,0,76.5,3.2,1
AU2028981,2024-08-28,2024-08,Home Loan,Semi-Urban,Rajasthan,Disbursed,3400000.0,Salaried,9.3,1,49.5,1,31.8,0,16.4,1,13.2,0,120.2,5.0,1
AU2028982,2025-03-22,2025-03,Vehicle Finance,Semi-Urban,Maharashtra,Rejected,222000.0,Salaried,4.3,0,34.0,1,18.4,0,11.4,0,0.0,0,68.1,2.8,1
AU2028983,2025-05-13,2025-05,Business Loan,Semi-Urban,Punjab,Disbursed,50000.0,Salaried,4.5,0,15.3,0,49.8,1,18.2,1,11.8,0,99.6,4.1,1
AU2028984,2024-12-17,2024-12,Home Loan,Rural,Haryana,Disbursed,1041000.0,MSME Owner,16.9,1,54.5,1,35.7,0,21.8,1,19.9,0,148.8,6.2,1
AU2028985,2024-12-31,2024-12,Business Loan,Rural,Madhya Pradesh,Disbursed,910000.0,Self-Employed,10.7,1,33.0,1,52.4,1,26.9,1,47.6,1,170.6,7.1,1
AU2028986,2024-12-28,2024-12,Vehicle Finance,Urban,Haryana,Rejected,308000.0,Self-Employed,2.1,0,18.5,0,29.0,0,9.8,0,0.0,0,59.4,2.5,0
AU2028987,2025-01-11,2025-01,Home Loan,Semi-Urban,Haryana,Disbursed,3462000.0,Farmer,7.7,0,43.4,1,28.3,0,19.0,1,19.0,0,117.4,4.9,1
AU2028988,2024-05-11,2024-05,Home Loan,Rural,Odisha,Under Review,86000.0,Farmer,17.8,1,37.1,1,45.6,0,0.0,0,0.0,0,100.5,4.2,1
AU2028989,2024-02-18,2024-02,Personal Loan,Semi-Urban,Gujarat,Pending Documents,439000.0,Salaried,9.5,1,33.6,1,43.7,0,12.5,0,18.8,0,118.1,4.9,1
AU2028990,2024-01-31,2024-01,Business Loan,Rural,Karnataka,Disbursed,213000.0,Self-Employed,17.5,1,44.5,1,90.1,1,13.6,0,44.3,1,210.0,8.8,1
AU2028991,2024-06-19,2024-06,Vehicle Finance,Rural,Rajasthan,Disbursed,175000.0,MSME Owner,12.7,1,29.1,1,37.1,0,13.2,0,31.2,1,123.3,5.1,1
AU2028992,2024-08-29,2024-08,Vehicle Finance,Urban,Madhya Pradesh,Disbursed,2153000.0,Salaried,4.1,0,13.8,0,18.9,0,8.7,0,7.8,0,53.3,2.2,0
AU2028993,2024-11-06,2024-11,MSME Loan,Rural,Punjab,Rejected,50000.0,Salaried,14.3,1,45.7,1,65.1,1,17.2,1,0.0,0,142.3,5.9,1
AU2028994,2024-12-29,2024-12,Personal Loan,Semi-Urban,Odisha,Under Review,97000.0,Salaried,6.4,0,17.6,0,27.7,0,0.0,0,0.0,0,51.7,2.2,0
AU2028995,2024-01-03,2024-01,Vehicle Finance,Rural,Rajasthan,Rejected,197000.0,Salaried,15.5,1,30.5,1,50.8,1,13.4,0,0.0,0,110.2,4.6,1
AU2028996,2024-09-15,2024-09,Vehicle Finance,Urban,Uttar Pradesh,Disbursed,973000.0,Salaried,4.0,0,20.4,0,16.9,0,10.4,0,16.0,0,67.7,2.8,0
AU2028997,2024-07-14,2024-07,MSME Loan,Semi-Urban,Odisha,Disbursed,124000.0,MSME Owner,4.3,0,13.0,0,42.1,0,16.8,1,12.1,0,88.3,3.7,1
AU2028998,2025-05-15,2025-05,Vehicle Finance,Urban,Uttar Pradesh,Rejected,89000.0,Salaried,2.9,0,10.6,0,23.2,0,11.6,0,0.0,0,48.3,2.0,0
AU2028999,2024-12-09,2024-12,MSME Loan,Rural,Haryana,Disbursed,237000.0,Salaried,17.3,1,49.2,1,111.6,1,23.7,1,41.3,1,243.1,10.1,1
